{
"type": "FeatureCollection",
"name": "UGA_CDMX",
"crs": { "type": "name", "properties": { "name": "urn:ogc:def:crs:OGC:1.3:CRS84" } },
"features": [
{ "type": "Feature", "properties": { "alcaldia": "MLP", "clave": "MLP-318", "n": "318" }, "geometry": { "type": "Polygon", "coordinates": [ [ [ -99.084350863281287, 19.053082856755385 ], [ -99.087301623185041, 19.057937263818186 ], [ -99.093198233220804, 19.05793438000028 ], [ -99.096143740179926, 19.053077090699322 ], [ -99.093192810318627, 19.048222823148667 ], [ -99.08729654338633, 19.048225705386912 ], [ -99.084350863281287, 19.053082856755385 ] ] ] } },
{ "type": "Feature", "properties": { "alcaldia": "MLP", "clave": "MLP-001", "n": "001" }, "geometry": { "type": "Polygon", "coordinates": [ [ [ -99.066661540656682, 19.05309009309126 ], [ -99.06961178718619, 19.057944784763809 ], [ -99.075508400098258, 19.057942466200082 ], [ -99.078454423307193, 19.053085457233912 ], [ -99.075504006507302, 19.048230904919102 ], [ -99.069607736699467, 19.04823322221279 ], [ -99.066661540656682, 19.05309009309126 ] ] ] } },
{ "type": "Feature", "properties": { "alcaldia": "MLP", "clave": "MLP-002", "n": "002" }, "geometry": { "type": "Polygon", "coordinates": [ [ [ -99.057815194694214, 19.048237291854765 ], [ -99.060765098119163, 19.053092128469853 ], [ -99.066661540656682, 19.05309009309126 ], [ -99.069607736699467, 19.04823322221279 ], [ -99.066657662899644, 19.04337852484008 ], [ -99.060761563362533, 19.043380559103518 ], [ -99.057815194694214, 19.048237291854765 ] ] ] } },
{ "type": "Feature", "properties": { "alcaldia": "MLP", "clave": "MLP-003", "n": "003" }, "geometry": { "type": "Polygon", "coordinates": [ [ [ -99.04897221096671, 19.053095634126368 ], [ -99.051921943808466, 19.057950609944719 ], [ -99.057818558971832, 19.057948856636234 ], [ -99.060765098119163, 19.053092128469853 ], [ -99.057815194694214, 19.048237291854765 ], [ -99.051918922635693, 19.048239044202845 ], [ -99.04897221096671, 19.053095634126368 ] ] ] } },
{ "type": "Feature", "properties": { "alcaldia": "MLP", "clave": "MLP-004", "n": "004" }, "geometry": { "type": "Polygon", "coordinates": [ [ [ -99.119736448813825, 19.06277484155553 ], [ -99.122688408295176, 19.067628671839771 ], [ -99.128585354012984, 19.067624655318532 ], [ -99.131529996870228, 19.06276681071234 ], [ -99.128577867953737, 19.057913120325214 ], [ -99.122681265545708, 19.05791713464728 ], [ -99.119736448813825, 19.06277484155553 ] ] ] } },
{ "type": "Feature", "properties": { "alcaldia": "MLP", "clave": "MLP-005", "n": "005" }, "geometry": { "type": "Polygon", "coordinates": [ [ [ -99.110888056464333, 19.057924598040497 ], [ -99.113839672635336, 19.062778574274297 ], [ -99.119736448813825, 19.06277484155553 ], [ -99.122681265545708, 19.05791713464728 ], [ -99.119729479834803, 19.053063298195362 ], [ -99.113833046862496, 19.053067028869908 ], [ -99.110888056464333, 19.057924598040497 ] ] ] } },
{ "type": "Feature", "properties": { "alcaldia": "MLP", "clave": "MLP-006", "n": "006" }, "geometry": { "type": "Polygon", "coordinates": [ [ [ -99.10204611632507, 19.062785474305262 ], [ -99.10499756274784, 19.067639590281949 ], [ -99.11089451259312, 19.067636139321667 ], [ -99.113839672635336, 19.062778574274297 ], [ -99.110888056464333, 19.057924598040497 ], [ -99.104991449929926, 19.057928047111272 ], [ -99.10204611632507, 19.062785474305262 ] ] ] } },
{ "type": "Feature", "properties": { "alcaldia": "MLP", "clave": "MLP-007", "n": "007" }, "geometry": { "type": "Polygon", "coordinates": [ [ [ -99.093198233220804, 19.05793438000028 ], [ -99.096149336332203, 19.062788641617097 ], [ -99.10204611632507, 19.062785474305262 ], [ -99.104991449929926, 19.057928047111272 ], [ -99.102040176965616, 19.053073925122064 ], [ -99.096143740179926, 19.053077090699322 ], [ -99.093198233220804, 19.05793438000028 ] ] ] } },
{ "type": "Feature", "properties": { "alcaldia": "MLP", "clave": "MLP-008", "n": "008" }, "geometry": { "type": "Polygon", "coordinates": [ [ [ -99.084355773018302, 19.06279441083268 ], [ -99.087306706068404, 19.067648812038058 ], [ -99.093203659415991, 19.067645926640306 ], [ -99.096149336332203, 19.062788641617097 ], [ -99.093198233220804, 19.05793438000028 ], [ -99.087301623185041, 19.057937263818186 ], [ -99.084355773018302, 19.06279441083268 ] ] ] } },
{ "type": "Feature", "properties": { "alcaldia": "MLP", "clave": "MLP-009", "n": "009" }, "geometry": { "type": "Polygon", "coordinates": [ [ [ -99.075508400098258, 19.057942466200082 ], [ -99.078458989836165, 19.062797012736134 ], [ -99.084355773018302, 19.06279441083268 ], [ -99.087301623185041, 19.057937263818186 ], [ -99.084350863281287, 19.053082856755385 ], [ -99.078454423307193, 19.053085457233912 ], [ -99.075508400098258, 19.057942466200082 ] ] ] } },
{ "type": "Feature", "properties": { "alcaldia": "MLP", "clave": "MLP-010", "n": "010" }, "geometry": { "type": "Polygon", "coordinates": [ [ [ -99.066665420768857, 19.0628016511337 ], [ -99.069615840132542, 19.067656337103891 ], [ -99.075512796357202, 19.067654017269984 ], [ -99.078458989836165, 19.062797012736134 ], [ -99.075508400098258, 19.057942466200082 ], [ -99.06961178718619, 19.057944784763809 ], [ -99.066665420768857, 19.0628016511337 ] ] ] } },
{ "type": "Feature", "properties": { "alcaldia": "MLP", "clave": "MLP-011", "n": "011" }, "geometry": { "type": "Polygon", "coordinates": [ [ [ -99.057818558971832, 19.057948856636234 ], [ -99.060768635022612, 19.062803687627586 ], [ -99.066665420768857, 19.0628016511337 ], [ -99.06961178718619, 19.057944784763809 ], [ -99.066661540656682, 19.05309009309126 ], [ -99.060765098119163, 19.053092128469853 ], [ -99.057818558971832, 19.057948856636234 ] ] ] } },
{ "type": "Feature", "properties": { "alcaldia": "MLP", "clave": "MLP-012", "n": "012" }, "geometry": { "type": "Polygon", "coordinates": [ [ [ -99.048975061452154, 19.062807195205028 ], [ -99.051924966815804, 19.067662165476019 ], [ -99.057821925292373, 19.067660411207012 ], [ -99.060768635022612, 19.062803687627586 ], [ -99.057818558971832, 19.057948856636234 ], [ -99.051921943808466, 19.057950609944719 ], [ -99.048975061452154, 19.062807195205028 ] ] ] } },
{ "type": "Feature", "properties": { "alcaldia": "MLP", "clave": "MLP-013", "n": "013" }, "geometry": { "type": "Polygon", "coordinates": [ [ [ -99.119743422023973, 19.072486374700979 ], [ -99.122695555380545, 19.077340198815207 ], [ -99.12859284461652, 19.077336180094555 ], [ -99.131537656908307, 19.072478339459202 ], [ -99.128585354012984, 19.067624655318532 ], [ -99.122688408295176, 19.067628671839771 ], [ -99.119743422023973, 19.072486374700979 ] ] ] } },
{ "type": "Feature", "properties": { "alcaldia": "MLP", "clave": "MLP-014", "n": "014" }, "geometry": { "type": "Polygon", "coordinates": [ [ [ -99.11089451259312, 19.067636139321667 ], [ -99.113846302430957, 19.072490109464212 ], [ -99.119743422023973, 19.072486374700979 ], [ -99.122688408295176, 19.067628671839771 ], [ -99.119736448813825, 19.06277484155553 ], [ -99.113839672635336, 19.062778574274297 ], [ -99.11089451259312, 19.067636139321667 ] ] ] } },
{ "type": "Feature", "properties": { "alcaldia": "MLP", "clave": "MLP-015", "n": "015" }, "geometry": { "type": "Polygon", "coordinates": [ [ [ -99.102052059290543, 19.072497013274397 ], [ -99.105003679276422, 19.077351123236248 ], [ -99.110900972641005, 19.077347670386242 ], [ -99.113846302430957, 19.072490109464212 ], [ -99.11089451259312, 19.067636139321667 ], [ -99.10499756274784, 19.067639590281949 ], [ -99.102052059290543, 19.072497013274397 ] ] ] } },
{ "type": "Feature", "properties": { "alcaldia": "MLP", "clave": "MLP-016", "n": "016" }, "geometry": { "type": "Polygon", "coordinates": [ [ [ -99.093203659415991, 19.067645926640306 ], [ -99.096154935882112, 19.072500182321008 ], [ -99.102052059290543, 19.072497013274397 ], [ -99.10499756274784, 19.067639590281949 ], [ -99.10204611632507, 19.062785474305262 ], [ -99.096149336332203, 19.062788641617097 ], [ -99.093203659415991, 19.067645926640306 ] ] ] } },
{ "type": "Feature", "properties": { "alcaldia": "MLP", "clave": "MLP-017", "n": "017" }, "geometry": { "type": "Polygon", "coordinates": [ [ [ -99.084360685736186, 19.072505954696453 ], [ -99.087311792037255, 19.077360350042131 ], [ -99.093209088905056, 19.077357463064352 ], [ -99.096154935882112, 19.072500182321008 ], [ -99.093203659415991, 19.067645926640306 ], [ -99.087306706068404, 19.067648812038058 ], [ -99.084360685736186, 19.072505954696453 ] ] ] } },
{ "type": "Feature", "properties": { "alcaldia": "MLP", "clave": "MLP-018", "n": "018" }, "geometry": { "type": "Polygon", "coordinates": [ [ [ -99.075512796357202, 19.067654017269984 ], [ -99.07846355913766, 19.072508558025003 ], [ -99.084360685736186, 19.072505954696453 ], [ -99.087306706068404, 19.067648812038058 ], [ -99.084355773018302, 19.06279441083268 ], [ -99.078458989836165, 19.062797012736134 ], [ -99.075512796357202, 19.067654017269984 ] ] ] } },
{ "type": "Feature", "properties": { "alcaldia": "MLP", "clave": "MLP-019", "n": "019" }, "geometry": { "type": "Polygon", "coordinates": [ [ [ -99.066669303236779, 19.072513198963076 ], [ -99.069619895539162, 19.077367879228635 ], [ -99.075517195284817, 19.077365558124402 ], [ -99.07846355913766, 19.072508558025003 ], [ -99.075512796357202, 19.067654017269984 ], [ -99.069615840132542, 19.067656337103891 ], [ -99.066669303236779, 19.072513198963076 ] ] ] } },
{ "type": "Feature", "properties": { "alcaldia": "MLP", "clave": "MLP-020", "n": "020" }, "geometry": { "type": "Polygon", "coordinates": [ [ [ -99.057821925292373, 19.067660411207012 ], [ -99.060772174073435, 19.072515236572375 ], [ -99.066669303236779, 19.072513198963076 ], [ -99.069615840132542, 19.067656337103891 ], [ -99.066665420768857, 19.0628016511337 ], [ -99.060768635022612, 19.062803687627586 ], [ -99.057821925292373, 19.067660411207012 ] ] ] } },
{ "type": "Feature", "properties": { "alcaldia": "MLP", "clave": "MLP-021", "n": "021" }, "geometry": { "type": "Polygon", "coordinates": [ [ [ -99.048977913668224, 19.072518746070958 ], [ -99.051927991658232, 19.077373710792333 ], [ -99.057825293656379, 19.077371955562704 ], [ -99.060772174073435, 19.072515236572375 ], [ -99.057821925292373, 19.067660411207012 ], [ -99.051924966815804, 19.067662165476019 ], [ -99.048977913668224, 19.072518746070958 ] ] ] } },
{ "type": "Feature", "properties": { "alcaldia": "MLP", "clave": "MLP-022", "n": "022" }, "geometry": { "type": "Polygon", "coordinates": [ [ [ -99.040131048097123, 19.06766510844847 ], [ -99.043080782565326, 19.072520217960072 ], [ -99.048977913668224, 19.072518746070958 ], [ -99.051924966815804, 19.067662165476019 ], [ -99.048975061452154, 19.062807195205028 ], [ -99.043078273766866, 19.062808666288412 ], [ -99.040131048097123, 19.06766510844847 ] ] ] } },
{ "type": "Feature", "properties": { "alcaldia": "MLP", "clave": "MLP-023", "n": "023" }, "geometry": { "type": "Polygon", "coordinates": [ [ [ -99.12859284461652, 19.077336180094555 ], [ -99.131545321595482, 19.082189857986442 ], [ -99.137442780369597, 19.082185555153902 ], [ -99.140387418473509, 19.077327576783997 ], [ -99.137434772060644, 19.07247403898106 ], [ -99.131537656908307, 19.072478339459202 ], [ -99.12859284461652, 19.077336180094555 ] ] ] } },
{ "type": "Feature", "properties": { "alcaldia": "MLP", "clave": "MLP-024", "n": "024" }, "geometry": { "type": "Polygon", "coordinates": [ [ [ -99.119750399466383, 19.082197897627303 ], [ -99.122702706802968, 19.087051715569235 ], [ -99.128600339765569, 19.087047694648913 ], [ -99.131545321595482, 19.082189857986442 ], [ -99.12859284461652, 19.077336180094555 ], [ -99.122695555380545, 19.077340198815207 ], [ -99.119750399466383, 19.082197897627303 ] ] ] } },
{ "type": "Feature", "properties": { "alcaldia": "MLP", "clave": "MLP-025", "n": "025" }, "geometry": { "type": "Polygon", "coordinates": [ [ [ -99.110900972641005, 19.077347670386242 ], [ -99.113852936250382, 19.082201634435219 ], [ -99.119750399466383, 19.082197897627303 ], [ -99.122695555380545, 19.077340198815207 ], [ -99.119743422023973, 19.072486374700979 ], [ -99.113846302430957, 19.072490109464212 ], [ -99.110900972641005, 19.077347670386242 ] ] ] } },
{ "type": "Feature", "properties": { "alcaldia": "MLP", "clave": "MLP-026", "n": "026" }, "geometry": { "type": "Polygon", "coordinates": [ [ [ -99.102058005862986, 19.082208542025054 ], [ -99.105009799516708, 19.087062645969805 ], [ -99.110907436609025, 19.087059191229869 ], [ -99.113852936250382, 19.082201634435219 ], [ -99.110900972641005, 19.077347670386242 ], [ -99.105003679276422, 19.077351123236248 ], [ -99.102058005862986, 19.082208542025054 ] ] ] } },
{ "type": "Feature", "properties": { "alcaldia": "MLP", "clave": "MLP-027", "n": "027" }, "geometry": { "type": "Polygon", "coordinates": [ [ [ -99.093209088905056, 19.077357463064352 ], [ -99.096160538830574, 19.08221171280664 ], [ -99.102058005862986, 19.082208542025054 ], [ -99.105003679276422, 19.077351123236248 ], [ -99.102052059290543, 19.072497013274397 ], [ -99.096154935882112, 19.072500182321008 ], [ -99.093209088905056, 19.077357463064352 ] ] ] } },
{ "type": "Feature", "properties": { "alcaldia": "MLP", "clave": "MLP-028", "n": "028" }, "geometry": { "type": "Polygon", "coordinates": [ [ [ -99.084365601435763, 19.082217488342312 ], [ -99.087316881092434, 19.08707187782602 ], [ -99.093214521688893, 19.08706898926804 ], [ -99.096160538830574, 19.08221171280664 ], [ -99.093209088905056, 19.077357463064352 ], [ -99.087311792037255, 19.077360350042131 ], [ -99.084365601435763, 19.082217488342312 ] ] ] } },
{ "type": "Feature", "properties": { "alcaldia": "MLP", "clave": "MLP-029", "n": "029" }, "geometry": { "type": "Polygon", "coordinates": [ [ [ -99.075517195284817, 19.077365558124402 ], [ -99.078468131212389, 19.082220093096112 ], [ -99.084365601435763, 19.082217488342312 ], [ -99.087311792037255, 19.077360350042131 ], [ -99.084360685736186, 19.072505954696453 ], [ -99.07846355913766, 19.072508558025003 ], [ -99.075517195284817, 19.077365558124402 ] ] ] } },
{ "type": "Feature", "properties": { "alcaldia": "MLP", "clave": "MLP-030", "n": "030" }, "geometry": { "type": "Polygon", "coordinates": [ [ [ -99.066673188061117, 19.082224736574982 ], [ -99.069623953406719, 19.087079411133665 ], [ -99.075521596881813, 19.087077088758964 ], [ -99.078468131212389, 19.082220093096112 ], [ -99.075517195284817, 19.077365558124402 ], [ -99.069619895539162, 19.077367879228635 ], [ -99.066673188061117, 19.082224736574982 ] ] ] } },
{ "type": "Feature", "properties": { "alcaldia": "MLP", "clave": "MLP-031", "n": "031" }, "geometry": { "type": "Polygon", "coordinates": [ [ [ -99.057825293656379, 19.077371955562704 ], [ -99.060775715272229, 19.082226775299812 ], [ -99.066673188061117, 19.082224736574982 ], [ -99.069619895539162, 19.077367879228635 ], [ -99.066669303236779, 19.072513198963076 ], [ -99.060772174073435, 19.072515236572375 ], [ -99.057825293656379, 19.077371955562704 ] ] ] } },
{ "type": "Feature", "properties": { "alcaldia": "MLP", "clave": "MLP-032", "n": "032" }, "geometry": { "type": "Polygon", "coordinates": [ [ [ -99.04898076761539, 19.082230286719756 ], [ -99.051931018336219, 19.087085245889298 ], [ -99.057828664064402, 19.087083489698937 ], [ -99.060775715272229, 19.082226775299812 ], [ -99.057825293656379, 19.077371955562704 ], [ -99.051927991658232, 19.077373710792333 ], [ -99.04898076761539, 19.082230286719756 ] ] ] } },
{ "type": "Feature", "properties": { "alcaldia": "MLP", "clave": "MLP-033", "n": "033" }, "geometry": { "type": "Polygon", "coordinates": [ [ [ -99.040133385895885, 19.077376655376341 ], [ -99.043083292886436, 19.08223175941469 ], [ -99.04898076761539, 19.082230286719756 ], [ -99.051927991658232, 19.077373710792333 ], [ -99.048977913668224, 19.072518746070958 ], [ -99.043080782565326, 19.072520217960072 ], [ -99.040133385895885, 19.077376655376341 ] ] ] } },
{ "type": "Feature", "properties": { "alcaldia": "MLP", "clave": "MLP-034", "n": "034" }, "geometry": { "type": "Polygon", "coordinates": [ [ [ -99.031288341974971, 19.082234138774108 ], [ -99.03423807775755, 19.087089382090262 ], [ -99.040135725113302, 19.087088192085034 ], [ -99.043083292886436, 19.08223175941469 ], [ -99.040133385895885, 19.077376655376341 ], [ -99.034236082270638, 19.07737784473057 ], [ -99.031288341974971, 19.082234138774108 ] ] ] } },
{ "type": "Feature", "properties": { "alcaldia": "MLP", "clave": "MLP-035", "n": "035" }, "geometry": { "type": "Polygon", "coordinates": [ [ [ -99.013595913016246, 19.082236292736283 ], [ -99.016545133547382, 19.087091819734667 ], [ -99.022442781905113, 19.087091195915121 ], [ -99.025390865931442, 19.082235045438477 ], [ -99.022441473879468, 19.077379657563164 ], [ -99.016544169252484, 19.077380281041442 ], [ -99.013595913016246, 19.082236292736283 ] ] ] } },
{ "type": "Feature", "properties": { "alcaldia": "MLP", "clave": "MLP-036", "n": "036" }, "geometry": { "type": "Polygon", "coordinates": [ [ [ -98.995903482615589, 19.082236748605283 ], [ -98.998852187582315, 19.0870925588214 ], [ -99.004749836316492, 19.087092501187826 ], [ -99.00769843628359, 19.082236633369661 ], [ -99.004749559483244, 19.077380962121815 ], [ -98.998852254479914, 19.077381019723855 ], [ -98.995903482615589, 19.082236748605283 ] ] ] } },
{ "type": "Feature", "properties": { "alcaldia": "MLP", "clave": "MLP-037", "n": "037" }, "geometry": { "type": "Polygon", "coordinates": [ [ [ -98.987057644583359, 19.077380569051673 ], [ -98.990006005819268, 19.082236523207527 ], [ -98.995903482615589, 19.082236748605283 ], [ -98.998852254479914, 19.077381019723855 ], [ -98.995903721306206, 19.072525204420714 ], [ -98.990006588136495, 19.072524979146284 ], [ -98.987057644583359, 19.077380569051673 ] ] ] } },
{ "type": "Feature", "properties": { "alcaldia": "MLP", "clave": "MLP-038", "n": "038" }, "geometry": { "type": "Polygon", "coordinates": [ [ [ -98.978211052649399, 19.082235506380918 ], [ -98.981159241738993, 19.087091599350128 ], [ -98.987056890224082, 19.087092107902542 ], [ -98.990006005819268, 19.082236523207527 ], [ -98.987057644583359, 19.077380569051673 ], [ -98.98116033982906, 19.077380060777468 ], [ -98.978211052649399, 19.082235506380918 ] ] ] } },
{ "type": "Feature", "properties": { "alcaldia": "MLP", "clave": "MLP-039", "n": "039" }, "geometry": { "type": "Polygon", "coordinates": [ [ [ -98.969365731055944, 19.077378478352948 ], [ -98.972313576414876, 19.082234714952122 ], [ -98.978211052649399, 19.082235506380918 ], [ -98.98116033982906, 19.077380060777468 ], [ -98.978212322219719, 19.072523962876055 ], [ -98.972315189611649, 19.072523171880306 ], [ -98.969365731055944, 19.077378478352948 ] ] ] } },
{ "type": "Feature", "properties": { "alcaldia": "MLP", "clave": "MLP-040", "n": "040" }, "geometry": { "type": "Polygon", "coordinates": [ [ [ -98.960518624994066, 19.082232566063745 ], [ -98.963466297894058, 19.08708894132128 ], [ -98.969363945504497, 19.087090016059456 ], [ -98.972313576414876, 19.082234714952122 ], [ -98.969365731055944, 19.077378478352948 ], [ -98.963468427176053, 19.077377404202714 ], [ -98.960518624994066, 19.082232566063745 ] ] ] } },
{ "type": "Feature", "properties": { "alcaldia": "TLP", "clave": "TLP-001", "n": "001" }, "geometry": { "type": "Polygon", "coordinates": [ [ [ -99.208224278545558, 19.0918306742673 ], [ -99.211179325219248, 19.096683048290419 ], [ -99.217077272077461, 19.096676192752152 ], [ -99.220019828265393, 19.091816966939689 ], [ -99.21706461341374, 19.086964733813183 ], [ -99.211167010482626, 19.086971585602718 ], [ -99.208224278545558, 19.0918306742673 ] ] ] } },
{ "type": "Feature", "properties": { "alcaldia": "TLP", "clave": "TLP-002", "n": "002" }, "geometry": { "type": "Polygon", "coordinates": [ [ [ -99.190530935733122, 19.091849819450402 ], [ -99.193485469986967, 19.096702481949116 ], [ -99.199383424104468, 19.096696192889237 ], [ -99.202326499969601, 19.091837244769778 ], [ -99.199371797224018, 19.086984723013842 ], [ -99.193474187035548, 19.086991008634762 ], [ -99.190530935733122, 19.091849819450402 ] ] ] } },
{ "type": "Feature", "properties": { "alcaldia": "TLP", "clave": "TLP-003", "n": "003" }, "geometry": { "type": "Polygon", "coordinates": [ [ [ -99.172837572709739, 19.0918672656558 ], [ -99.175791594228187, 19.096720216166862 ], [ -99.181689554979286, 19.096714493588234 ], [ -99.184633150211639, 19.091855823627906 ], [ -99.181678959887748, 19.087003013705708 ], [ -99.175781343067456, 19.08700873315513 ], [ -99.172837572709739, 19.0918672656558 ] ] ] } },
{ "type": "Feature", "properties": { "alcaldia": "TLP", "clave": "TLP-004", "n": "004" }, "geometry": { "type": "Polygon", "coordinates": [ [ [ -99.155144191352221, 19.091883012875538 ], [ -99.158097699819962, 19.096736250935574 ], [ -99.163995666578984, 19.096731094840806 ], [ -99.166939780868347, 19.091872703505601 ], [ -99.163986103281545, 19.087019605880425 ], [ -99.15808848045495, 19.087024759155749 ], [ -99.155144191352221, 19.091883012875538 ] ] ] } },
{ "type": "Feature", "properties": { "alcaldia": "TLP", "clave": "TLP-005", "n": "005" }, "geometry": { "type": "Polygon", "coordinates": [ [ [ -99.146293229281952, 19.087034499530429 ], [ -99.149246393816526, 19.091887884395149 ], [ -99.155144191352221, 19.091883012875538 ], [ -99.15808848045495, 19.087024759155749 ], [ -99.15513514669631, 19.08217151461049 ], [ -99.149237692989516, 19.082176383465697 ], [ -99.146293229281952, 19.087034499530429 ] ] ] } },
{ "type": "Feature", "properties": { "alcaldia": "TLP", "clave": "TLP-006", "n": "006" }, "geometry": { "type": "Polygon", "coordinates": [ [ [ -99.137450793537425, 19.09189706110244 ], [ -99.140403788639404, 19.096750586247918 ], [ -99.146301760780631, 19.096745996639374 ], [ -99.149246393816526, 19.091887884395149 ], [ -99.146293229281952, 19.087034499530429 ], [ -99.140395601074587, 19.087039086629293 ], [ -99.137450793537425, 19.09189706110244 ] ] ] } },
{ "type": "Feature", "properties": { "alcaldia": "MLP", "clave": "MLP-041", "n": "041" }, "geometry": { "type": "Polygon", "coordinates": [ [ [ -99.128600339765569, 19.087047694648913 ], [ -99.131552990933045, 19.09190136628964 ], [ -99.137450793537425, 19.09189706110244 ], [ -99.140395601074587, 19.087039086629293 ], [ -99.137442780369597, 19.082185555153902 ], [ -99.131545321595482, 19.082189857986442 ], [ -99.128600339765569, 19.087047694648913 ] ] ] } },
{ "type": "Feature", "properties": { "alcaldia": "MLP", "clave": "MLP-042", "n": "042" }, "geometry": { "type": "Polygon", "coordinates": [ [ [ -99.119757381142179, 19.091909410330079 ], [ -99.12270986256361, 19.096763222097366 ], [ -99.128607839461353, 19.096759198977132 ], [ -99.131552990933045, 19.09190136628964 ], [ -99.128600339765569, 19.087047694648913 ], [ -99.122702706802968, 19.087051715569235 ], [ -99.119757381142179, 19.091909410330079 ] ] ] } },
{ "type": "Feature", "properties": { "alcaldia": "MLP", "clave": "MLP-043", "n": "043" }, "geometry": { "type": "Polygon", "coordinates": [ [ [ -99.110907436609025, 19.087059191229869 ], [ -99.113859574094732, 19.091913149182908 ], [ -99.119757381142179, 19.091909410330079 ], [ -99.122702706802968, 19.087051715569235 ], [ -99.119750399466383, 19.082197897627303 ], [ -99.113852936250382, 19.082201634435219 ], [ -99.110907436609025, 19.087059191229869 ] ] ] } },
{ "type": "Feature", "properties": { "alcaldia": "MLP", "clave": "MLP-044", "n": "044" }, "geometry": { "type": "Polygon", "coordinates": [ [ [ -99.102063956043366, 19.09192006055283 ], [ -99.105015923469679, 19.096774158478141 ], [ -99.110913904498233, 19.096770701848058 ], [ -99.113859574094732, 19.091913149182908 ], [ -99.110907436609025, 19.087059191229869 ], [ -99.105009799516708, 19.087062645969805 ], [ -99.102063956043366, 19.09192006055283 ] ] ] } },
{ "type": "Feature", "properties": { "alcaldia": "MLP", "clave": "MLP-045", "n": "045" }, "geometry": { "type": "Polygon", "coordinates": [ [ [ -99.093214521688893, 19.08706898926804 ], [ -99.096166145178472, 19.091923233069576 ], [ -99.102063956043366, 19.09192006055283 ], [ -99.105009799516708, 19.087062645969805 ], [ -99.102058005862986, 19.082208542025054 ], [ -99.096160538830574, 19.08221171280664 ], [ -99.093214521688893, 19.08706898926804 ] ] ] } },
{ "type": "Feature", "properties": { "alcaldia": "MLP", "clave": "MLP-046", "n": "046" }, "geometry": { "type": "Polygon", "coordinates": [ [ [ -99.08437052011783, 19.091929011765828 ], [ -99.087321973234722, 19.096783395385266 ], [ -99.093219957768383, 19.096780505246905 ], [ -99.096166145178472, 19.091923233069576 ], [ -99.093214521688893, 19.08706898926804 ], [ -99.087316881092434, 19.08707187782602 ], [ -99.08437052011783, 19.091929011765828 ] ] ] } },
{ "type": "Feature", "properties": { "alcaldia": "MLP", "clave": "MLP-047", "n": "047" }, "geometry": { "type": "Polygon", "coordinates": [ [ [ -99.075521596881813, 19.087077088758964 ], [ -99.078472706061106, 19.091931617945043 ], [ -99.08437052011783, 19.091929011765828 ], [ -99.087316881092434, 19.08707187782602 ], [ -99.084365601435763, 19.082217488342312 ], [ -99.078468131212389, 19.082220093096112 ], [ -99.075521596881813, 19.087077088758964 ] ] ] } },
{ "type": "Feature", "properties": { "alcaldia": "MLP", "clave": "MLP-048", "n": "048" }, "geometry": { "type": "Polygon", "coordinates": [ [ [ -99.066677075242453, 19.091936263964993 ], [ -99.06962801373588, 19.096790932814503 ], [ -99.07552600114893, 19.096788609169192 ], [ -99.078472706061106, 19.091931617945043 ], [ -99.075521596881813, 19.087077088758964 ], [ -99.069623953406719, 19.087079411133665 ], [ -99.066677075242453, 19.091936263964993 ] ] ] } },
{ "type": "Feature", "properties": { "alcaldia": "MLP", "clave": "MLP-049", "n": "049" }, "geometry": { "type": "Polygon", "coordinates": [ [ [ -99.057828664064402, 19.087083489698937 ], [ -99.060779258619547, 19.091938303805485 ], [ -99.066677075242453, 19.091936263964993 ], [ -99.069623953406719, 19.087079411133665 ], [ -99.066673188061117, 19.082224736574982 ], [ -99.060775715272229, 19.082226775299812 ], [ -99.057828664064402, 19.087083489698937 ] ] ] } },
{ "type": "Feature", "properties": { "alcaldia": "MLP", "clave": "MLP-050", "n": "050" }, "geometry": { "type": "Polygon", "coordinates": [ [ [ -99.04898362329412, 19.091941817147006 ], [ -99.051934046850249, 19.096796770762435 ], [ -99.057832036516999, 19.096795013611228 ], [ -99.060779258619547, 19.091938303805485 ], [ -99.057828664064402, 19.087083489698937 ], [ -99.051931018336219, 19.087085245889298 ], [ -99.04898362329412, 19.091941817147006 ] ] ] } },
{ "type": "Feature", "properties": { "alcaldia": "MLP", "clave": "MLP-051", "n": "051" }, "geometry": { "type": "Polygon", "coordinates": [ [ [ -99.040135725113302, 19.087088192085034 ], [ -99.043085804730651, 19.091943290647851 ], [ -99.04898362329412, 19.091941817147006 ], [ -99.051931018336219, 19.087085245889298 ], [ -99.04898076761539, 19.082230286719756 ], [ -99.043083292886436, 19.08223175941469 ], [ -99.040135725113302, 19.087088192085034 ] ] ] } },
{ "type": "Feature", "properties": { "alcaldia": "MLP", "clave": "MLP-052", "n": "052" }, "geometry": { "type": "Polygon", "coordinates": [ [ [ -99.031290166149702, 19.09194567130934 ], [ -99.034240074454985, 19.096800909226385 ], [ -99.04013806574973, 19.096799718570086 ], [ -99.043085804730651, 19.091943290647851 ], [ -99.040135725113302, 19.087088192085034 ], [ -99.03423807775755, 19.087089382090262 ], [ -99.031290166149702, 19.09194567130934 ] ] ] } },
{ "type": "Feature", "properties": { "alcaldia": "MLP", "clave": "MLP-053", "n": "053" }, "geometry": { "type": "Polygon", "coordinates": [ [ [ -99.022442781905113, 19.087091195915121 ], [ -99.025392346271289, 19.091946578469866 ], [ -99.031290166149702, 19.09194567130934 ], [ -99.03423807775755, 19.087089382090262 ], [ -99.031288341974971, 19.082234138774108 ], [ -99.025390865931442, 19.082235045438477 ], [ -99.022442781905113, 19.087091195915121 ] ] ] } },
{ "type": "Feature", "properties": { "alcaldia": "MLP", "clave": "MLP-054", "n": "054" }, "geometry": { "type": "Polygon", "coordinates": [ [ [ -99.013596705686084, 19.091947826450237 ], [ -99.016546098427241, 19.096803348204464 ], [ -99.02244409072425, 19.09680272404362 ], [ -99.025392346271289, 19.091946578469866 ], [ -99.022442781905113, 19.087091195915121 ], [ -99.016545133547382, 19.087091819734667 ], [ -99.013596705686084, 19.091947826450237 ] ] ] } },
{ "type": "Feature", "properties": { "alcaldia": "MLP", "clave": "MLP-055", "n": "055" }, "geometry": { "type": "Polygon", "coordinates": [ [ [ -99.004749836316492, 19.087092501187826 ], [ -99.007698885118344, 19.091948167270026 ], [ -99.013596705686084, 19.091947826450237 ], [ -99.016545133547382, 19.087091819734667 ], [ -99.013595913016246, 19.082236292736283 ], [ -99.00769843628359, 19.082236633369661 ], [ -99.004749836316492, 19.087092501187826 ] ] ] } },
{ "type": "Feature", "properties": { "alcaldia": "MLP", "clave": "MLP-056", "n": "056" }, "geometry": { "type": "Polygon", "coordinates": [ [ [ -98.995903243780162, 19.091948282568712 ], [ -98.998852120644145, 19.096804087695563 ], [ -99.004750113317684, 19.096804030030455 ], [ -99.007698885118344, 19.091948167270026 ], [ -99.004749836316492, 19.087092501187826 ], [ -98.998852187582315, 19.0870925588214 ], [ -98.995903243780162, 19.091948282568712 ] ] ] } },
{ "type": "Feature", "properties": { "alcaldia": "MLP", "clave": "MLP-057", "n": "057" }, "geometry": { "type": "Polygon", "coordinates": [ [ [ -98.987056890224082, 19.087092107902542 ], [ -98.99000542314873, 19.091948057047603 ], [ -98.995903243780162, 19.091948282568712 ], [ -98.998852187582315, 19.0870925588214 ], [ -98.995903482615589, 19.082236748605283 ], [ -98.990006005819268, 19.082236523207527 ], [ -98.987056890224082, 19.087092107902542 ] ] ] } },
{ "type": "Feature", "properties": { "alcaldia": "MLP", "clave": "MLP-058", "n": "058" }, "geometry": { "type": "Polygon", "coordinates": [ [ [ -98.978209782308795, 19.09194703966455 ], [ -98.981158142982807, 19.096803127699353 ], [ -98.987056135407187, 19.096803636530002 ], [ -98.99000542314873, 19.091948057047603 ], [ -98.987056890224082, 19.087092107902542 ], [ -98.981159241738993, 19.087091599350128 ], [ -98.978209782308795, 19.09194703966455 ] ] ] } },
{ "type": "Feature", "properties": { "alcaldia": "MLP", "clave": "MLP-059", "n": "059" }, "geometry": { "type": "Polygon", "coordinates": [ [ [ -98.969363945504497, 19.087090016059456 ], [ -98.972311962239331, 19.091946247802657 ], [ -98.978209782308795, 19.09194703966455 ], [ -98.981159241738993, 19.087091599350128 ], [ -98.978211052649399, 19.082235506380918 ], [ -98.972313576414876, 19.082234714952122 ], [ -98.969363945504497, 19.087090016059456 ] ] ] } },
{ "type": "Feature", "properties": { "alcaldia": "MLP", "clave": "MLP-060", "n": "060" }, "geometry": { "type": "Polygon", "coordinates": [ [ [ -98.960516323148923, 19.091944097738327 ], [ -98.963464167320396, 19.096800468216255 ], [ -98.969362158869899, 19.096801543542437 ], [ -98.972311962239331, 19.091946247802657 ], [ -98.969363945504497, 19.087090016059456 ], [ -98.963466297894058, 19.08708894132128 ], [ -98.960516323148923, 19.091944097738327 ] ] ] } },
{ "type": "Feature", "properties": { "alcaldia": "TLP", "clave": "TLP-007", "n": "007" }, "geometry": { "type": "Polygon", "coordinates": [ [ [ -99.225930777817666, 19.101521278119968 ], [ -99.228886512657326, 19.106373356094945 ], [ -99.234784795764085, 19.106365930022481 ], [ -99.237726999828141, 19.101506430034192 ], [ -99.234771097021181, 19.096654493186122 ], [ -99.228873158047946, 19.096661915199647 ], [ -99.225930777817666, 19.101521278119968 ] ] ] } },
{ "type": "Feature", "properties": { "alcaldia": "TLP", "clave": "TLP-008", "n": "008" }, "geometry": { "type": "Polygon", "coordinates": [ [ [ -99.217077272077461, 19.096676192752152 ], [ -99.220032662782486, 19.101528418848233 ], [ -99.225930777817666, 19.101521278119968 ], [ -99.228873158047946, 19.096661915199647 ], [ -99.225917599270232, 19.091809830115245 ], [ -99.220019828265393, 19.091816966939689 ], [ -99.217077272077461, 19.096676192752152 ] ] ] } },
{ "type": "Feature", "properties": { "alcaldia": "TLP", "clave": "TLP-009", "n": "009" }, "geometry": { "type": "Polygon", "coordinates": [ [ [ -99.208236424999939, 19.101542133673725 ], [ -99.211191647423732, 19.106394500742955 ], [ -99.217089938417601, 19.106387641455541 ], [ -99.220032662782486, 19.101528418848233 ], [ -99.217077272077461, 19.096676192752152 ], [ -99.211179325219248, 19.096683048290419 ], [ -99.208236424999939, 19.101542133673725 ] ] ] } },
{ "type": "Feature", "properties": { "alcaldia": "TLP", "clave": "TLP-010", "n": "010" }, "geometry": { "type": "Polygon", "coordinates": [ [ [ -99.199383424104468, 19.096696192889237 ], [ -99.20233830239161, 19.101548707770245 ], [ -99.208236424999939, 19.101542133673725 ], [ -99.211179325219248, 19.096683048290419 ], [ -99.208224278545558, 19.0918306742673 ], [ -99.202326499969601, 19.091837244769778 ], [ -99.199383424104468, 19.096696192889237 ] ] ] } },
{ "type": "Feature", "properties": { "alcaldia": "TLP", "clave": "TLP-011", "n": "011" }, "geometry": { "type": "Polygon", "coordinates": [ [ [ -99.19054205008851, 19.101561289329187 ], [ -99.193496759780558, 19.106413945029509 ], [ -99.199395058035662, 19.106407652530276 ], [ -99.20233830239161, 19.101548707770245 ], [ -99.199383424104468, 19.096696192889237 ], [ -99.193485469986967, 19.096702481949116 ], [ -99.19054205008851, 19.101561289329187 ] ] ] } },
{ "type": "Feature", "properties": { "alcaldia": "TLP", "clave": "TLP-012", "n": "012" }, "geometry": { "type": "Polygon", "coordinates": [ [ [ -99.181689554979286, 19.096714493588234 ], [ -99.184643920532821, 19.101567296790968 ], [ -99.19054205008851, 19.101561289329187 ], [ -99.193485469986967, 19.096702481949116 ], [ -99.190530935733122, 19.091849819450402 ], [ -99.184633150211639, 19.091855823627906 ], [ -99.181689554979286, 19.096714493588234 ] ] ] } },
{ "type": "Feature", "properties": { "alcaldia": "TLP", "clave": "TLP-013", "n": "013" }, "geometry": { "type": "Polygon", "coordinates": [ [ [ -99.172847654960734, 19.101578745077617 ], [ -99.175801851605371, 19.10643168894573 ], [ -99.181700156495864, 19.106425963237541 ], [ -99.184643920532821, 19.101567296790968 ], [ -99.181689554979286, 19.096714493588234 ], [ -99.175791594228187, 19.096720216166862 ], [ -99.172847654960734, 19.101578745077617 ] ] ] } },
{ "type": "Feature", "properties": { "alcaldia": "TLP", "clave": "TLP-014", "n": "014" }, "geometry": { "type": "Polygon", "coordinates": [ [ [ -99.163995666578984, 19.096731094840806 ], [ -99.166949519083417, 19.101584185901917 ], [ -99.172847654960734, 19.101578745077617 ], [ -99.175791594228187, 19.096720216166862 ], [ -99.172837572709739, 19.0918672656558 ], [ -99.166939780868347, 19.091872703505601 ], [ -99.163995666578984, 19.096731094840806 ] ] ] } },
{ "type": "Feature", "properties": { "alcaldia": "TLP", "clave": "TLP-015", "n": "015" }, "geometry": { "type": "Polygon", "coordinates": [ [ [ -99.155153241493906, 19.101594500911055 ], [ -99.158106924775751, 19.106447732483517 ], [ -99.164005235675774, 19.106442573568987 ], [ -99.166949519083417, 19.101584185901917 ], [ -99.163995666578984, 19.096731094840806 ], [ -99.158097699819962, 19.096736250935574 ], [ -99.155153241493906, 19.101594500911055 ] ] ] } },
{ "type": "Feature", "properties": { "alcaldia": "TLP", "clave": "TLP-016", "n": "016" }, "geometry": { "type": "Polygon", "coordinates": [ [ [ -99.146301760780631, 19.096745996639374 ], [ -99.149255099920765, 19.101599375095383 ], [ -99.155153241493906, 19.101594500911055 ], [ -99.158097699819962, 19.096736250935574 ], [ -99.155144191352221, 19.091883012875538 ], [ -99.149246393816526, 19.091887884395149 ], [ -99.146301760780631, 19.096745996639374 ] ] ] } },
{ "type": "Feature", "properties": { "alcaldia": "MLP", "clave": "MLP-061", "n": "061" }, "geometry": { "type": "Polygon", "coordinates": [ [ [ -99.137458811565367, 19.101608556822306 ], [ -99.140411981169308, 19.106462075635545 ], [ -99.14631029745297, 19.106457483517037 ], [ -99.149255099920765, 19.101599375095383 ], [ -99.146301760780631, 19.096745996639374 ], [ -99.140403788639404, 19.096750586247918 ], [ -99.137458811565367, 19.101608556822306 ] ] ] } },
{ "type": "Feature", "properties": { "alcaldia": "MLP", "clave": "MLP-062", "n": "062" }, "geometry": { "type": "Polygon", "coordinates": [ [ [ -99.128607839461353, 19.096759198977132 ], [ -99.131560664922191, 19.101612864364434 ], [ -99.137458811565367, 19.101608556822306 ], [ -99.140403788639404, 19.096750586247918 ], [ -99.137450793537425, 19.09189706110244 ], [ -99.131552990933045, 19.09190136628964 ], [ -99.128607839461353, 19.096759198977132 ] ] ] } },
{ "type": "Feature", "properties": { "alcaldia": "MLP", "clave": "MLP-063", "n": "063" }, "geometry": { "type": "Polygon", "coordinates": [ [ [ -99.119764367052497, 19.101620912804947 ], [ -99.122717022663622, 19.106474718395269 ], [ -99.128615343705079, 19.106470693074883 ], [ -99.131560664922191, 19.101612864364434 ], [ -99.128607839461353, 19.096759198977132 ], [ -99.12270986256361, 19.096763222097366 ], [ -99.119764367052497, 19.101620912804947 ] ] ] } },
{ "type": "Feature", "properties": { "alcaldia": "MLP", "clave": "MLP-064", "n": "064" }, "geometry": { "type": "Polygon", "coordinates": [ [ [ -99.110913904498233, 19.096770701848058 ], [ -99.113866215965075, 19.10162465370292 ], [ -99.119764367052497, 19.101620912804947 ], [ -99.12270986256361, 19.096763222097366 ], [ -99.119757381142179, 19.091909410330079 ], [ -99.113859574094732, 19.091913149182908 ], [ -99.110913904498233, 19.096770701848058 ] ] ] } },
{ "type": "Feature", "properties": { "alcaldia": "MLP", "clave": "MLP-065", "n": "065" }, "geometry": { "type": "Polygon", "coordinates": [ [ [ -99.10206990983265, 19.10163156885335 ], [ -99.105022051136316, 19.106485660756928 ], [ -99.110920376309679, 19.106482202236485 ], [ -99.113866215965075, 19.10162465370292 ], [ -99.110913904498233, 19.096770701848058 ], [ -99.105015923469679, 19.096774158478141 ], [ -99.10206990983265, 19.10163156885335 ] ] ] } },
{ "type": "Feature", "properties": { "alcaldia": "MLP", "clave": "MLP-066", "n": "066" }, "geometry": { "type": "Polygon", "coordinates": [ [ [ -99.093219957768383, 19.096780505246905 ], [ -99.096171754926729, 19.10163474310545 ], [ -99.10206990983265, 19.10163156885335 ], [ -99.105015923469679, 19.096774158478141 ], [ -99.102063956043366, 19.09192006055283 ], [ -99.096166145178472, 19.091923233069576 ], [ -99.093219957768383, 19.096780505246905 ] ] ] } },
{ "type": "Feature", "properties": { "alcaldia": "MLP", "clave": "MLP-067", "n": "067" }, "geometry": { "type": "Polygon", "coordinates": [ [ [ -99.084375441783166, 19.101640524962647 ], [ -99.087327068464987, 19.106494902715522 ], [ -99.093225397144394, 19.106492010996607 ], [ -99.096171754926729, 19.10163474310545 ], [ -99.093219957768383, 19.096780505246905 ], [ -99.087321973234722, 19.096783395385266 ], [ -99.084375441783166, 19.101640524962647 ] ] ] } },
{ "type": "Feature", "properties": { "alcaldia": "MLP", "clave": "MLP-068", "n": "068" }, "geometry": { "type": "Polygon", "coordinates": [ [ [ -99.07552600114893, 19.096788609169192 ], [ -99.078477283684592, 19.101643132567435 ], [ -99.084375441783166, 19.101640524962647 ], [ -99.087321973234722, 19.096783395385266 ], [ -99.08437052011783, 19.091929011765828 ], [ -99.078472706061106, 19.091931617945043 ], [ -99.07552600114893, 19.096788609169192 ] ] ] } },
{ "type": "Feature", "properties": { "alcaldia": "MLP", "clave": "MLP-069", "n": "069" }, "geometry": { "type": "Polygon", "coordinates": [ [ [ -99.066680964781455, 19.101647781128747 ], [ -99.069632076527284, 19.106502444266834 ], [ -99.075530408086877, 19.106500119350766 ], [ -99.078477283684592, 19.101643132567435 ], [ -99.07552600114893, 19.096788609169192 ], [ -99.06962801373588, 19.096790932814503 ], [ -99.066680964781455, 19.101647781128747 ] ] ] } },
{ "type": "Feature", "properties": { "alcaldia": "MLP", "clave": "MLP-070", "n": "070" }, "geometry": { "type": "Polygon", "coordinates": [ [ [ -99.057832036516999, 19.096795013611228 ], [ -99.060782804115988, 19.101649822085029 ], [ -99.066680964781455, 19.101647781128747 ], [ -99.06962801373588, 19.096790932814503 ], [ -99.066677075242453, 19.091936263964993 ], [ -99.060779258619547, 19.091938303805485 ], [ -99.057832036516999, 19.096795013611228 ] ] ] } },
{ "type": "Feature", "properties": { "alcaldia": "MLP", "clave": "MLP-071", "n": "071" }, "geometry": { "type": "Polygon", "coordinates": [ [ [ -99.048986480704883, 19.101653337348345 ], [ -99.051937077200819, 19.106508285407415 ], [ -99.057835411014722, 19.106506527295259 ], [ -99.060782804115988, 19.101649822085029 ], [ -99.057832036516999, 19.096795013611228 ], [ -99.051934046850249, 19.096796770762435 ], [ -99.048986480704883, 19.101653337348345 ] ] ] } },
{ "type": "Feature", "properties": { "alcaldia": "MLP", "clave": "MLP-072", "n": "072" }, "geometry": { "type": "Polygon", "coordinates": [ [ [ -99.04013806574973, 19.096799718570086 ], [ -99.043088318098327, 19.101654811655191 ], [ -99.048986480704883, 19.101653337348345 ], [ -99.051934046850249, 19.096796770762435 ], [ -99.04898362329412, 19.091941817147006 ], [ -99.043085804730651, 19.091943290647851 ], [ -99.04013806574973, 19.096799718570086 ] ] ] } },
{ "type": "Feature", "properties": { "alcaldia": "MLP", "clave": "MLP-073", "n": "073" }, "geometry": { "type": "Polygon", "coordinates": [ [ [ -99.031291991430834, 19.101657193618895 ], [ -99.034242072363256, 19.106512426134604 ], [ -99.040140407805566, 19.10651123482716 ], [ -99.043088318098327, 19.101654811655191 ], [ -99.04013806574973, 19.096799718570086 ], [ -99.034240074454985, 19.096800909226385 ], [ -99.031291991430834, 19.101657193618895 ] ] ] } },
{ "type": "Feature", "properties": { "alcaldia": "MLP", "clave": "MLP-074", "n": "074" }, "geometry": { "type": "Polygon", "coordinates": [ [ [ -99.02244409072425, 19.09680272404362 ], [ -99.025393827508978, 19.101658101275632 ], [ -99.031291991430834, 19.101657193618895 ], [ -99.034240074454985, 19.096800909226385 ], [ -99.031290166149702, 19.09194567130934 ], [ -99.025392346271289, 19.091946578469866 ], [ -99.02244409072425, 19.09680272404362 ] ] ] } },
{ "type": "Feature", "properties": { "alcaldia": "MLP", "clave": "MLP-075", "n": "075" }, "geometry": { "type": "Polygon", "coordinates": [ [ [ -99.013597498836688, 19.10165934993865 ], [ -99.016547063892219, 19.106514866446513 ], [ -99.022445400337062, 19.106514241944328 ], [ -99.025393827508978, 19.101658101275632 ], [ -99.02244409072425, 19.09680272404362 ], [ -99.016546098427241, 19.096803348204464 ], [ -99.013597498836688, 19.10165934993865 ] ] ] } },
{ "type": "Feature", "properties": { "alcaldia": "MLP", "clave": "MLP-076", "n": "076" }, "geometry": { "type": "Polygon", "coordinates": [ [ [ -99.004750113317684, 19.096804030030455 ], [ -99.007699334225336, 19.101659690944867 ], [ -99.013597498836688, 19.10165934993865 ], [ -99.016546098427241, 19.096803348204464 ], [ -99.013596705686084, 19.091947826450237 ], [ -99.007698885118344, 19.091948167270026 ], [ -99.004750113317684, 19.096804030030455 ] ] ] } },
{ "type": "Feature", "properties": { "alcaldia": "MLP", "clave": "MLP-077", "n": "077" }, "geometry": { "type": "Polygon", "coordinates": [ [ [ -98.995903004799857, 19.101659806306621 ], [ -98.99885205366536, 19.106515606342025 ], [ -99.004750390486848, 19.10651554864538 ], [ -99.007699334225336, 19.101659690944867 ], [ -99.004750113317684, 19.096804030030455 ], [ -98.998852120644145, 19.096804087695563 ], [ -98.995903004799857, 19.101659806306621 ] ] ] } },
{ "type": "Feature", "properties": { "alcaldia": "MLP", "clave": "MLP-078", "n": "078" }, "geometry": { "type": "Polygon", "coordinates": [ [ [ -98.987056135407187, 19.096803636530002 ], [ -98.990004840124797, 19.101659580662155 ], [ -98.995903004799857, 19.101659806306621 ], [ -98.998852120644145, 19.096804087695563 ], [ -98.995903243780162, 19.091948282568712 ], [ -98.99000542314873, 19.091948057047603 ], [ -98.987056135407187, 19.096803636530002 ] ] ] } },
{ "type": "Feature", "properties": { "alcaldia": "MLP", "clave": "MLP-079", "n": "079" }, "geometry": { "type": "Polygon", "coordinates": [ [ [ -98.978208511197707, 19.101658562722594 ], [ -98.981157043560316, 19.106514645820805 ], [ -98.98705538013256, 19.106515154929728 ], [ -98.990004840124797, 19.101659580662155 ], [ -98.987056135407187, 19.096803636530002 ], [ -98.981158142982807, 19.096803127699353 ], [ -98.978208511197707, 19.101658562722594 ] ] ] } },
{ "type": "Feature", "properties": { "alcaldia": "MLP", "clave": "MLP-080", "n": "080" }, "geometry": { "type": "Polygon", "coordinates": [ [ [ -98.969362158869899, 19.096801543542437 ], [ -98.972310347084743, 19.101657770427554 ], [ -98.978208511197707, 19.101658562722594 ], [ -98.981158142982807, 19.096803127699353 ], [ -98.978209782308795, 19.09194703966455 ], [ -98.972311962239331, 19.091946247802657 ], [ -98.969362158869899, 19.096801543542437 ] ] ] } },
{ "type": "Feature", "properties": { "alcaldia": "MLP", "clave": "MLP-081", "n": "081" }, "geometry": { "type": "Polygon", "coordinates": [ [ [ -98.960514019907649, 19.101655619187149 ], [ -98.963462035454697, 19.106511984883291 ], [ -98.969360371151851, 19.10651306079755 ], [ -98.972310347084743, 19.101657770427554 ], [ -98.969362158869899, 19.096801543542437 ], [ -98.963464167320396, 19.096800468216255 ], [ -98.960514019907649, 19.101655619187149 ] ] ] } },
{ "type": "Feature", "properties": { "alcaldia": "MLP", "clave": "MLP-082", "n": "082" }, "geometry": { "type": "Polygon", "coordinates": [ [ [ -98.95166818558296, 19.096797751068713 ], [ -98.954615856982571, 19.101654260241887 ], [ -98.960514019907649, 19.101655619187149 ], [ -98.963464167320396, 19.096800468216255 ], [ -98.960516323148923, 19.091944097738327 ], [ -98.954618504266989, 19.091942739536009 ], [ -98.95166818558296, 19.096797751068713 ] ] ] } },
{ "type": "Feature", "properties": { "alcaldia": "TLP", "clave": "TLP-017", "n": "017" }, "geometry": { "type": "Polygon", "coordinates": [ [ [ -99.243639325914543, 19.111210148111287 ], [ -99.246595749333068, 19.116061929261505 ], [ -99.252494368266767, 19.116053932038167 ], [ -99.255436219372527, 19.111194158034049 ], [ -99.252479628197591, 19.106342518241 ], [ -99.246581353603773, 19.106350511095119 ], [ -99.243639325914543, 19.111210148111287 ] ] ] } },
{ "type": "Feature", "properties": { "alcaldia": "TLP", "clave": "TLP-018", "n": "018" }, "geometry": { "type": "Polygon", "coordinates": [ [ [ -99.234784795764085, 19.106365930022481 ], [ -99.237740874841577, 19.11121785968211 ], [ -99.243639325914543, 19.111210148111287 ], [ -99.246581353603773, 19.106350511095119 ], [ -99.243625106664382, 19.101498722677444 ], [ -99.237726999828141, 19.101506430034192 ], [ -99.234784795764085, 19.106365930022481 ] ] ] } },
{ "type": "Feature", "properties": { "alcaldia": "TLP", "clave": "TLP-019", "n": "019" }, "geometry": { "type": "Polygon", "coordinates": [ [ [ -99.225943964355423, 19.111232715886221 ], [ -99.228899875362401, 19.116084786749351 ], [ -99.234798502811316, 19.116077356617492 ], [ -99.237740874841577, 19.11121785968211 ], [ -99.234784795764085, 19.106365930022481 ], [ -99.228886512657326, 19.106373356094945 ], [ -99.225943964355423, 19.111232715886221 ] ] ] } },
{ "type": "Feature", "properties": { "alcaldia": "TLP", "clave": "TLP-020", "n": "020" }, "geometry": { "type": "Polygon", "coordinates": [ [ [ -99.217089938417601, 19.106387641455541 ], [ -99.22004550508133, 19.111239860518754 ], [ -99.225943964355423, 19.111232715886221 ], [ -99.228886512657326, 19.106373356094945 ], [ -99.225930777817666, 19.101521278119968 ], [ -99.220032662782486, 19.101528418848233 ], [ -99.217089938417601, 19.106387641455541 ] ] ] } },
{ "type": "Feature", "properties": { "alcaldia": "TLP", "clave": "TLP-021", "n": "021" }, "geometry": { "type": "Polygon", "coordinates": [ [ [ -99.208248578818868, 19.111253582842963 ], [ -99.21120397709808, 19.116105942955905 ], [ -99.217102612436207, 19.116099079918918 ], [ -99.22004550508133, 19.111239860518754 ], [ -99.217089938417601, 19.106387641455541 ], [ -99.211191647423732, 19.106394500742955 ], [ -99.208248578818868, 19.111253582842963 ] ] ] } },
{ "type": "Feature", "properties": { "alcaldia": "TLP", "clave": "TLP-022", "n": "022" }, "geometry": { "type": "Polygon", "coordinates": [ [ [ -99.199395058035662, 19.106407652530276 ], [ -99.202350111969594, 19.111260160533934 ], [ -99.208248578818868, 19.111253582842963 ], [ -99.211191647423732, 19.106394500742955 ], [ -99.208236424999939, 19.101542133673725 ], [ -99.20233830239161, 19.101548707770245 ], [ -99.199395058035662, 19.106407652530276 ] ] ] } },
{ "type": "Feature", "properties": { "alcaldia": "TLP", "clave": "TLP-023", "n": "023" }, "geometry": { "type": "Polygon", "coordinates": [ [ [ -99.1905531711827, 19.111272748971974 ], [ -99.193508056418153, 19.11612539787151 ], [ -99.199406699019477, 19.116119101932529 ], [ -99.202350111969594, 19.111260160533934 ], [ -99.199395058035662, 19.106407652530276 ], [ -99.193496759780558, 19.106413945029509 ], [ -99.1905531711827, 19.111272748971974 ] ] ] } },
{ "type": "Feature", "properties": { "alcaldia": "TLP", "clave": "TLP-024", "n": "024" }, "geometry": { "type": "Polygon", "coordinates": [ [ [ -99.181700156495864, 19.106425963237541 ], [ -99.18465469738419, 19.111278759718395 ], [ -99.1905531711827, 19.111272748971974 ], [ -99.193496759780558, 19.106413945029509 ], [ -99.19054205008851, 19.101561289329187 ], [ -99.184643920532821, 19.101567296790968 ], [ -99.181700156495864, 19.106425963237541 ] ] ] } },
{ "type": "Feature", "properties": { "alcaldia": "TLP", "clave": "TLP-025", "n": "025" }, "geometry": { "type": "Polygon", "coordinates": [ [ [ -99.172857743324741, 19.111290214264521 ], [ -99.175812115200713, 19.116143151487289 ], [ -99.181710764439202, 19.116137422649196 ], [ -99.18465469738419, 19.111278759718395 ], [ -99.181700156495864, 19.106425963237541 ], [ -99.175801851605371, 19.10643168894573 ], [ -99.172857743324741, 19.111290214264521 ] ] ] } },
{ "type": "Feature", "properties": { "alcaldia": "TLP", "clave": "TLP-026", "n": "026" }, "geometry": { "type": "Polygon", "coordinates": [ [ [ -99.164005235675774, 19.106442573568987 ], [ -99.166959263202926, 19.111295658063639 ], [ -99.172857743324741, 19.111290214264521 ], [ -99.175801851605371, 19.10643168894573 ], [ -99.172847654960734, 19.101578745077617 ], [ -99.166949519083417, 19.101584185901917 ], [ -99.164005235675774, 19.106442573568987 ] ] ] } },
{ "type": "Feature", "properties": { "alcaldia": "TLP", "clave": "TLP-027", "n": "027" }, "geometry": { "type": "Polygon", "coordinates": [ [ [ -99.155162297122814, 19.111305978712618 ], [ -99.158116155323853, 19.116159203795149 ], [ -99.164014810573462, 19.116154042060543 ], [ -99.166959263202926, 19.111295658063639 ], [ -99.164005235675774, 19.106442573568987 ], [ -99.158106924775751, 19.106447732483517 ], [ -99.155162297122814, 19.111305978712618 ] ] ] } },
{ "type": "Feature", "properties": { "alcaldia": "MLP", "clave": "MLP-083", "n": "083" }, "geometry": { "type": "Polygon", "coordinates": [ [ [ -99.14631029745297, 19.106457483517037 ], [ -99.149263811303641, 19.111310855561953 ], [ -99.155162297122814, 19.111305978712618 ], [ -99.158106924775751, 19.106447732483517 ], [ -99.155153241493906, 19.101594500911055 ], [ -99.149255099920765, 19.101599375095383 ], [ -99.14631029745297, 19.106457483517037 ] ] ] } },
{ "type": "Feature", "properties": { "alcaldia": "MLP", "clave": "MLP-084", "n": "084" }, "geometry": { "type": "Polygon", "coordinates": [ [ [ -99.137466834454784, 19.111320042309082 ], [ -99.140420178665622, 19.116173554787743 ], [ -99.146318839300349, 19.116168960158994 ], [ -99.149263811303641, 19.111310855561953 ], [ -99.14631029745297, 19.106457483517037 ], [ -99.140411981169308, 19.106462075635545 ], [ -99.137466834454784, 19.111320042309082 ] ] ] } },
{ "type": "Feature", "properties": { "alcaldia": "MLP", "clave": "MLP-085", "n": "085" }, "geometry": { "type": "Polygon", "coordinates": [ [ [ -99.128615343705079, 19.106470693074883 ], [ -99.131568343564197, 19.111324352206406 ], [ -99.137466834454784, 19.111320042309082 ], [ -99.140411981169308, 19.106462075635545 ], [ -99.137458811565367, 19.101608556822306 ], [ -99.131560664922191, 19.101612864364434 ], [ -99.128615343705079, 19.106470693074883 ] ] ] } },
{ "type": "Feature", "properties": { "alcaldia": "MLP", "clave": "MLP-086", "n": "086" }, "geometry": { "type": "Polygon", "coordinates": [ [ [ -99.119771357198488, 19.111332405047495 ], [ -99.122724187104183, 19.116186204458533 ], [ -99.128622852497969, 19.11618217693773 ], [ -99.131568343564197, 19.111324352206406 ], [ -99.128615343705079, 19.106470693074883 ], [ -99.122717022663622, 19.106474718395269 ], [ -99.119771357198488, 19.111332405047495 ] ] ] } },
{ "type": "Feature", "properties": { "alcaldia": "MLP", "clave": "MLP-087", "n": "087" }, "geometry": { "type": "Polygon", "coordinates": [ [ [ -99.110920376309679, 19.106482202236485 ], [ -99.113872861862461, 19.111336147990837 ], [ -99.119771357198488, 19.111332405047495 ], [ -99.122717022663622, 19.106474718395269 ], [ -99.119764367052497, 19.101620912804947 ], [ -99.113866215965075, 19.10162465370292 ], [ -99.110920376309679, 19.106482202236485 ] ] ] } },
{ "type": "Feature", "properties": { "alcaldia": "MLP", "clave": "MLP-088", "n": "088" }, "geometry": { "type": "Polygon", "coordinates": [ [ [ -99.102075867231804, 19.111343066922199 ], [ -99.105028182517614, 19.11619715280175 ], [ -99.110926852044415, 19.116193692390731 ], [ -99.113872861862461, 19.111336147990837 ], [ -99.110920376309679, 19.106482202236485 ], [ -99.105022051136316, 19.106485660756928 ], [ -99.102075867231804, 19.111343066922199 ] ] ] } },
{ "type": "Feature", "properties": { "alcaldia": "MLP", "clave": "MLP-089", "n": "089" }, "geometry": { "type": "Polygon", "coordinates": [ [ [ -99.093225397144394, 19.106492010996607 ], [ -99.096177368076283, 19.11134624290986 ], [ -99.102075867231804, 19.111343066922199 ], [ -99.105022051136316, 19.106485660756928 ], [ -99.10206990983265, 19.10163156885335 ], [ -99.096171754926729, 19.10163474310545 ], [ -99.093225397144394, 19.106492010996607 ] ] ] } },
{ "type": "Feature", "properties": { "alcaldia": "MLP", "clave": "MLP-090", "n": "090" }, "geometry": { "type": "Polygon", "coordinates": [ [ [ -99.084380366432597, 19.111352027928344 ], [ -99.087332166784037, 19.116206399812381 ], [ -99.093230839817849, 19.116203506512736 ], [ -99.096177368076283, 19.11134624290986 ], [ -99.093225397144394, 19.106492010996607 ], [ -99.087327068464987, 19.106494902715522 ], [ -99.084380366432597, 19.111352027928344 ] ] ] } },
{ "type": "Feature", "properties": { "alcaldia": "MLP", "clave": "MLP-091", "n": "091" }, "geometry": { "type": "Polygon", "coordinates": [ [ [ -99.075530408086877, 19.106500119350766 ], [ -99.078481864083528, 19.111354636958872 ], [ -99.084380366432597, 19.111352027928344 ], [ -99.087327068464987, 19.106494902715522 ], [ -99.084375441783166, 19.101640524962647 ], [ -99.078477283684592, 19.101643132567435 ], [ -99.075530408086877, 19.106500119350766 ] ] ] } },
{ "type": "Feature", "properties": { "alcaldia": "MLP", "clave": "MLP-092", "n": "092" }, "geometry": { "type": "Polygon", "coordinates": [ [ [ -99.066684856678734, 19.111359288061831 ], [ -99.069636141781615, 19.116213945486223 ], [ -99.075534817696351, 19.116211619299257 ], [ -99.078481864083528, 19.111354636958872 ], [ -99.075530408086877, 19.106500119350766 ], [ -99.069632076527284, 19.106502444266834 ], [ -99.066684856678734, 19.111359288061831 ] ] ] } },
{ "type": "Feature", "properties": { "alcaldia": "MLP", "clave": "MLP-093", "n": "093" }, "geometry": { "type": "Polygon", "coordinates": [ [ [ -99.057835411014722, 19.106506527295259 ], [ -99.060786351762118, 19.111361330134031 ], [ -99.066684856678734, 19.111359288061831 ], [ -99.069632076527284, 19.106502444266834 ], [ -99.066680964781455, 19.101647781128747 ], [ -99.060782804115988, 19.101649822085029 ], [ -99.057835411014722, 19.106506527295259 ] ] ] } },
{ "type": "Feature", "properties": { "alcaldia": "MLP", "clave": "MLP-094", "n": "094" }, "geometry": { "type": "Polygon", "coordinates": [ [ [ -99.048989339848134, 19.111364847319347 ], [ -99.05194010938844, 19.116219789819819 ], [ -99.057838787558097, 19.116218030746602 ], [ -99.060786351762118, 19.111361330134031 ], [ -99.057835411014722, 19.106506527295259 ], [ -99.051937077200819, 19.106508285407415 ], [ -99.048989339848134, 19.111364847319347 ] ] ] } },
{ "type": "Feature", "properties": { "alcaldia": "MLP", "clave": "MLP-095", "n": "095" }, "geometry": { "type": "Polygon", "coordinates": [ [ [ -99.040140407805566, 19.10651123482716 ], [ -99.04309083298989, 19.111366322432293 ], [ -99.048989339848134, 19.111364847319347 ], [ -99.051937077200819, 19.106508285407415 ], [ -99.048986480704883, 19.101653337348345 ], [ -99.043088318098327, 19.101654811655191 ], [ -99.040140407805566, 19.10651123482716 ] ] ] } },
{ "type": "Feature", "properties": { "alcaldia": "MLP", "clave": "MLP-096", "n": "096" }, "geometry": { "type": "Polygon", "coordinates": [ [ [ -99.03129381781865, 19.111368705698361 ], [ -99.034244071482689, 19.116223932810502 ], [ -99.040142751281181, 19.116222740851843 ], [ -99.04309083298989, 19.111366322432293 ], [ -99.040140407805566, 19.10651123482716 ], [ -99.034242072363256, 19.106512426134604 ], [ -99.03129381781865, 19.111368705698361 ] ] ] } },
{ "type": "Feature", "properties": { "alcaldia": "MLP", "clave": "MLP-097", "n": "097" }, "geometry": { "type": "Polygon", "coordinates": [ [ [ -99.022445400337062, 19.106514241944328 ], [ -99.025395309644765, 19.11136961385137 ], [ -99.03129381781865, 19.111368705698361 ], [ -99.034242072363256, 19.106512426134604 ], [ -99.031291991430834, 19.101657193618895 ], [ -99.025393827508978, 19.101658101275632 ], [ -99.022445400337062, 19.106514241944328 ] ] ] } },
{ "type": "Feature", "properties": { "alcaldia": "MLP", "clave": "MLP-098", "n": "098" }, "geometry": { "type": "Polygon", "coordinates": [ [ [ -99.013598292468203, 19.111370863197106 ], [ -99.016548029942484, 19.116226374456389 ], [ -99.022446710743793, 19.116225749612823 ], [ -99.025395309644765, 19.11136961385137 ], [ -99.022445400337062, 19.106514241944328 ], [ -99.016547063892219, 19.106514866446513 ], [ -99.013598292468203, 19.111370863197106 ] ] ] } },
{ "type": "Feature", "properties": { "alcaldia": "MLP", "clave": "MLP-099", "n": "099" }, "geometry": { "type": "Polygon", "coordinates": [ [ [ -99.004750390486848, 19.10651554864538 ], [ -99.007699783604622, 19.111371204389773 ], [ -99.013598292468203, 19.111370863197106 ], [ -99.016547063892219, 19.106514866446513 ], [ -99.013597498836688, 19.10165934993865 ], [ -99.007699334225336, 19.101659690944867 ], [ -99.004750390486848, 19.10651554864538 ] ] ] } },
{ "type": "Feature", "properties": { "alcaldia": "MLP", "clave": "MLP-100", "n": "100" }, "geometry": { "type": "Polygon", "coordinates": [ [ [ -98.995902765674657, 19.111371319814602 ], [ -98.998851986645988, 19.116227114756363 ], [ -99.004750667824041, 19.116227057028173 ], [ -99.007699783604622, 19.111371204389773 ], [ -99.004750390486848, 19.10651554864538 ], [ -98.99885205366536, 19.106515606342025 ], [ -98.995902765674657, 19.111371319814602 ] ] ] } },
{ "type": "Feature", "properties": { "alcaldia": "MLP", "clave": "MLP-101", "n": "101" }, "geometry": { "type": "Polygon", "coordinates": [ [ [ -98.98705538013256, 19.106515154929728 ], [ -98.990004256747369, 19.111371094046763 ], [ -98.995902765674657, 19.111371319814602 ], [ -98.99885205366536, 19.106515606342025 ], [ -98.995903004799857, 19.101659806306621 ], [ -98.990004840124797, 19.101659580662155 ], [ -98.98705538013256, 19.106515154929728 ] ] ] } },
{ "type": "Feature", "properties": { "alcaldia": "MLP", "clave": "MLP-102", "n": "102" }, "geometry": { "type": "Polygon", "coordinates": [ [ [ -98.978207239315921, 19.111370075550631 ], [ -98.981155943471336, 19.116226153710084 ], [ -98.987054624400088, 19.116226663097301 ], [ -98.990004256747369, 19.111371094046763 ], [ -98.98705538013256, 19.106515154929728 ], [ -98.981157043560316, 19.106514645820805 ], [ -98.978207239315921, 19.111370075550631 ] ] ] } },
{ "type": "Feature", "properties": { "alcaldia": "MLP", "clave": "MLP-103", "n": "103" }, "geometry": { "type": "Polygon", "coordinates": [ [ [ -98.969360371151851, 19.10651306079755 ], [ -98.972308730950886, 19.111369282822398 ], [ -98.978207239315921, 19.111370075550631 ], [ -98.981157043560316, 19.106514645820805 ], [ -98.978208511197707, 19.101658562722594 ], [ -98.972310347084743, 19.101657770427554 ], [ -98.969360371151851, 19.10651306079755 ] ] ] } },
{ "type": "Feature", "properties": { "alcaldia": "MLP", "clave": "MLP-104", "n": "104" }, "geometry": { "type": "Polygon", "coordinates": [ [ [ -98.960511715269888, 19.111367130405778 ], [ -98.963459902296663, 19.116223491317985 ], [ -98.969358582350068, 19.116224567820382 ], [ -98.972308730950886, 19.111369282822398 ], [ -98.969360371151851, 19.10651306079755 ], [ -98.963462035454697, 19.106511984883291 ], [ -98.960511715269888, 19.111367130405778 ] ] ] } },
{ "type": "Feature", "properties": { "alcaldia": "MLP", "clave": "MLP-105", "n": "105" }, "geometry": { "type": "Polygon", "coordinates": [ [ [ -98.951665365422357, 19.106509266249802 ], [ -98.954613208093036, 19.111365770717498 ], [ -98.960511715269888, 19.111367130405778 ], [ -98.963462035454697, 19.106511984883291 ], [ -98.960514019907649, 19.101655619187149 ], [ -98.954615856982571, 19.101654260241887 ], [ -98.951665365422357, 19.106509266249802 ] ] ] } },
{ "type": "Feature", "properties": { "alcaldia": "TLP", "clave": "TLP-028", "n": "028" }, "geometry": { "type": "Polygon", "coordinates": [ [ [ -99.261349922818411, 19.120897281454766 ], [ -99.264307035228455, 19.125748765003518 ], [ -99.270205989566989, 19.125740196012771 ], [ -99.273147486879836, 19.120880148153084 ], [ -99.270190206924511, 19.116028806191633 ], [ -99.264291597132043, 19.116037370502802 ], [ -99.261349922818411, 19.120897281454766 ] ] ] } },
{ "type": "Feature", "properties": { "alcaldia": "TLP", "clave": "TLP-029", "n": "029" }, "geometry": { "type": "Polygon", "coordinates": [ [ [ -99.252494368266767, 19.116053932038167 ], [ -99.25545113612948, 19.120905564484755 ], [ -99.261349922818411, 19.120897281454766 ], [ -99.264291597132043, 19.116037370502802 ], [ -99.261334661618449, 19.111185879528445 ], [ -99.255436219372527, 19.111194158034049 ], [ -99.252494368266767, 19.116053932038167 ] ] ] } },
{ "type": "Feature", "properties": { "alcaldia": "TLP", "clave": "TLP-030", "n": "030" }, "geometry": { "type": "Polygon", "coordinates": [ [ [ -99.243653553783105, 19.120921563300932 ], [ -99.246610153786264, 19.125773337181222 ], [ -99.252509117268502, 19.125765335588166 ], [ -99.25545113612948, 19.120905564484755 ], [ -99.252494368266767, 19.116053932038167 ], [ -99.246595749333068, 19.116061929261505 ], [ -99.243653553783105, 19.120921563300932 ] ] ] } },
{ "type": "Feature", "properties": { "alcaldia": "TLP", "clave": "TLP-031", "n": "031" }, "geometry": { "type": "Polygon", "coordinates": [ [ [ -99.234798502811316, 19.116077356617492 ], [ -99.237754758264785, 19.120929279086308 ], [ -99.243653553783105, 19.120921563300932 ], [ -99.246595749333068, 19.116061929261505 ], [ -99.243639325914543, 19.111210148111287 ], [ -99.237740874841577, 19.11121785968211 ], [ -99.234798502811316, 19.116077356617492 ] ] ] } },
{ "type": "Feature", "properties": { "alcaldia": "TLP", "clave": "TLP-032", "n": "032" }, "geometry": { "type": "Polygon", "coordinates": [ [ [ -99.225957158885663, 19.12094414340967 ], [ -99.228913246165362, 19.125796207158491 ], [ -99.234812218165118, 19.125788772966775 ], [ -99.237754758264785, 19.120929279086308 ], [ -99.234798502811316, 19.116077356617492 ], [ -99.228899875362401, 19.116084786749351 ], [ -99.225957158885663, 19.12094414340967 ] ] ] } },
{ "type": "Feature", "properties": { "alcaldia": "TLP", "clave": "TLP-033", "n": "033" }, "geometry": { "type": "Polygon", "coordinates": [ [ [ -99.217102612436207, 19.116099079918918 ], [ -99.220058355163999, 19.120951291946906 ], [ -99.225957158885663, 19.12094414340967 ], [ -99.228899875362401, 19.116084786749351 ], [ -99.225943964355423, 19.111232715886221 ], [ -99.22004550508133, 19.111239860518754 ], [ -99.217102612436207, 19.116099079918918 ] ] ] } },
{ "type": "Feature", "properties": { "alcaldia": "TLP", "clave": "TLP-034", "n": "034" }, "geometry": { "type": "Polygon", "coordinates": [ [ [ -99.208260740004349, 19.120965021770679 ], [ -99.211216314244282, 19.125817374924889 ], [ -99.217115294135354, 19.125810508137914 ], [ -99.220058355163999, 19.120951291946906 ], [ -99.217102612436207, 19.116099079918918 ], [ -99.21120397709808, 19.116105942955905 ], [ -99.208260740004349, 19.120965021770679 ] ] ] } },
{ "type": "Feature", "properties": { "alcaldia": "TLP", "clave": "TLP-035", "n": "035" }, "geometry": { "type": "Polygon", "coordinates": [ [ [ -99.199406699019477, 19.116119101932529 ], [ -99.202361928705471, 19.12097160305651 ], [ -99.208260740004349, 19.120965021770679 ], [ -99.21120397709808, 19.116105942955905 ], [ -99.208248578818868, 19.111253582842963 ], [ -99.202350111969594, 19.111260160533934 ], [ -99.199406699019477, 19.116119101932529 ] ] ] } },
{ "type": "Feature", "properties": { "alcaldia": "TLP", "clave": "TLP-036", "n": "036" }, "geometry": { "type": "Polygon", "coordinates": [ [ [ -99.190564299017481, 19.120984198374423 ], [ -99.193519359901586, 19.12583684047075 ], [ -99.199418347057801, 19.125830541091638 ], [ -99.202361928705471, 19.12097160305651 ], [ -99.199406699019477, 19.116119101932529 ], [ -99.193508056418153, 19.11612539787151 ], [ -99.190564299017481, 19.120984198374423 ] ] ] } },
{ "type": "Feature", "properties": { "alcaldia": "TLP", "clave": "TLP-037", "n": "037" }, "geometry": { "type": "Polygon", "coordinates": [ [ [ -99.181710764439202, 19.116137422649196 ], [ -99.184665480767507, 19.120990212405857 ], [ -99.190564299017481, 19.120984198374423 ], [ -99.193508056418153, 19.11612539787151 ], [ -99.1905531711827, 19.111272748971974 ], [ -99.18465469738419, 19.111278759718395 ], [ -99.181710764439202, 19.116137422649196 ] ] ] } },
{ "type": "Feature", "properties": { "alcaldia": "TLP", "clave": "TLP-038", "n": "038" }, "geometry": { "type": "Polygon", "coordinates": [ [ [ -99.172867837803395, 19.121001673212152 ], [ -99.175822385015877, 19.125854603787189 ], [ -99.181721378811034, 19.125848871818828 ], [ -99.184665480767507, 19.120990212405857 ], [ -99.181710764439202, 19.116137422649196 ], [ -99.175812115200713, 19.116143151487289 ], [ -99.172867837803395, 19.121001673212152 ] ] ] } },
{ "type": "Feature", "properties": { "alcaldia": "TLP", "clave": "TLP-039", "n": "039" }, "geometry": { "type": "Polygon", "coordinates": [ [ [ -99.164014810573462, 19.116154042060543 ], [ -99.166969013228425, 19.121007119986434 ], [ -99.172867837803395, 19.121001673212152 ], [ -99.175812115200713, 19.116143151487289 ], [ -99.172857743324741, 19.111290214264521 ], [ -99.166959263202926, 19.111295658063639 ], [ -99.164014810573462, 19.116154042060543 ] ] ] } },
{ "type": "Feature", "properties": { "alcaldia": "TLP", "clave": "TLP-040", "n": "040" }, "geometry": { "type": "Polygon", "coordinates": [ [ [ -99.155171358240452, 19.121017446275889 ], [ -99.158125391465703, 19.125870664866099 ], [ -99.1640243912736, 19.1258655003111 ], [ -99.166969013228425, 19.121007119986434 ], [ -99.164014810573462, 19.116154042060543 ], [ -99.158116155323853, 19.116159203795149 ], [ -99.155171358240452, 19.121017446275889 ] ] ] } },
{ "type": "Feature", "properties": { "alcaldia": "MLP", "clave": "MLP-106", "n": "106" }, "geometry": { "type": "Polygon", "coordinates": [ [ [ -99.146318839300349, 19.116168960158994 ], [ -99.149272527966588, 19.121022325790538 ], [ -99.155171358240452, 19.121017446275889 ], [ -99.158116155323853, 19.116159203795149 ], [ -99.155162297122814, 19.111305978712618 ], [ -99.149263811303641, 19.111310855561953 ], [ -99.146318839300349, 19.116168960158994 ] ] ] } },
{ "type": "Feature", "properties": { "alcaldia": "MLP", "clave": "MLP-107", "n": "107" }, "geometry": { "type": "Polygon", "coordinates": [ [ [ -99.137474862206943, 19.121031517558439 ], [ -99.140428381129695, 19.125885023700146 ], [ -99.146327386324145, 19.125880426560869 ], [ -99.149272527966588, 19.121022325790538 ], [ -99.146318839300349, 19.116168960158994 ], [ -99.140420178665622, 19.116173554787743 ], [ -99.137474862206943, 19.121031517558439 ] ] ] } },
{ "type": "Feature", "properties": { "alcaldia": "MLP", "clave": "MLP-108", "n": "108" }, "geometry": { "type": "Polygon", "coordinates": [ [ [ -99.128622852497969, 19.11618217693773 ], [ -99.131576026860316, 19.121035829811223 ], [ -99.137474862206943, 19.121031517558439 ], [ -99.140420178665622, 19.116173554787743 ], [ -99.137466834454784, 19.111320042309082 ], [ -99.131568343564197, 19.111324352206406 ], [ -99.128622852497969, 19.11618217693773 ] ] ] } },
{ "type": "Feature", "properties": { "alcaldia": "MLP", "clave": "MLP-109", "n": "109" }, "geometry": { "type": "Polygon", "coordinates": [ [ [ -99.11977835158126, 19.121043887053371 ], [ -99.122731355886444, 19.125897680282787 ], [ -99.128630365841232, 19.125893650561327 ], [ -99.131576026860316, 19.121035829811223 ], [ -99.128622852497969, 19.11618217693773 ], [ -99.122724187104183, 19.116186204458533 ], [ -99.11977835158126, 19.121043887053371 ] ] ] } },
{ "type": "Feature", "properties": { "alcaldia": "MLP", "clave": "MLP-110", "n": "110" }, "geometry": { "type": "Polygon", "coordinates": [ [ [ -99.110926852044415, 19.116193692390731 ], [ -99.113879511787999, 19.121047632042327 ], [ -99.11977835158126, 19.121043887053371 ], [ -99.122724187104183, 19.116186204458533 ], [ -99.119771357198488, 19.111332405047495 ], [ -99.113872861862461, 19.111336147990837 ], [ -99.110926852044415, 19.116193692390731 ] ] ] } },
{ "type": "Feature", "properties": { "alcaldia": "MLP", "clave": "MLP-111", "n": "111" }, "geometry": { "type": "Polygon", "coordinates": [ [ [ -99.102081828241793, 19.121054554755045 ], [ -99.105034317614582, 19.125908634608226 ], [ -99.110933331703507, 19.125905172306421 ], [ -99.113879511787999, 19.121047632042327 ], [ -99.110926852044415, 19.116193692390731 ], [ -99.105028182517614, 19.11619715280175 ], [ -99.102081828241793, 19.121054554755045 ] ] ] } },
{ "type": "Feature", "properties": { "alcaldia": "MLP", "clave": "MLP-112", "n": "112" }, "geometry": { "type": "Polygon", "coordinates": [ [ [ -99.093230839817849, 19.116203506512736 ], [ -99.096182984628015, 19.121057732478459 ], [ -99.102081828241793, 19.121054554755045 ], [ -99.105028182517614, 19.11619715280175 ], [ -99.102075867231804, 19.111343066922199 ], [ -99.096177368076283, 19.11134624290986 ], [ -99.093230839817849, 19.116203506512736 ] ] ] } },
{ "type": "Feature", "properties": { "alcaldia": "MLP", "clave": "MLP-113", "n": "113" }, "geometry": { "type": "Polygon", "coordinates": [ [ [ -99.084385294066905, 19.121063520658591 ], [ -99.087337268192726, 19.125917886671473 ], [ -99.093236285789587, 19.125914991790914 ], [ -99.096182984628015, 19.121057732478459 ], [ -99.093230839817849, 19.116203506512736 ], [ -99.087332166784037, 19.116206399812381 ], [ -99.084385294066905, 19.121063520658591 ] ] ] } },
{ "type": "Feature", "properties": { "alcaldia": "MLP", "clave": "MLP-114", "n": "114" }, "geometry": { "type": "Polygon", "coordinates": [ [ [ -99.075534817696351, 19.116211619299257 ], [ -99.078486447258726, 19.121066131115008 ], [ -99.084385294066905, 19.121063520658591 ], [ -99.087332166784037, 19.116206399812381 ], [ -99.084380366432597, 19.111352027928344 ], [ -99.078481864083528, 19.111354636958872 ], [ -99.075534817696351, 19.116211619299257 ] ] ] } },
{ "type": "Feature", "properties": { "alcaldia": "MLP", "clave": "MLP-115", "n": "115" }, "geometry": { "type": "Polygon", "coordinates": [ [ [ -99.066688750934958, 19.121070784759915 ], [ -99.069640209499525, 19.125925436468307 ], [ -99.075539229978105, 19.125923109010309 ], [ -99.078486447258726, 19.121066131115008 ], [ -99.075534817696351, 19.116211619299257 ], [ -99.069636141781615, 19.116213945486223 ], [ -99.066688750934958, 19.121070784759915 ] ] ] } },
{ "type": "Feature", "properties": { "alcaldia": "MLP", "clave": "MLP-116", "n": "116" }, "geometry": { "type": "Polygon", "coordinates": [ [ [ -99.057838787558097, 19.116218030746602 ], [ -99.060789901558508, 19.121072827948151 ], [ -99.066688750934958, 19.121070784759915 ], [ -99.069636141781615, 19.116213945486223 ], [ -99.066684856678734, 19.111359288061831 ], [ -99.060786351762118, 19.111361330134031 ], [ -99.057838787558097, 19.116218030746602 ] ] ] } },
{ "type": "Feature", "properties": { "alcaldia": "MLP", "clave": "MLP-117", "n": "117" }, "geometry": { "type": "Polygon", "coordinates": [ [ [ -99.048992200724342, 19.121076347055698 ], [ -99.051943143413581, 19.125931283995278 ], [ -99.05784216614768, 19.125929523960899 ], [ -99.060789901558508, 19.121072827948151 ], [ -99.057838787558097, 19.116218030746602 ], [ -99.05194010938844, 19.116219789819819 ], [ -99.048992200724342, 19.121076347055698 ] ] ] } },
{ "type": "Feature", "properties": { "alcaldia": "MLP", "clave": "MLP-118", "n": "118" }, "geometry": { "type": "Polygon", "coordinates": [ [ [ -99.040142751281181, 19.116222740851843 ], [ -99.04309334940578, 19.121077822974822 ], [ -99.048992200724342, 19.121076347055698 ], [ -99.05194010938844, 19.116219789819819 ], [ -99.048989339848134, 19.111364847319347 ], [ -99.04309083298989, 19.111366322432293 ], [ -99.040142751281181, 19.116222740851843 ] ] ] } },
{ "type": "Feature", "properties": { "alcaldia": "MLP", "clave": "MLP-119", "n": "119" }, "geometry": { "type": "Polygon", "coordinates": [ [ [ -99.031295645313477, 19.121080207543407 ], [ -99.034246071813598, 19.125935429249715 ], [ -99.040145096176985, 19.125934236639761 ], [ -99.04309334940578, 19.121077822974822 ], [ -99.040142751281181, 19.116222740851843 ], [ -99.034244071482689, 19.116223932810502 ], [ -99.031295645313477, 19.121080207543407 ] ] ] } },
{ "type": "Feature", "properties": { "alcaldia": "MLP", "clave": "MLP-120", "n": "120" }, "geometry": { "type": "Polygon", "coordinates": [ [ [ -99.022446710743793, 19.116225749612823 ], [ -99.025396792678904, 19.121081116192741 ], [ -99.031295645313477, 19.121080207543407 ], [ -99.034244071482689, 19.116223932810502 ], [ -99.03129381781865, 19.111368705698361 ], [ -99.025395309644765, 19.11136961385137 ], [ -99.022446710743793, 19.116225749612823 ] ] ] } },
{ "type": "Feature", "properties": { "alcaldia": "MLP", "clave": "MLP-121", "n": "121" }, "geometry": { "type": "Polygon", "coordinates": [ [ [ -99.01359908658074, 19.121082366221273 ], [ -99.01654899657818, 19.125937872229734 ], [ -99.022448021944641, 19.125937247044746 ], [ -99.025396792678904, 19.121081116192741 ], [ -99.022446710743793, 19.116225749612823 ], [ -99.016548029942484, 19.116226374456389 ], [ -99.01359908658074, 19.121082366221273 ] ] ] } },
{ "type": "Feature", "properties": { "alcaldia": "MLP", "clave": "MLP-122", "n": "122" }, "geometry": { "type": "Polygon", "coordinates": [ [ [ -99.004750667824041, 19.116227057028173 ], [ -99.007700233256301, 19.121082707600408 ], [ -99.01359908658074, 19.121082366221273 ], [ -99.016548029942484, 19.116226374456389 ], [ -99.013598292468203, 19.111370863197106 ], [ -99.007699783604622, 19.111371204389773 ], [ -99.004750667824041, 19.116227057028173 ] ] ] } },
{ "type": "Feature", "properties": { "alcaldia": "MLP", "clave": "MLP-123", "n": "123" }, "geometry": { "type": "Polygon", "coordinates": [ [ [ -98.995902526404521, 19.121082823088319 ], [ -98.998851919585988, 19.12593861293421 ], [ -99.004750945329306, 19.125938555174478 ], [ -99.007700233256301, 19.121082707600408 ], [ -99.004750667824041, 19.116227057028173 ], [ -98.998851986645988, 19.116227114756363 ], [ -98.995902526404521, 19.121082823088319 ] ] ] } },
{ "type": "Feature", "properties": { "alcaldia": "MLP", "clave": "MLP-124", "n": "124" }, "geometry": { "type": "Polygon", "coordinates": [ [ [ -98.987054624400088, 19.116226663097301 ], [ -98.990003673016346, 19.121082597197095 ], [ -98.995902526404521, 19.121082823088319 ], [ -98.998851986645988, 19.116227114756363 ], [ -98.995902765674657, 19.111371319814602 ], [ -98.990004256747369, 19.111371094046763 ], [ -98.987054624400088, 19.116226663097301 ] ] ] } },
{ "type": "Feature", "properties": { "alcaldia": "MLP", "clave": "MLP-125", "n": "125" }, "geometry": { "type": "Polygon", "coordinates": [ [ [ -98.978205966663239, 19.121081578144331 ], [ -98.981154842715682, 19.125937651362804 ], [ -98.987053868209628, 19.125938161028358 ], [ -98.990003673016346, 19.121082597197095 ], [ -98.987054624400088, 19.116226663097301 ], [ -98.981155943471336, 19.116226153710084 ], [ -98.978205966663239, 19.121081578144331 ] ] ] } },
{ "type": "Feature", "properties": { "alcaldia": "MLP", "clave": "MLP-126", "n": "126" }, "geometry": { "type": "Polygon", "coordinates": [ [ [ -98.969358582350068, 19.116224567820382 ], [ -98.972307113837459, 19.121080784982848 ], [ -98.978205966663239, 19.121081578144331 ], [ -98.981155943471336, 19.116226153710084 ], [ -98.978207239315921, 19.111370075550631 ], [ -98.972308730950886, 19.111369282822398 ], [ -98.969358582350068, 19.116224567820382 ] ] ] } },
{ "type": "Feature", "properties": { "alcaldia": "MLP", "clave": "MLP-127", "n": "127" }, "geometry": { "type": "Polygon", "coordinates": [ [ [ -98.960509409235272, 19.121078631389885 ], [ -98.963457767845895, 19.125934987515969 ], [ -98.969356792464254, 19.125936064606567 ], [ -98.972307113837459, 19.121080784982848 ], [ -98.969358582350068, 19.116224567820382 ], [ -98.963459902296663, 19.116223491317985 ], [ -98.960509409235272, 19.121078631389885 ] ] ] } },
{ "type": "Feature", "properties": { "alcaldia": "MLP", "clave": "MLP-128", "n": "128" }, "geometry": { "type": "Polygon", "coordinates": [ [ [ -98.951662543552132, 19.116220771198371 ], [ -98.954610557598002, 19.121077270958502 ], [ -98.960509409235272, 19.121078631389885 ], [ -98.963459902296663, 19.116223491317985 ], [ -98.960511715269888, 19.111367130405778 ], [ -98.954613208093036, 19.111365770717498 ], [ -98.951662543552132, 19.116220771198371 ] ] ] } },
{ "type": "Feature", "properties": { "alcaldia": "TLP", "clave": "TLP-041", "n": "041" }, "geometry": { "type": "Polygon", "coordinates": [ [ [ -99.270205989566989, 19.125740196012771 ], [ -99.273163446627478, 19.130591530469555 ], [ -99.279062568510057, 19.130582675363954 ], [ -99.282003888613374, 19.125722490636594 ], [ -99.279046264113248, 19.12087129788226 ], [ -99.273147486879836, 19.120880148153084 ], [ -99.270205989566989, 19.125740196012771 ] ] ] } },
{ "type": "Feature", "properties": { "alcaldia": "TLP", "clave": "TLP-042", "n": "042" }, "geometry": { "type": "Polygon", "coordinates": [ [ [ -99.261365193265163, 19.130608673130912 ], [ -99.264322482677272, 19.135460149251632 ], [ -99.270221781770644, 19.135451575580785 ], [ -99.273163446627478, 19.130591530469555 ], [ -99.270205989566989, 19.125740196012771 ], [ -99.264307035228455, 19.125748765003518 ], [ -99.261365193265163, 19.130608673130912 ] ] ] } },
{ "type": "Feature", "properties": { "alcaldia": "TLP", "clave": "TLP-043", "n": "043" }, "geometry": { "type": "Polygon", "coordinates": [ [ [ -99.252509117268502, 19.125765335588166 ], [ -99.255466061924551, 19.130616960685799 ], [ -99.261365193265163, 19.130608673130912 ], [ -99.264307035228455, 19.125748765003518 ], [ -99.261349922818411, 19.120897281454766 ], [ -99.25545113612948, 19.120905564484755 ], [ -99.252509117268502, 19.125765335588166 ] ] ] } },
{ "type": "Feature", "properties": { "alcaldia": "TLP", "clave": "TLP-044", "n": "044" }, "geometry": { "type": "Polygon", "coordinates": [ [ [ -99.243667790272383, 19.130632968241901 ], [ -99.246624566965707, 19.135484734849857 ], [ -99.252523875205213, 19.135476728886587 ], [ -99.255466061924551, 19.130616960685799 ], [ -99.252509117268502, 19.125765335588166 ], [ -99.246610153786264, 19.125773337181222 ], [ -99.243667790272383, 19.130632968241901 ] ] ] } },
{ "type": "Feature", "properties": { "alcaldia": "TLP", "clave": "TLP-045", "n": "045" }, "geometry": { "type": "Polygon", "coordinates": [ [ [ -99.234812218165118, 19.125788772966775 ], [ -99.237768650099994, 19.130640688242298 ], [ -99.243667790272383, 19.130632968241901 ], [ -99.246610153786264, 19.125773337181222 ], [ -99.243653553783105, 19.120921563300932 ], [ -99.237754758264785, 19.120929279086308 ], [ -99.234812218165118, 19.125788772966775 ] ] ] } },
{ "type": "Feature", "properties": { "alcaldia": "TLP", "clave": "TLP-046", "n": "046" }, "geometry": { "type": "Polygon", "coordinates": [ [ [ -99.225970361410518, 19.130655560685831 ], [ -99.228926625068382, 19.135507617317966 ], [ -99.234825941827694, 19.135500179065936 ], [ -99.237768650099994, 19.130640688242298 ], [ -99.234812218165118, 19.125788772966775 ], [ -99.228913246165362, 19.125796207158491 ], [ -99.225970361410518, 19.130655560685831 ] ] ] } },
{ "type": "Feature", "properties": { "alcaldia": "TLP", "clave": "TLP-047", "n": "047" }, "geometry": { "type": "Polygon", "coordinates": [ [ [ -99.217115294135354, 19.125810508137914 ], [ -99.220071213032597, 19.130662713128217 ], [ -99.225970361410518, 19.130655560685831 ], [ -99.228913246165362, 19.125796207158491 ], [ -99.225957158885663, 19.12094414340967 ], [ -99.220058355163999, 19.120951291946906 ], [ -99.217115294135354, 19.125810508137914 ] ] ] } },
{ "type": "Feature", "properties": { "alcaldia": "TLP", "clave": "TLP-048", "n": "048" }, "geometry": { "type": "Polygon", "coordinates": [ [ [ -99.208272908558328, 19.130676450452398 ], [ -99.211228658864371, 19.135528796645509 ], [ -99.217127983517116, 19.135521926108115 ], [ -99.220071213032597, 19.130662713128217 ], [ -99.217115294135354, 19.125810508137914 ], [ -99.211216314244282, 19.125817374924889 ], [ -99.208272908558328, 19.130676450452398 ] ] ] } },
{ "type": "Feature", "properties": { "alcaldia": "TLP", "clave": "TLP-049", "n": "049" }, "geometry": { "type": "Polygon", "coordinates": [ [ [ -99.199418347057801, 19.125830541091638 ], [ -99.202373752601162, 19.130683035333497 ], [ -99.208272908558328, 19.130676450452398 ], [ -99.211216314244282, 19.125817374924889 ], [ -99.208260740004349, 19.120965021770679 ], [ -99.202361928705471, 19.12097160305651 ], [ -99.199418347057801, 19.125830541091638 ] ] ] } },
{ "type": "Feature", "properties": { "alcaldia": "TLP", "clave": "TLP-050", "n": "050" }, "geometry": { "type": "Polygon", "coordinates": [ [ [ -99.190575433594674, 19.130695637532053 ], [ -99.193530670232704, 19.135548272822827 ], [ -99.199430002152553, 19.135541970003203 ], [ -99.202373752601162, 19.130683035333497 ], [ -99.199418347057801, 19.125830541091638 ], [ -99.193519359901586, 19.12583684047075 ], [ -99.190575433594674, 19.130695637532053 ] ] ] } },
{ "type": "Feature", "properties": { "alcaldia": "TLP", "clave": "TLP-051", "n": "051" }, "geometry": { "type": "Polygon", "coordinates": [ [ [ -99.181721378811034, 19.125848871818828 ], [ -99.184676270684534, 19.130701654848867 ], [ -99.190575433594674, 19.130695637532053 ], [ -99.193519359901586, 19.12583684047075 ], [ -99.190564299017481, 19.120984198374423 ], [ -99.184665480767507, 19.120990212405857 ], [ -99.181721378811034, 19.125848871818828 ] ] ] } },
{ "type": "Feature", "properties": { "alcaldia": "TLP", "clave": "TLP-052", "n": "052" }, "geometry": { "type": "Polygon", "coordinates": [ [ [ -99.172877938398358, 19.130713121916045 ], [ -99.175832661052496, 19.135566045841017 ], [ -99.181731999613078, 19.13556031074204 ], [ -99.184676270684534, 19.130701654848867 ], [ -99.181721378811034, 19.125848871818828 ], [ -99.175822385015877, 19.125854603787189 ], [ -99.172877938398358, 19.130713121916045 ] ] ] } },
{ "type": "Feature", "properties": { "alcaldia": "TLP", "clave": "TLP-053", "n": "053" }, "geometry": { "type": "Polygon", "coordinates": [ [ [ -99.1640243912736, 19.1258655003111 ], [ -99.166978769161517, 19.130718571665831 ], [ -99.172877938398358, 19.130713121916045 ], [ -99.175822385015877, 19.125854603787189 ], [ -99.172867837803395, 19.121001673212152 ], [ -99.166969013228425, 19.121007119986434 ], [ -99.1640243912736, 19.1258655003111 ] ] ] } },
{ "type": "Feature", "properties": { "alcaldia": "TLP", "clave": "TLP-054", "n": "054" }, "geometry": { "type": "Polygon", "coordinates": [ [ [ -99.15518042484824, 19.130728903596392 ], [ -99.158134633202849, 19.135582115691978 ], [ -99.164033977777763, 19.13557694831626 ], [ -99.166978769161517, 19.130718571665831 ], [ -99.1640243912736, 19.1258655003111 ], [ -99.158125391465703, 19.125870664866099 ], [ -99.15518042484824, 19.130728903596392 ] ] ] } },
{ "type": "Feature", "properties": { "alcaldia": "MLP", "clave": "MLP-129", "n": "129" }, "geometry": { "type": "Polygon", "coordinates": [ [ [ -99.146327386324145, 19.125880426560869 ], [ -99.149281249910985, 19.130733785776656 ], [ -99.15518042484824, 19.130728903596392 ], [ -99.158125391465703, 19.125870664866099 ], [ -99.155171358240452, 19.121017446275889 ], [ -99.149272527966588, 19.121022325790538 ], [ -99.146327386324145, 19.125880426560869 ] ] ] } },
{ "type": "Feature", "properties": { "alcaldia": "MLP", "clave": "MLP-130", "n": "130" }, "geometry": { "type": "Polygon", "coordinates": [ [ [ -99.137482894823165, 19.130742982565891 ], [ -99.140436588562821, 19.135596482368364 ], [ -99.146335938525752, 19.135591882718273 ], [ -99.149281249910985, 19.130733785776656 ], [ -99.146327386324145, 19.125880426560869 ], [ -99.140428381129695, 19.125885023700146 ], [ -99.137482894823165, 19.130742982565891 ] ] ] } },
{ "type": "Feature", "properties": { "alcaldia": "MLP", "clave": "MLP-131", "n": "131" }, "geometry": { "type": "Polygon", "coordinates": [ [ [ -99.128630365841232, 19.125893650561327 ], [ -99.131583714811782, 19.130747297174405 ], [ -99.137482894823165, 19.130742982565891 ], [ -99.140428381129695, 19.125885023700146 ], [ -99.137474862206943, 19.121031517558439 ], [ -99.131576026860316, 19.121035829811223 ], [ -99.128630365841232, 19.125893650561327 ] ] ] } },
{ "type": "Feature", "properties": { "alcaldia": "MLP", "clave": "MLP-132", "n": "132" }, "geometry": { "type": "Polygon", "coordinates": [ [ [ -99.119785350201994, 19.130755358818117 ], [ -99.122738529011571, 19.135609145863626 ], [ -99.128637883736118, 19.135605113941256 ], [ -99.131583714811782, 19.130747297174405 ], [ -99.128630365841232, 19.125893650561327 ], [ -99.122731355886444, 19.125897680282787 ], [ -99.119785350201994, 19.130755358818117 ] ] ] } },
{ "type": "Feature", "properties": { "alcaldia": "MLP", "clave": "MLP-133", "n": "133" }, "geometry": { "type": "Polygon", "coordinates": [ [ [ -99.110933331703507, 19.125905172306421 ], [ -99.113886165742784, 19.130759105852906 ], [ -99.119785350201994, 19.130755358818117 ], [ -99.122731355886444, 19.125897680282787 ], [ -99.11977835158126, 19.121043887053371 ], [ -99.113879511787999, 19.121047632042327 ], [ -99.110933331703507, 19.125905172306421 ] ] ] } },
{ "type": "Feature", "properties": { "alcaldia": "MLP", "clave": "MLP-134", "n": "134" }, "geometry": { "type": "Polygon", "coordinates": [ [ [ -99.102087792863614, 19.130766032347417 ], [ -99.105040456428213, 19.135620106171967 ], [ -99.110939815288006, 19.135616641979166 ], [ -99.113886165742784, 19.130759105852906 ], [ -99.110933331703507, 19.125905172306421 ], [ -99.105034317614582, 19.125908634608226 ], [ -99.102087792863614, 19.130766032347417 ] ] ] } },
{ "type": "Feature", "properties": { "alcaldia": "MLP", "clave": "MLP-135", "n": "135" }, "geometry": { "type": "Polygon", "coordinates": [ [ [ -99.093236285789587, 19.125914991790914 ], [ -99.096188604582849, 19.130769211806776 ], [ -99.102087792863614, 19.130766032347417 ], [ -99.105034317614582, 19.125908634608226 ], [ -99.102081828241793, 19.121054554755045 ], [ -99.096182984628015, 19.121057732478459 ], [ -99.093236285789587, 19.125914991790914 ] ] ] } },
{ "type": "Feature", "properties": { "alcaldia": "MLP", "clave": "MLP-136", "n": "136" }, "geometry": { "type": "Polygon", "coordinates": [ [ [ -99.084390224686885, 19.130775003148905 ], [ -99.08734237269185, 19.135629363288398 ], [ -99.093241735060516, 19.135626466826739 ], [ -99.096188604582849, 19.130769211806776 ], [ -99.093236285789587, 19.125914991790914 ], [ -99.087337268192726, 19.125917886671473 ], [ -99.084390224686885, 19.130775003148905 ] ] ] } },
{ "type": "Feature", "properties": { "alcaldia": "MLP", "clave": "MLP-137", "n": "137" }, "geometry": { "type": "Polygon", "coordinates": [ [ [ -99.075539229978105, 19.125923109010309 ], [ -99.078491033210881, 19.130777615031391 ], [ -99.084390224686885, 19.130775003148905 ], [ -99.087337268192726, 19.125917886671473 ], [ -99.084385294066905, 19.121063520658591 ], [ -99.078486447258726, 19.121066131115008 ], [ -99.075539229978105, 19.125923109010309 ] ] ] } },
{ "type": "Feature", "properties": { "alcaldia": "MLP", "clave": "MLP-138", "n": "138" }, "geometry": { "type": "Polygon", "coordinates": [ [ [ -99.06669264755071, 19.130782271218514 ], [ -99.069644279681668, 19.135636917208693 ], [ -99.075543644932822, 19.135634588479501 ], [ -99.078491033210881, 19.130777615031391 ], [ -99.075539229978105, 19.125923109010309 ], [ -99.069640209499525, 19.125925436468307 ], [ -99.06669264755071, 19.130782271218514 ] ] ] } },
{ "type": "Feature", "properties": { "alcaldia": "MLP", "clave": "MLP-139", "n": "139" }, "geometry": { "type": "Polygon", "coordinates": [ [ [ -99.05784216614768, 19.125929523960899 ], [ -99.060793453505752, 19.13078431552292 ], [ -99.06669264755071, 19.130782271218514 ], [ -99.069640209499525, 19.125925436468307 ], [ -99.066688750934958, 19.121070784759915 ], [ -99.060789901558508, 19.121072827948151 ], [ -99.05784216614768, 19.125929523960899 ] ] ] } },
{ "type": "Feature", "properties": { "alcaldia": "MLP", "clave": "MLP-140", "n": "140" }, "geometry": { "type": "Polygon", "coordinates": [ [ [ -99.048995063333976, 19.130787836552905 ], [ -99.051946179276754, 19.135642767929401 ], [ -99.057845546784037, 19.135641006933742 ], [ -99.060793453505752, 19.13078431552292 ], [ -99.05784216614768, 19.125929523960899 ], [ -99.051943143413581, 19.125931283995278 ], [ -99.048995063333976, 19.130787836552905 ] ] ] } },
{ "type": "Feature", "properties": { "alcaldia": "MLP", "clave": "MLP-141", "n": "141" }, "geometry": { "type": "Polygon", "coordinates": [ [ [ -99.040145096176985, 19.125934236639761 ], [ -99.043095867346366, 19.13078931327831 ], [ -99.048995063333976, 19.130787836552905 ], [ -99.051943143413581, 19.125931283995278 ], [ -99.048992200724342, 19.121076347055698 ], [ -99.04309334940578, 19.121077822974822 ], [ -99.040145096176985, 19.125934236639761 ] ] ] } },
{ "type": "Feature", "properties": { "alcaldia": "MLP", "clave": "MLP-142", "n": "142" }, "geometry": { "type": "Polygon", "coordinates": [ [ [ -99.031297473915586, 19.130791699149555 ], [ -99.034248073356309, 19.13564691544784 ], [ -99.040147442493321, 19.135645722186521 ], [ -99.043095867346366, 19.13078931327831 ], [ -99.040145096176985, 19.125934236639761 ], [ -99.034246071813598, 19.125935429249715 ], [ -99.031297473915586, 19.130791699149555 ] ] ] } },
{ "type": "Feature", "properties": { "alcaldia": "MLP", "clave": "MLP-143", "n": "143" }, "geometry": { "type": "Polygon", "coordinates": [ [ [ -99.022448021944641, 19.125937247044746 ], [ -99.025398276611611, 19.130792608295266 ], [ -99.031297473915586, 19.130791699149555 ], [ -99.034246071813598, 19.125935429249715 ], [ -99.031295645313477, 19.121080207543407 ], [ -99.025396792678904, 19.121081116192741 ], [ -99.022448021944641, 19.125937247044746 ] ] ] } },
{ "type": "Feature", "properties": { "alcaldia": "MLP", "clave": "MLP-144", "n": "144" }, "geometry": { "type": "Polygon", "coordinates": [ [ [ -99.013599881174443, 19.130793859006676 ], [ -99.016549963799463, 19.135649359762134 ], [ -99.022449333939804, 19.135648734235698 ], [ -99.025398276611611, 19.130792608295266 ], [ -99.022448021944641, 19.125937247044746 ], [ -99.01654899657818, 19.125937872229734 ], [ -99.013599881174443, 19.130793859006676 ] ] ] } },
{ "type": "Feature", "properties": { "alcaldia": "MLP", "clave": "MLP-145", "n": "145" }, "geometry": { "type": "Polygon", "coordinates": [ [ [ -99.004750945329306, 19.125938555174478 ], [ -99.007700683180417, 19.1307942005723 ], [ -99.013599881174443, 19.130793859006676 ], [ -99.01654899657818, 19.125937872229734 ], [ -99.01359908658074, 19.121082366221273 ], [ -99.007700233256301, 19.121082707600408 ], [ -99.004750945329306, 19.125938555174478 ] ] ] } },
{ "type": "Feature", "properties": { "alcaldia": "MLP", "clave": "MLP-146", "n": "146" }, "geometry": { "type": "Polygon", "coordinates": [ [ [ -98.99590228698942, 19.130794316123307 ], [ -98.998851852485373, 19.13565010087116 ], [ -99.004751223002671, 19.135650043079888 ], [ -99.007700683180417, 19.1307942005723 ], [ -99.004750945329306, 19.125938555174478 ], [ -98.998851919585988, 19.12593861293421 ], [ -98.99590228698942, 19.130794316123307 ] ] ] } },
{ "type": "Feature", "properties": { "alcaldia": "MLP", "clave": "MLP-147", "n": "147" }, "geometry": { "type": "Polygon", "coordinates": [ [ [ -98.987053868209628, 19.125938161028358 ], [ -98.990003088931644, 19.130794090108672 ], [ -98.99590228698942, 19.130794316123307 ], [ -98.998851919585988, 19.12593861293421 ], [ -98.995902526404521, 19.121082823088319 ], [ -98.990003673016346, 19.121082597197095 ], [ -98.987053868209628, 19.125938161028358 ] ] ] } },
{ "type": "Feature", "properties": { "alcaldia": "MLP", "clave": "MLP-148", "n": "148" }, "geometry": { "type": "Polygon", "coordinates": [ [ [ -98.978204693239448, 19.130793070499223 ], [ -98.981153741293198, 19.135649138774578 ], [ -98.987053111561067, 19.135649648718498 ], [ -98.990003088931644, 19.130794090108672 ], [ -98.987053868209628, 19.125938161028358 ], [ -98.981154842715682, 19.125937651362804 ], [ -98.978204693239448, 19.130793070499223 ] ] ] } },
{ "type": "Feature", "properties": { "alcaldia": "MLP", "clave": "MLP-149", "n": "149" }, "geometry": { "type": "Polygon", "coordinates": [ [ [ -98.969356792464254, 19.125936064606567 ], [ -98.972305495744209, 19.13079227690444 ], [ -98.978204693239448, 19.130793070499223 ], [ -98.981154842715682, 19.125937651362804 ], [ -98.978205966663239, 19.121081578144331 ], [ -98.972307113837459, 19.121080784982848 ], [ -98.969356792464254, 19.125936064606567 ] ] ] } },
{ "type": "Feature", "properties": { "alcaldia": "MLP", "clave": "MLP-150", "n": "150" }, "geometry": { "type": "Polygon", "coordinates": [ [ [ -98.960507101803415, 19.130790122134997 ], [ -98.963455632102082, 19.135646473472828 ], [ -98.969355001494137, 19.13564755115171 ], [ -98.972305495744209, 19.13079227690444 ], [ -98.969356792464254, 19.125936064606567 ], [ -98.963457767845895, 19.125934987515969 ], [ -98.960507101803415, 19.130790122134997 ] ] ] } },
{ "type": "Feature", "properties": { "alcaldia": "MLP", "clave": "MLP-151", "n": "151" }, "geometry": { "type": "Polygon", "coordinates": [ [ [ -98.951659719971857, 19.125932265910063 ], [ -98.954607905497014, 19.130788760960435 ], [ -98.960507101803415, 19.130790122134997 ], [ -98.963457767845895, 19.125934987515969 ], [ -98.960509409235272, 19.121078631389885 ], [ -98.954610557598002, 19.121077270958502 ], [ -98.951659719971857, 19.125932265910063 ] ] ] } },
{ "type": "Feature", "properties": { "alcaldia": "TLP", "clave": "TLP-055", "n": "055" }, "geometry": { "type": "Polygon", "coordinates": [ [ [ -99.2790788827824, 19.140294042589513 ], [ -99.282036862016, 19.145145220173852 ], [ -99.287936496297831, 19.145136073808771 ], [ -99.290877806315507, 19.140275754850176 ], [ -99.287919659644913, 19.135424719159992 ], [ -99.282020370324048, 19.135433860534512 ], [ -99.2790788827824, 19.140294042589513 ] ] ] } },
{ "type": "Feature", "properties": { "alcaldia": "TLP", "clave": "TLP-056", "n": "056" }, "geometry": { "type": "Polygon", "coordinates": [ [ [ -99.270221781770644, 19.135451575580785 ], [ -99.273179416041941, 19.140302902530429 ], [ -99.2790788827824, 19.140294042589513 ], [ -99.282020370324048, 19.135433860534512 ], [ -99.279062568510057, 19.130582675363954 ], [ -99.273163446627478, 19.130591530469555 ], [ -99.270221781770644, 19.135451575580785 ] ] ] } },
{ "type": "Feature", "properties": { "alcaldia": "TLP", "clave": "TLP-057", "n": "057" }, "geometry": { "type": "Polygon", "coordinates": [ [ [ -99.261380472961235, 19.140320054552518 ], [ -99.264337939481024, 19.145171523242787 ], [ -99.270237583537991, 19.145162944891304 ], [ -99.273179416041941, 19.140302902530429 ], [ -99.270221781770644, 19.135451575580785 ], [ -99.264322482677272, 19.135460149251632 ], [ -99.261380472961235, 19.140320054552518 ] ] ] } },
{ "type": "Feature", "properties": { "alcaldia": "TLP", "clave": "TLP-058", "n": "058" }, "geometry": { "type": "Polygon", "coordinates": [ [ [ -99.252523875205213, 19.135476728886587 ], [ -99.25548099676017, 19.140328346632828 ], [ -99.261380472961235, 19.140320054552518 ], [ -99.264322482677272, 19.135460149251632 ], [ -99.261365193265163, 19.130608673130912 ], [ -99.255466061924551, 19.130616960685799 ], [ -99.252523875205213, 19.135476728886587 ] ] ] } },
{ "type": "Feature", "properties": { "alcaldia": "TLP", "clave": "TLP-059", "n": "059" }, "geometry": { "type": "Polygon", "coordinates": [ [ [ -99.243682035384708, 19.140344362929834 ], [ -99.246638988873741, 19.145196122263048 ], [ -99.252538642079287, 19.145188111929073 ], [ -99.25548099676017, 19.140328346632828 ], [ -99.252523875205213, 19.135476728886587 ], [ -99.246624566965707, 19.135484734849857 ], [ -99.243682035384708, 19.140344362929834 ] ] ] } },
{ "type": "Feature", "properties": { "alcaldia": "TLP", "clave": "TLP-060", "n": "060" }, "geometry": { "type": "Polygon", "coordinates": [ [ [ -99.234825941827694, 19.135500179065936 ], [ -99.237782550349493, 19.140352087145736 ], [ -99.243682035384708, 19.140344362929834 ], [ -99.246624566965707, 19.135484734849857 ], [ -99.243667790272383, 19.130632968241901 ], [ -99.237768650099994, 19.130640688242298 ], [ -99.234825941827694, 19.135500179065936 ] ] ] } },
{ "type": "Feature", "properties": { "alcaldia": "TLP", "clave": "TLP-061", "n": "061" }, "geometry": { "type": "Polygon", "coordinates": [ [ [ -99.225983571932133, 19.140366967710357 ], [ -99.22894001207365, 19.145219017223404 ], [ -99.234839673801289, 19.145211574910601 ], [ -99.237782550349493, 19.140352087145736 ], [ -99.234825941827694, 19.135500179065936 ], [ -99.228926625068382, 19.135507617317966 ], [ -99.225983571932133, 19.140366967710357 ] ] ] } },
{ "type": "Feature", "properties": { "alcaldia": "TLP", "clave": "TLP-062", "n": "062" }, "geometry": { "type": "Polygon", "coordinates": [ [ [ -99.217127983517116, 19.135521926108115 ], [ -99.220084078689197, 19.140374124058326 ], [ -99.225983571932133, 19.140366967710357 ], [ -99.228926625068382, 19.135507617317966 ], [ -99.225970361410518, 19.130655560685831 ], [ -99.220071213032597, 19.130662713128217 ], [ -99.217127983517116, 19.135521926108115 ] ] ] } },
{ "type": "Feature", "properties": { "alcaldia": "TLP", "clave": "TLP-063", "n": "063" }, "geometry": { "type": "Polygon", "coordinates": [ [ [ -99.208285084482824, 19.140387868883757 ], [ -99.211241010960308, 19.145240208113407 ], [ -99.21714068058354, 19.145233333825168 ], [ -99.220084078689197, 19.140374124058326 ], [ -99.217127983517116, 19.135521926108115 ], [ -99.211228658864371, 19.135528796645509 ], [ -99.208285084482824, 19.140387868883757 ] ] ] } },
{ "type": "Feature", "properties": { "alcaldia": "TLP", "clave": "TLP-064", "n": "064" }, "geometry": { "type": "Polygon", "coordinates": [ [ [ -99.199430002152553, 19.135541970003203 ], [ -99.202385583658597, 19.140394457360536 ], [ -99.208285084482824, 19.140387868883757 ], [ -99.211228658864371, 19.135528796645509 ], [ -99.208272908558328, 19.130676450452398 ], [ -99.202373752601162, 19.130683035333497 ], [ -99.199430002152553, 19.135541970003203 ] ] ] } },
{ "type": "Feature", "properties": { "alcaldia": "TLP", "clave": "TLP-065", "n": "065" }, "geometry": { "type": "Polygon", "coordinates": [ [ [ -99.190586574916068, 19.140407066440517 ], [ -99.193541987413354, 19.145259694923372 ], [ -99.199441664305596, 19.145253388662841 ], [ -99.202385583658597, 19.140394457360536 ], [ -99.199430002152553, 19.135541970003203 ], [ -99.193530670232704, 19.135548272822827 ], [ -99.190586574916068, 19.140407066440517 ] ] ] } },
{ "type": "Feature", "properties": { "alcaldia": "TLP", "clave": "TLP-066", "n": "066" }, "geometry": { "type": "Polygon", "coordinates": [ [ [ -99.181731999613078, 19.13556031074204 ], [ -99.18468706713702, 19.140413087043083 ], [ -99.190586574916068, 19.140407066440517 ], [ -99.193530670232704, 19.135548272822827 ], [ -99.190575433594674, 19.130695637532053 ], [ -99.184676270684534, 19.130701654848867 ], [ -99.181731999613078, 19.13556031074204 ] ] ] } },
{ "type": "Feature", "properties": { "alcaldia": "TLP", "clave": "TLP-067", "n": "067" }, "geometry": { "type": "Polygon", "coordinates": [ [ [ -99.17288804511125, 19.140424560371851 ], [ -99.17584294331229, 19.145277477644417 ], [ -99.181742626847054, 19.145271739414465 ], [ -99.18468706713702, 19.140413087043083 ], [ -99.181731999613078, 19.13556031074204 ], [ -99.175832661052496, 19.135566045841017 ], [ -99.17288804511125, 19.140424560371851 ] ] ] } },
{ "type": "Feature", "properties": { "alcaldia": "TLP", "clave": "TLP-068", "n": "068" }, "geometry": { "type": "Polygon", "coordinates": [ [ [ -99.164033977777763, 19.13557694831626 ], [ -99.166988531003781, 19.140430013097468 ], [ -99.17288804511125, 19.140424560371851 ], [ -99.175832661052496, 19.135566045841017 ], [ -99.172877938398358, 19.130713121916045 ], [ -99.166978769161517, 19.130718571665831 ], [ -99.164033977777763, 19.13557694831626 ] ] ] } },
{ "type": "Feature", "properties": { "alcaldia": "TLP", "clave": "TLP-069", "n": "069" }, "geometry": { "type": "Polygon", "coordinates": [ [ [ -99.155189496947685, 19.140440350669781 ], [ -99.15814388053677, 19.14529355626841 ], [ -99.164043570087514, 19.145288386071663 ], [ -99.166988531003781, 19.140430013097468 ], [ -99.164033977777763, 19.13557694831626 ], [ -99.158134633202849, 19.135582115691978 ], [ -99.155189496947685, 19.140440350669781 ] ] ] } },
{ "type": "Feature", "properties": { "alcaldia": "MLP", "clave": "MLP-152", "n": "152" }, "geometry": { "type": "Polygon", "coordinates": [ [ [ -99.146335938525752, 19.135591882718273 ], [ -99.149289977138281, 19.140445235515955 ], [ -99.155189496947685, 19.140440350669781 ], [ -99.158134633202849, 19.135582115691978 ], [ -99.15518042484824, 19.130728903596392 ], [ -99.149281249910985, 19.130733785776656 ], [ -99.146335938525752, 19.135591882718273 ] ] ] } },
{ "type": "Feature", "properties": { "alcaldia": "MLP", "clave": "MLP-153", "n": "153" }, "geometry": { "type": "Polygon", "coordinates": [ [ [ -99.137490932304743, 19.140454437327101 ], [ -99.140444800966378, 19.145307930788022 ], [ -99.146344495906561, 19.145303328626838 ], [ -99.149289977138281, 19.140445235515955 ], [ -99.146335938525752, 19.135591882718273 ], [ -99.140436588562821, 19.135596482368364 ], [ -99.137490932304743, 19.140454437327101 ] ] ] } },
{ "type": "Feature", "properties": { "alcaldia": "MLP", "clave": "MLP-154", "n": "154" }, "geometry": { "type": "Polygon", "coordinates": [ [ [ -99.128637883736118, 19.135605113941256 ], [ -99.131591407419847, 19.1404587542916 ], [ -99.137490932304743, 19.140454437327101 ], [ -99.140436588562821, 19.135596482368364 ], [ -99.137482894823165, 19.130742982565891 ], [ -99.131583714811782, 19.130747297174405 ], [ -99.128637883736118, 19.135605113941256 ] ] ] } },
{ "type": "Feature", "properties": { "alcaldia": "MLP", "clave": "MLP-155", "n": "155" }, "geometry": { "type": "Polygon", "coordinates": [ [ [ -99.119792353061783, 19.140466820337373 ], [ -99.122745706480757, 19.14532060119668 ], [ -99.128645406183836, 19.145316567073159 ], [ -99.131591407419847, 19.1404587542916 ], [ -99.128637883736118, 19.135605113941256 ], [ -99.122738529011571, 19.135609145863626 ], [ -99.119792353061783, 19.140466820337373 ] ] ] } },
{ "type": "Feature", "properties": { "alcaldia": "MLP", "clave": "MLP-156", "n": "156" }, "geometry": { "type": "Polygon", "coordinates": [ [ [ -99.110939815288006, 19.135616641979166 ], [ -99.113892823727852, 19.14047056941823 ], [ -99.119792353061783, 19.140466820337373 ], [ -99.122738529011571, 19.135609145863626 ], [ -99.119785350201994, 19.130755358818117 ], [ -99.113886165742784, 19.130759105852906 ], [ -99.110939815288006, 19.135616641979166 ] ] ] } },
{ "type": "Feature", "properties": { "alcaldia": "MLP", "clave": "MLP-157", "n": "157" }, "geometry": { "type": "Polygon", "coordinates": [ [ [ -99.102093761098203, 19.140477499694949 ], [ -99.105046598959504, 19.145331567488608 ], [ -99.110946302798951, 19.145328101404594 ], [ -99.113892823727852, 19.14047056941823 ], [ -99.110939815288006, 19.135616641979166 ], [ -99.105040456428213, 19.135620106171967 ], [ -99.102093761098203, 19.140477499694949 ] ] ] } },
{ "type": "Feature", "properties": { "alcaldia": "MLP", "clave": "MLP-158", "n": "158" }, "geometry": { "type": "Polygon", "coordinates": [ [ [ -99.093241735060516, 19.135626466826739 ], [ -99.09619422794168, 19.140480680890455 ], [ -99.102093761098203, 19.140477499694949 ], [ -99.105040456428213, 19.135620106171967 ], [ -99.102087792863614, 19.130766032347417 ], [ -99.096188604582849, 19.130769211806776 ], [ -99.093241735060516, 19.135626466826739 ] ] ] } },
{ "type": "Feature", "properties": { "alcaldia": "MLP", "clave": "MLP-159", "n": "159" }, "geometry": { "type": "Polygon", "coordinates": [ [ [ -99.084395158293347, 19.140486475394958 ], [ -99.087347480282276, 19.145340829658792 ], [ -99.093247187631533, 19.145337931615867 ], [ -99.09619422794168, 19.140480680890455 ], [ -99.093241735060516, 19.135626466826739 ], [ -99.08734237269185, 19.135629363288398 ], [ -99.084395158293347, 19.140486475394958 ] ] ] } },
{ "type": "Feature", "properties": { "alcaldia": "MLP", "clave": "MLP-160", "n": "160" }, "geometry": { "type": "Polygon", "coordinates": [ [ [ -99.075543644932822, 19.135634588479501 ], [ -99.078495621940732, 19.140489088703657 ], [ -99.084395158293347, 19.140486475394958 ], [ -99.08734237269185, 19.135629363288398 ], [ -99.084390224686885, 19.130775003148905 ], [ -99.078491033210881, 19.130777615031391 ], [ -99.075543644932822, 19.135634588479501 ] ] ] } },
{ "type": "Feature", "properties": { "alcaldia": "MLP", "clave": "MLP-161", "n": "161" }, "geometry": { "type": "Polygon", "coordinates": [ [ [ -99.066696546526657, 19.140493747433286 ], [ -99.069648352328713, 19.145348387703013 ], [ -99.075548062561225, 19.145346057702501 ], [ -99.078495621940732, 19.140489088703657 ], [ -99.075543644932822, 19.135634588479501 ], [ -99.069644279681668, 19.135636917208693 ], [ -99.066696546526657, 19.140493747433286 ] ] ] } },
{ "type": "Feature", "properties": { "alcaldia": "MLP", "clave": "MLP-162", "n": "162" }, "geometry": { "type": "Polygon", "coordinates": [ [ [ -99.057845546784037, 19.135641006933742 ], [ -99.060797007604407, 19.14049579285399 ], [ -99.066696546526657, 19.140493747433286 ], [ -99.069644279681668, 19.135636917208693 ], [ -99.06669264755071, 19.130782271218514 ], [ -99.060793453505752, 19.13078431552292 ], [ -99.057845546784037, 19.135641006933742 ] ] ] } },
{ "type": "Feature", "properties": { "alcaldia": "MLP", "clave": "MLP-163", "n": "163" }, "geometry": { "type": "Polygon", "coordinates": [ [ [ -99.048997927677505, 19.140499315806636 ], [ -99.051949216978457, 19.145354241617817 ], [ -99.05784892946771, 19.145352479660776 ], [ -99.060797007604407, 19.14049579285399 ], [ -99.057845546784037, 19.135641006933742 ], [ -99.051946179276754, 19.135642767929401 ], [ -99.048997927677505, 19.140499315806636 ] ] ] } },
{ "type": "Feature", "properties": { "alcaldia": "MLP", "clave": "MLP-164", "n": "164" }, "geometry": { "type": "Polygon", "coordinates": [ [ [ -99.040147442493321, 19.135645722186521 ], [ -99.043098386812076, 19.140500793338401 ], [ -99.048997927677505, 19.140499315806636 ], [ -99.051946179276754, 19.135642767929401 ], [ -99.048995063333976, 19.130787836552905 ], [ -99.043095867346366, 19.13078931327831 ], [ -99.040147442493321, 19.135645722186521 ] ] ] } },
{ "type": "Feature", "properties": { "alcaldia": "MLP", "clave": "MLP-165", "n": "165" }, "geometry": { "type": "Polygon", "coordinates": [ [ [ -99.031299303625289, 19.140503180512443 ], [ -99.034250076111149, 19.145358391400524 ], [ -99.040149790230586, 19.145357197487765 ], [ -99.043098386812076, 19.140500793338401 ], [ -99.040147442493321, 19.135645722186521 ], [ -99.034248073356309, 19.13564691544784 ], [ -99.031299303625289, 19.140503180512443 ] ] ] } },
{ "type": "Feature", "properties": { "alcaldia": "MLP", "clave": "MLP-166", "n": "166" }, "geometry": { "type": "Polygon", "coordinates": [ [ [ -99.022449333939804, 19.135648734235698 ], [ -99.025399761443154, 19.140504090154604 ], [ -99.031299303625289, 19.140503180512443 ], [ -99.034248073356309, 19.13564691544784 ], [ -99.031297473915586, 19.130791699149555 ], [ -99.025398276611611, 19.130792608295266 ], [ -99.022449333939804, 19.135648734235698 ] ] ] } },
{ "type": "Feature", "properties": { "alcaldia": "MLP", "clave": "MLP-167", "n": "167" }, "geometry": { "type": "Polygon", "coordinates": [ [ [ -99.013600676249411, 19.140505341548966 ], [ -99.016550931606503, 19.145360837049246 ], [ -99.022450646729524, 19.145360211181313 ], [ -99.025399761443154, 19.140504090154604 ], [ -99.022449333939804, 19.135648734235698 ], [ -99.016549963799463, 19.135649359762134 ], [ -99.013600676249411, 19.140505341548966 ] ] ] } },
{ "type": "Feature", "properties": { "alcaldia": "MLP", "clave": "MLP-168", "n": "168" }, "geometry": { "type": "Polygon", "coordinates": [ [ [ -99.004751223002671, 19.135650043079888 ], [ -99.00770113337704, 19.1405056833011 ], [ -99.013600676249411, 19.140505341548966 ], [ -99.016549963799463, 19.135649359762134 ], [ -99.013599881174443, 19.130793859006676 ], [ -99.007700683180417, 19.1307942005723 ], [ -99.004751223002671, 19.135650043079888 ] ] ] } },
{ "type": "Feature", "properties": { "alcaldia": "MLP", "clave": "MLP-169", "n": "169" }, "geometry": { "type": "Polygon", "coordinates": [ [ [ -98.995902047429283, 19.1405057989152 ], [ -98.998851785344129, 19.145361578562866 ], [ -99.004751500844208, 19.145361520740039 ], [ -99.00770113337704, 19.1405056833011 ], [ -99.004751223002671, 19.135650043079888 ], [ -98.998851852485373, 19.13565010087116 ], [ -98.995902047429283, 19.1405057989152 ] ] ] } },
{ "type": "Feature", "properties": { "alcaldia": "MLP", "clave": "MLP-170", "n": "170" }, "geometry": { "type": "Polygon", "coordinates": [ [ [ -98.987053111561067, 19.135649648718498 ], [ -98.990002504493148, 19.140505572777155 ], [ -98.995902047429283, 19.1405057989152 ], [ -98.998851852485373, 19.13565010087116 ], [ -98.99590228698942, 19.130794316123307 ], [ -98.990003088931644, 19.130794090108672 ], [ -98.987053111561067, 19.135649648718498 ] ] ] } },
{ "type": "Feature", "properties": { "alcaldia": "MLP", "clave": "MLP-171", "n": "171" }, "geometry": { "type": "Polygon", "coordinates": [ [ [ -98.978203419044334, 19.140504552610945 ], [ -98.981152639203685, 19.145360615941044 ], [ -98.987052354454264, 19.145361126163358 ], [ -98.990002504493148, 19.140505572777155 ], [ -98.987053111561067, 19.135649648718498 ], [ -98.981153741293198, 19.135649138774578 ], [ -98.978203419044334, 19.140504552610945 ] ] ] } },
{ "type": "Feature", "properties": { "alcaldia": "MLP", "clave": "MLP-172", "n": "172" }, "geometry": { "type": "Polygon", "coordinates": [ [ [ -98.969355001494137, 19.13564755115171 ], [ -98.972303876670892, 19.14050375858282 ], [ -98.978203419044334, 19.140504552610945 ], [ -98.981153741293198, 19.135649138774578 ], [ -98.978204693239448, 19.130793070499223 ], [ -98.972305495744209, 19.13079227690444 ], [ -98.969355001494137, 19.13564755115171 ] ] ] } },
{ "type": "Feature", "properties": { "alcaldia": "MLP", "clave": "MLP-173", "n": "173" }, "geometry": { "type": "Polygon", "coordinates": [ [ [ -98.96050479297395, 19.14050160263676 ], [ -98.963453495064854, 19.145357949184227 ], [ -98.96935320943939, 19.145359027451438 ], [ -98.972303876670892, 19.14050375858282 ], [ -98.969355001494137, 19.13564755115171 ], [ -98.963455632102082, 19.135646473472828 ], [ -98.96050479297395, 19.14050160263676 ] ] ] } },
{ "type": "Feature", "properties": { "alcaldia": "MLP", "clave": "MLP-174", "n": "174" }, "geometry": { "type": "Polygon", "coordinates": [ [ [ -98.951656894681022, 19.135643750380471 ], [ -98.954605251789644, 19.140500240718929 ], [ -98.96050479297395, 19.14050160263676 ], [ -98.963455632102082, 19.135646473472828 ], [ -98.960507101803415, 19.130790122134997 ], [ -98.954607905497014, 19.130788760960435 ], [ -98.951656894681022, 19.135643750380471 ] ] ] } },
{ "type": "Feature", "properties": { "alcaldia": "TLP", "clave": "TLP-070", "n": "070" }, "geometry": { "type": "Polygon", "coordinates": [ [ [ -99.279095206932979, 19.150005399554516 ], [ -99.282053363691901, 19.15485656955012 ], [ -99.287953343143542, 19.154847418193928 ], [ -99.290894820596833, 19.149987101833503 ], [ -99.287936496297831, 19.145136073808771 ], [ -99.282036862016, 19.145145220173852 ], [ -99.279095206932979, 19.150005399554516 ] ] ] } },
{ "type": "Feature", "properties": { "alcaldia": "TLP", "clave": "TLP-071", "n": "071" }, "geometry": { "type": "Polygon", "coordinates": [ [ [ -99.270237583537991, 19.145162944891304 ], [ -99.273195395125782, 19.150014264331308 ], [ -99.279095206932979, 19.150005399554516 ], [ -99.282036862016, 19.145145220173852 ], [ -99.2790788827824, 19.140294042589513 ], [ -99.273179416041941, 19.140302902530429 ], [ -99.270237583537991, 19.145162944891304 ] ] ] } },
{ "type": "Feature", "properties": { "alcaldia": "TLP", "clave": "TLP-072", "n": "072" }, "geometry": { "type": "Polygon", "coordinates": [ [ [ -99.261395761909085, 19.150031425715181 ], [ -99.26435340564224, 19.154882886972505 ], [ -99.270253394871617, 19.154874303939856 ], [ -99.273195395125782, 19.150014264331308 ], [ -99.270237583537991, 19.145162944891304 ], [ -99.264337939481024, 19.145171523242787 ], [ -99.261395761909085, 19.150031425715181 ] ] ] } },
{ "type": "Feature", "properties": { "alcaldia": "TLP", "clave": "TLP-073", "n": "073" }, "geometry": { "type": "Polygon", "coordinates": [ [ [ -99.252538642079287, 19.145188111929073 ], [ -99.255495940638767, 19.150039722321406 ], [ -99.261395761909085, 19.150031425715181 ], [ -99.264337939481024, 19.145171523242787 ], [ -99.261380472961235, 19.140320054552518 ], [ -99.25548099676017, 19.140328346632828 ], [ -99.252538642079287, 19.145188111929073 ] ] ] } },
{ "type": "Feature", "properties": { "alcaldia": "TLP", "clave": "TLP-074", "n": "074" }, "geometry": { "type": "Polygon", "coordinates": [ [ [ -99.243696289122369, 19.150055747360319 ], [ -99.246653419512683, 19.154907499416318 ], [ -99.252553417893139, 19.154899484711148 ], [ -99.255495940638767, 19.150039722321406 ], [ -99.252538642079287, 19.145188111929073 ], [ -99.246638988873741, 19.145196122263048 ], [ -99.243696289122369, 19.150055747360319 ] ] ] } },
{ "type": "Feature", "properties": { "alcaldia": "TLP", "clave": "TLP-075", "n": "075" }, "geometry": { "type": "Polygon", "coordinates": [ [ [ -99.234839673801289, 19.145211574910601 ], [ -99.237796459015541, 19.150063475792194 ], [ -99.243696289122369, 19.150055747360319 ], [ -99.246638988873741, 19.145196122263048 ], [ -99.243682035384708, 19.140344362929834 ], [ -99.237782550349493, 19.140352087145736 ], [ -99.234839673801289, 19.145211574910601 ] ] ] } },
{ "type": "Feature", "properties": { "alcaldia": "TLP", "clave": "TLP-076", "n": "076" }, "geometry": { "type": "Polygon", "coordinates": [ [ [ -99.225996790452669, 19.150078364478819 ], [ -99.228953407183312, 19.154930406870331 ], [ -99.234853414088136, 19.154922960496304 ], [ -99.237796459015541, 19.150063475792194 ], [ -99.234839673801289, 19.145211574910601 ], [ -99.22894001207365, 19.145219017223404 ], [ -99.225996790452669, 19.150078364478819 ] ] ] } },
{ "type": "Feature", "properties": { "alcaldia": "TLP", "clave": "TLP-077", "n": "077" }, "geometry": { "type": "Polygon", "coordinates": [ [ [ -99.21714068058354, 19.145233333825168 ], [ -99.220096952135904, 19.150085524732816 ], [ -99.225996790452669, 19.150078364478819 ], [ -99.22894001207365, 19.145219017223404 ], [ -99.225983571932133, 19.140366967710357 ], [ -99.220084078689197, 19.140374124058326 ], [ -99.21714068058354, 19.145233333825168 ] ] ] } },
{ "type": "Feature", "properties": { "alcaldia": "TLP", "clave": "TLP-078", "n": "078" }, "geometry": { "type": "Polygon", "coordinates": [ [ [ -99.20829726777977, 19.150099277060363 ], [ -99.211253370534166, 19.154951609324097 ], [ -99.217153385336687, 19.154944731284594 ], [ -99.220096952135904, 19.150085524732816 ], [ -99.21714068058354, 19.145233333825168 ], [ -99.211241010960308, 19.145240208113407 ], [ -99.20829726777977, 19.150099277060363 ] ] ] } },
{ "type": "Feature", "properties": { "alcaldia": "TLP", "clave": "TLP-079", "n": "079" }, "geometry": { "type": "Polygon", "coordinates": [ [ [ -99.199441664305596, 19.145253388662841 ], [ -99.202397421879681, 19.15010586913321 ], [ -99.20829726777977, 19.150099277060363 ], [ -99.211241010960308, 19.145240208113407 ], [ -99.208285084482824, 19.140387868883757 ], [ -99.202385583658597, 19.140394457360536 ], [ -99.199441664305596, 19.145253388662841 ] ] ] } },
{ "type": "Feature", "properties": { "alcaldia": "TLP", "clave": "TLP-080", "n": "080" }, "geometry": { "type": "Polygon", "coordinates": [ [ [ -99.190597722983526, 19.150118485095398 ], [ -99.193553311445342, 19.154971106767917 ], [ -99.199453333518846, 19.154964797066093 ], [ -99.202397421879681, 19.15010586913321 ], [ -99.199441664305596, 19.145253388662841 ], [ -99.193541987413354, 19.145259694923372 ], [ -99.190597722983526, 19.150118485095398 ] ] ] } },
{ "type": "Feature", "properties": { "alcaldia": "TLP", "clave": "TLP-081", "n": "081" }, "geometry": { "type": "Polygon", "coordinates": [ [ [ -99.181742626847054, 19.145271739414465 ], [ -99.184697870126712, 19.150124508984085 ], [ -99.190597722983526, 19.150118485095398 ], [ -99.193541987413354, 19.145259694923372 ], [ -99.190586574916068, 19.140407066440517 ], [ -99.18468706713702, 19.140413087043083 ], [ -99.181742626847054, 19.145271739414465 ] ] ] } },
{ "type": "Feature", "properties": { "alcaldia": "TLP", "clave": "TLP-082", "n": "082" }, "geometry": { "type": "Polygon", "coordinates": [ [ [ -99.17289815794372, 19.150135988575148 ], [ -99.175853231796907, 19.154988899192908 ], [ -99.181753260514711, 19.154983157831637 ], [ -99.184697870126712, 19.150124508984085 ], [ -99.181742626847054, 19.145271739414465 ], [ -99.17584294331229, 19.145277477644417 ], [ -99.17289815794372, 19.150135988575148 ] ] ] } },
{ "type": "Feature", "properties": { "alcaldia": "TLP", "clave": "TLP-083", "n": "083" }, "geometry": { "type": "Polygon", "coordinates": [ [ [ -99.164043570087514, 19.145288386071663 ], [ -99.166998298756823, 19.150141444276933 ], [ -99.17289815794372, 19.150135988575148 ], [ -99.17584294331229, 19.145277477644417 ], [ -99.17288804511125, 19.140424560371851 ], [ -99.166988531003781, 19.140430013097468 ], [ -99.164043570087514, 19.145288386071663 ] ] ] } },
{ "type": "Feature", "properties": { "alcaldia": "TLP", "clave": "TLP-084", "n": "084" }, "geometry": { "type": "Polygon", "coordinates": [ [ [ -99.155198574540265, 19.15015178749163 ], [ -99.158153133468971, 19.155004986590932 ], [ -99.164053168204376, 19.154999813572836 ], [ -99.166998298756823, 19.150141444276933 ], [ -99.164043570087514, 19.145288386071663 ], [ -99.15814388053677, 19.14529355626841 ], [ -99.155198574540265, 19.15015178749163 ] ] ] } },
{ "type": "Feature", "properties": { "alcaldia": "TLP", "clave": "TLP-085", "n": "085" }, "geometry": { "type": "Polygon", "coordinates": [ [ [ -99.146344495906561, 19.145303328626838 ], [ -99.149298709649884, 19.150156675004023 ], [ -99.155198574540265, 19.15015178749163 ], [ -99.15814388053677, 19.14529355626841 ], [ -99.155189496947685, 19.140440350669781 ], [ -99.149289977138281, 19.140445235515955 ], [ -99.146344495906561, 19.145303328626838 ] ] ] } },
{ "type": "Feature", "properties": { "alcaldia": "MLP", "clave": "MLP-175", "n": "175" }, "geometry": { "type": "Polygon", "coordinates": [ [ [ -99.137498974652985, 19.150165881837641 ], [ -99.140453018341674, 19.155019368954651 ], [ -99.14635305846798, 19.15501476428209 ], [ -99.149298709649884, 19.150156675004023 ], [ -99.146344495906561, 19.145303328626838 ], [ -99.140444800966378, 19.145307930788022 ], [ -99.137498974652985, 19.150165881837641 ] ] ] } },
{ "type": "Feature", "properties": { "alcaldia": "MLP", "clave": "MLP-176", "n": "176" }, "geometry": { "type": "Polygon", "coordinates": [ [ [ -99.128645406183836, 19.145316567073159 ], [ -99.131599104685762, 19.150170201158399 ], [ -99.137498974652985, 19.150165881837641 ], [ -99.140444800966378, 19.145307930788022 ], [ -99.137490932304743, 19.140454437327101 ], [ -99.131591407419847, 19.1404587542916 ], [ -99.128645406183836, 19.145316567073159 ] ] ] } },
{ "type": "Feature", "properties": { "alcaldia": "MLP", "clave": "MLP-177", "n": "177" }, "geometry": { "type": "Polygon", "coordinates": [ [ [ -99.119799360161792, 19.150178271606727 ], [ -99.122752888295125, 19.155032046277494 ], [ -99.128652933185606, 19.155028009952574 ], [ -99.131599104685762, 19.150170201158399 ], [ -99.128645406183836, 19.145316567073159 ], [ -99.122745706480757, 19.14532060119668 ], [ -99.119799360161792, 19.150178271606727 ] ] ] } },
{ "type": "Feature", "properties": { "alcaldia": "MLP", "clave": "MLP-178", "n": "178" }, "geometry": { "type": "Polygon", "coordinates": [ [ [ -99.110946302798951, 19.145328101404594 ], [ -99.113899485744327, 19.150182022733887 ], [ -99.119799360161792, 19.150178271606727 ], [ -99.122745706480757, 19.14532060119668 ], [ -99.119792353061783, 19.140466820337373 ], [ -99.113892823727852, 19.14047056941823 ], [ -99.110946302798951, 19.145328101404594 ] ] ] } },
{ "type": "Feature", "properties": { "alcaldia": "MLP", "clave": "MLP-179", "n": "179" }, "geometry": { "type": "Polygon", "coordinates": [ [ [ -99.102099732946542, 19.150188956793247 ], [ -99.105052745209449, 19.155043018553677 ], [ -99.110952794237392, 19.155039550578241 ], [ -99.113899485744327, 19.150182022733887 ], [ -99.110946302798951, 19.145328101404594 ], [ -99.105046598959504, 19.145331567488608 ], [ -99.102099732946542, 19.150188956793247 ] ] ] } },
{ "type": "Feature", "properties": { "alcaldia": "MLP", "clave": "MLP-180", "n": "180" }, "geometry": { "type": "Polygon", "coordinates": [ [ [ -99.093247187631533, 19.145337931615867 ], [ -99.096199854705461, 19.150192139725089 ], [ -99.102099732946542, 19.150188956793247 ], [ -99.105046598959504, 19.145331567488608 ], [ -99.102093761098203, 19.140477499694949 ], [ -99.09619422794168, 19.140480680890455 ], [ -99.093247187631533, 19.145337931615867 ] ] ] } },
{ "type": "Feature", "properties": { "alcaldia": "MLP", "clave": "MLP-181", "n": "181" }, "geometry": { "type": "Polygon", "coordinates": [ [ [ -99.084400094887101, 19.15019793739231 ], [ -99.087352590964798, 19.15505228577819 ], [ -99.093252643503504, 19.155049386153816 ], [ -99.096199854705461, 19.150192139725089 ], [ -99.093247187631533, 19.145337931615867 ], [ -99.087347480282276, 19.145340829658792 ], [ -99.084400094887101, 19.15019793739231 ] ] ] } },
{ "type": "Feature", "properties": { "alcaldia": "MLP", "clave": "MLP-182", "n": "182" }, "geometry": { "type": "Polygon", "coordinates": [ [ [ -99.075548062561225, 19.145346057702501 ], [ -99.078500213449075, 19.150200552127391 ], [ -99.084400094887101, 19.15019793739231 ], [ -99.087347480282276, 19.145340829658792 ], [ -99.084395158293347, 19.140486475394958 ], [ -99.078495621940732, 19.140489088703657 ], [ -99.075548062561225, 19.145346057702501 ] ] ] } },
{ "type": "Feature", "properties": { "alcaldia": "MLP", "clave": "MLP-183", "n": "183" }, "geometry": { "type": "Polygon", "coordinates": [ [ [ -99.066700447863425, 19.150205213399818 ], [ -99.069652427441326, 19.155059847946802 ], [ -99.075552482864055, 19.155057516674816 ], [ -99.078500213449075, 19.150200552127391 ], [ -99.075548062561225, 19.145346057702501 ], [ -99.069648352328713, 19.145348387703013 ], [ -99.066700447863425, 19.150205213399818 ] ] ] } },
{ "type": "Feature", "properties": { "alcaldia": "MLP", "clave": "MLP-184", "n": "184" }, "geometry": { "type": "Polygon", "coordinates": [ [ [ -99.05784892946771, 19.145352479660776 ], [ -99.060800563855054, 19.150207259936941 ], [ -99.066700447863425, 19.150205213399818 ], [ -99.069648352328713, 19.145348387703013 ], [ -99.066696546526657, 19.140493747433286 ], [ -99.060797007604407, 19.14049579285399 ], [ -99.05784892946771, 19.145352479660776 ] ] ] } },
{ "type": "Feature", "properties": { "alcaldia": "MLP", "clave": "MLP-185", "n": "185" }, "geometry": { "type": "Polygon", "coordinates": [ [ [ -99.049000793755368, 19.150210784812465 ], [ -99.051952256519144, 19.155065705056064 ], [ -99.057852314199224, 19.155063942137531 ], [ -99.060800563855054, 19.150207259936941 ], [ -99.05784892946771, 19.145352479660776 ], [ -99.051949216978457, 19.145354241617817 ], [ -99.049000793755368, 19.150210784812465 ] ] ] } },
{ "type": "Feature", "properties": { "alcaldia": "MLP", "clave": "MLP-186", "n": "186" }, "geometry": { "type": "Polygon", "coordinates": [ [ [ -99.040149790230586, 19.145357197487765 ], [ -99.043100907803307, 19.150212263150689 ], [ -99.049000793755368, 19.150210784812465 ], [ -99.051949216978457, 19.145354241617817 ], [ -99.048997927677505, 19.140499315806636 ], [ -99.043098386812076, 19.140500793338401 ], [ -99.040149790230586, 19.145357197487765 ] ] ] } },
{ "type": "Feature", "properties": { "alcaldia": "MLP", "clave": "MLP-187", "n": "187" }, "geometry": { "type": "Polygon", "coordinates": [ [ [ -99.031301134442856, 19.150214651627682 ], [ -99.034252080078474, 19.155069857103285 ], [ -99.04015213938915, 19.155068662539016 ], [ -99.043100907803307, 19.150212263150689 ], [ -99.040149790230586, 19.145357197487765 ], [ -99.034250076111149, 19.145358391400524 ], [ -99.031301134442856, 19.150214651627682 ] ] ] } },
{ "type": "Feature", "properties": { "alcaldia": "MLP", "clave": "MLP-188", "n": "188" }, "geometry": { "type": "Polygon", "coordinates": [ [ [ -99.022450646729524, 19.145360211181313 ], [ -99.025401247173733, 19.150215561766338 ], [ -99.031301134442856, 19.150214651627682 ], [ -99.034250076111149, 19.145358391400524 ], [ -99.031299303625289, 19.140503180512443 ], [ -99.025399761443154, 19.140504090154604 ], [ -99.022450646729524, 19.145360211181313 ] ] ] } },
{ "type": "Feature", "properties": { "alcaldia": "MLP", "clave": "MLP-189", "n": "189" }, "geometry": { "type": "Polygon", "coordinates": [ [ [ -99.013601471805814, 19.150216813843731 ], [ -99.016551899999442, 19.155072304086591 ], [ -99.022451960314001, 19.155071677877121 ], [ -99.025401247173733, 19.150215561766338 ], [ -99.022450646729524, 19.145360211181313 ], [ -99.016550931606503, 19.145360837049246 ], [ -99.013601471805814, 19.150216813843731 ] ] ] } },
{ "type": "Feature", "properties": { "alcaldia": "MLP", "clave": "MLP-190", "n": "190" }, "geometry": { "type": "Polygon", "coordinates": [ [ [ -99.004751500844208, 19.145361520740039 ], [ -99.007701583846256, 19.150217155782393 ], [ -99.013601471805814, 19.150216813843731 ], [ -99.016550931606503, 19.145360837049246 ], [ -99.013600676249411, 19.140505341548966 ], [ -99.00770113337704, 19.1405056833011 ], [ -99.004751500844208, 19.145361520740039 ] ] ] } },
{ "type": "Feature", "properties": { "alcaldia": "MLP", "clave": "MLP-191", "n": "191" }, "geometry": { "type": "Polygon", "coordinates": [ [ [ -98.99590180772411, 19.150217271459596 ], [ -98.998851718162229, 19.155073046004855 ], [ -99.004751778853944, 19.155072988150472 ], [ -99.007701583846256, 19.150217155782393 ], [ -99.004751500844208, 19.145361520740039 ], [ -98.998851785344129, 19.145361578562866 ], [ -98.99590180772411, 19.150217271459596 ] ] ] } },
{ "type": "Feature", "properties": { "alcaldia": "MLP", "clave": "MLP-192", "n": "192" }, "geometry": { "type": "Polygon", "coordinates": [ [ [ -98.987052354454264, 19.145361126163358 ], [ -98.990001919700788, 19.150217045198126 ], [ -98.99590180772411, 19.150217271459596 ], [ -98.998851785344129, 19.145361578562866 ], [ -98.995902047429283, 19.1405057989152 ], [ -98.990002504493148, 19.140505572777155 ], [ -98.987052354454264, 19.145361126163358 ] ] ] } },
{ "type": "Feature", "properties": { "alcaldia": "MLP", "clave": "MLP-193", "n": "193" }, "geometry": { "type": "Polygon", "coordinates": [ [ [ -98.978202144077699, 19.150216024475089 ], [ -98.981151536446987, 19.155072082857732 ], [ -98.987051596889131, 19.155072593358469 ], [ -98.990001919700788, 19.150217045198126 ], [ -98.987052354454264, 19.145361126163358 ], [ -98.981152639203685, 19.145360615941044 ], [ -98.978202144077699, 19.150216024475089 ] ] ] } },
{ "type": "Feature", "properties": { "alcaldia": "MLP", "clave": "MLP-194", "n": "194" }, "geometry": { "type": "Polygon", "coordinates": [ [ [ -98.96935320943939, 19.145359027451438 ], [ -98.972302256617226, 19.150215230013579 ], [ -98.978202144077699, 19.150216024475089 ], [ -98.981152639203685, 19.145360615941044 ], [ -98.978203419044334, 19.140504552610945 ], [ -98.972303876670892, 19.14050375858282 ], [ -98.96935320943939, 19.145359027451438 ] ] ] } },
{ "type": "Feature", "properties": { "alcaldia": "MLP", "clave": "MLP-195", "n": "195" }, "geometry": { "type": "Polygon", "coordinates": [ [ [ -98.960502482746477, 19.150213072890772 ], [ -98.96345135673387, 19.155069414645673 ], [ -98.969351416299745, 19.155070493501295 ], [ -98.972302256617226, 19.150215230013579 ], [ -98.96935320943939, 19.145359027451438 ], [ -98.963453495064854, 19.145357949184227 ], [ -98.960502482746477, 19.150213072890772 ] ] ] } },
{ "type": "Feature", "properties": { "alcaldia": "MLP", "clave": "MLP-196", "n": "196" }, "geometry": { "type": "Polygon", "coordinates": [ [ [ -98.9516540676792, 19.14535522460524 ], [ -98.954602596475453, 19.150211710229588 ], [ -98.960502482746477, 19.150213072890772 ], [ -98.963453495064854, 19.145357949184227 ], [ -98.96050479297395, 19.14050160263676 ], [ -98.954605251789644, 19.140500240718929 ], [ -98.9516540676792, 19.14535522460524 ] ] ] } },
{ "type": "Feature", "properties": { "alcaldia": "TLP", "clave": "TLP-086", "n": "086" }, "geometry": { "type": "Polygon", "coordinates": [ [ [ -99.287953343143542, 19.154847418193928 ], [ -99.290911845176737, 19.159698438550794 ], [ -99.296811992167036, 19.159689000461103 ], [ -99.29975329178167, 19.154828547161198 ], [ -99.29679462231428, 19.149977668890202 ], [ -99.290894820596833, 19.149987101833503 ], [ -99.287953343143542, 19.154847418193928 ] ] ] } },
{ "type": "Feature", "properties": { "alcaldia": "TLP", "clave": "TLP-087", "n": "087" }, "geometry": { "type": "Polygon", "coordinates": [ [ [ -99.279111540964408, 19.15971674625461 ], [ -99.282069875354438, 19.164567908659002 ], [ -99.287970200184773, 19.164558752311123 ], [ -99.290911845176737, 19.159698438550794 ], [ -99.287953343143542, 19.154847418193928 ], [ -99.282053363691901, 19.15485656955012 ], [ -99.279111540964408, 19.15971674625461 ] ] ] } },
{ "type": "Feature", "properties": { "alcaldia": "TLP", "clave": "TLP-088", "n": "088" }, "geometry": { "type": "Polygon", "coordinates": [ [ [ -99.270253394871617, 19.154874303939856 ], [ -99.27321138388163, 19.159725615867803 ], [ -99.279111540964408, 19.15971674625461 ], [ -99.282053363691901, 19.15485656955012 ], [ -99.279095206932979, 19.150005399554516 ], [ -99.273195395125782, 19.150014264331308 ], [ -99.270253394871617, 19.154874303939856 ] ] ] } },
{ "type": "Feature", "properties": { "alcaldia": "TLP", "clave": "TLP-089", "n": "089" }, "geometry": { "type": "Polygon", "coordinates": [ [ [ -99.2614110601112, 19.159742786614537 ], [ -99.264368881163392, 19.164594240436443 ], [ -99.270269215774093, 19.164585652722113 ], [ -99.27321138388163, 19.159725615867803 ], [ -99.270253394871617, 19.154874303939856 ], [ -99.26435340564224, 19.154882886972505 ], [ -99.2614110601112, 19.159742786614537 ] ] ] } },
{ "type": "Feature", "properties": { "alcaldia": "TLP", "clave": "TLP-090", "n": "090" }, "geometry": { "type": "Polygon", "coordinates": [ [ [ -99.252553417893139, 19.154899484711148 ], [ -99.255510893562757, 19.159751087747193 ], [ -99.2614110601112, 19.159742786614537 ], [ -99.26435340564224, 19.154882886972505 ], [ -99.261395761909085, 19.150031425715181 ], [ -99.255495940638767, 19.150039722321406 ], [ -99.252553417893139, 19.154899484711148 ] ] ] } },
{ "type": "Feature", "properties": { "alcaldia": "TLP", "clave": "TLP-091", "n": "091" }, "geometry": { "type": "Polygon", "coordinates": [ [ [ -99.243710551487709, 19.159767121528994 ], [ -99.246667858884919, 19.164618866305332 ], [ -99.252568202649158, 19.164610847228477 ], [ -99.255510893562757, 19.159751087747193 ], [ -99.252553417893139, 19.154899484711148 ], [ -99.246653419512683, 19.154907499416318 ], [ -99.243710551487709, 19.159767121528994 ] ] ] } },
{ "type": "Feature", "properties": { "alcaldia": "TLP", "clave": "TLP-092", "n": "092" }, "geometry": { "type": "Polygon", "coordinates": [ [ [ -99.234853414088136, 19.154922960496304 ], [ -99.23781037610037, 19.159774854177321 ], [ -99.243710551487709, 19.159767121528994 ], [ -99.246653419512683, 19.154907499416318 ], [ -99.243696289122369, 19.150055747360319 ], [ -99.237796459015541, 19.150063475792194 ], [ -99.234853414088136, 19.154922960496304 ] ] ] } },
{ "type": "Feature", "properties": { "alcaldia": "TLP", "clave": "TLP-093", "n": "093" }, "geometry": { "type": "Polygon", "coordinates": [ [ [ -99.226010016974271, 19.159789750986874 ], [ -99.228966810399569, 19.164641786254421 ], [ -99.234867162690463, 19.164634335818693 ], [ -99.23781037610037, 19.159774854177321 ], [ -99.234853414088136, 19.154922960496304 ], [ -99.228953407183312, 19.154930406870331 ], [ -99.226010016974271, 19.159789750986874 ] ] ] } },
{ "type": "Feature", "properties": { "alcaldia": "TLP", "clave": "TLP-094", "n": "094" }, "geometry": { "type": "Polygon", "coordinates": [ [ [ -99.217153385336687, 19.154944731284594 ], [ -99.220109833374806, 19.159796915147336 ], [ -99.226010016974271, 19.159789750986874 ], [ -99.228953407183312, 19.154930406870331 ], [ -99.225996790452669, 19.150078364478819 ], [ -99.220096952135904, 19.150085524732816 ], [ -99.217153385336687, 19.154944731284594 ] ] ] } },
{ "type": "Feature", "properties": { "alcaldia": "TLP", "clave": "TLP-095", "n": "095" }, "geometry": { "type": "Polygon", "coordinates": [ [ [ -99.208309458451197, 19.159810674977834 ], [ -99.211265737587908, 19.164663000273251 ], [ -99.21716609777863, 19.164656118482064 ], [ -99.220109833374806, 19.159796915147336 ], [ -99.217153385336687, 19.154944731284594 ], [ -99.211253370534166, 19.154951609324097 ], [ -99.208309458451197, 19.159810674977834 ] ] ] } },
{ "type": "Feature", "properties": { "alcaldia": "TLP", "clave": "TLP-096", "n": "096" }, "geometry": { "type": "Polygon", "coordinates": [ [ [ -99.199453333518846, 19.154964797066093 ], [ -99.202409267266361, 19.159817270647167 ], [ -99.208309458451197, 19.159810674977834 ], [ -99.211253370534166, 19.154951609324097 ], [ -99.20829726777977, 19.150099277060363 ], [ -99.202397421879681, 19.15010586913321 ], [ -99.199453333518846, 19.154964797066093 ] ] ] } },
{ "type": "Feature", "properties": { "alcaldia": "TLP", "clave": "TLP-097", "n": "097" }, "geometry": { "type": "Polygon", "coordinates": [ [ [ -99.190608877798795, 19.159829893492329 ], [ -99.193564642330514, 19.164682508352136 ], [ -99.199465009794181, 19.164676195208624 ], [ -99.202409267266361, 19.159817270647167 ], [ -99.199453333518846, 19.154964797066093 ], [ -99.193553311445342, 19.154971106767917 ], [ -99.190608877798795, 19.159829893492329 ] ] ] } },
{ "type": "Feature", "properties": { "alcaldia": "TLP", "clave": "TLP-098", "n": "098" }, "geometry": { "type": "Polygon", "coordinates": [ [ [ -99.181753260514711, 19.154983157831637 ], [ -99.184708679655373, 19.159835920667518 ], [ -99.190608877798795, 19.159829893492329 ], [ -99.193553311445342, 19.154971106767917 ], [ -99.190597722983526, 19.150118485095398 ], [ -99.184697870126712, 19.150124508984085 ], [ -99.181753260514711, 19.154983157831637 ] ] ] } },
{ "type": "Feature", "properties": { "alcaldia": "TLP", "clave": "TLP-099", "n": "099" }, "geometry": { "type": "Polygon", "coordinates": [ [ [ -99.172908276897417, 19.159847406521582 ], [ -99.17586352650801, 19.164700310482164 ], [ -99.181763900617753, 19.164694565989215 ], [ -99.184708679655373, 19.159835920667518 ], [ -99.181753260514711, 19.154983157831637 ], [ -99.175853231796907, 19.154988899192908 ], [ -99.172908276897417, 19.159847406521582 ] ] ] } },
{ "type": "Feature", "properties": { "alcaldia": "TLP", "clave": "TLP-100", "n": "100" }, "geometry": { "type": "Polygon", "coordinates": [ [ [ -99.164053168204376, 19.154999813572836 ], [ -99.167008072422206, 19.159852865199881 ], [ -99.172908276897417, 19.159847406521582 ], [ -99.175853231796907, 19.154988899192908 ], [ -99.17289815794372, 19.150135988575148 ], [ -99.166998298756823, 19.150141444276933 ], [ -99.164053168204376, 19.154999813572836 ] ] ] } },
{ "type": "Feature", "properties": { "alcaldia": "TLP", "clave": "TLP-101", "n": "101" }, "geometry": { "type": "Polygon", "coordinates": [ [ [ -99.155207657627443, 19.159863214057598 ], [ -99.158162392000989, 19.164716406655209 ], [ -99.164062772129952, 19.164711230815442 ], [ -99.167008072422206, 19.159852865199881 ], [ -99.164053168204376, 19.154999813572836 ], [ -99.158153133468971, 19.155004986590932 ], [ -99.155207657627443, 19.159863214057598 ] ] ] } },
{ "type": "Feature", "properties": { "alcaldia": "TLP", "clave": "TLP-102", "n": "102" }, "geometry": { "type": "Polygon", "coordinates": [ [ [ -99.14635305846798, 19.15501476428209 ], [ -99.149307447447214, 19.159868104236509 ], [ -99.155207657627443, 19.159863214057598 ], [ -99.158153133468971, 19.155004986590932 ], [ -99.155198574540265, 19.15015178749163 ], [ -99.149298709649884, 19.150156675004023 ], [ -99.14635305846798, 19.15501476428209 ] ] ] } },
{ "type": "Feature", "properties": { "alcaldia": "TLP", "clave": "TLP-103", "n": "103" }, "geometry": { "type": "Polygon", "coordinates": [ [ [ -99.137507021869226, 19.159877316093166 ], [ -99.140461240690058, 19.164730796863925 ], [ -99.146361626211373, 19.164726189679701 ], [ -99.149307447447214, 19.159868104236509 ], [ -99.14635305846798, 19.15501476428209 ], [ -99.140453018341674, 19.155019368954651 ], [ -99.137507021869226, 19.159877316093166 ] ] ] } },
{ "type": "Feature", "properties": { "alcaldia": "TLP", "clave": "TLP-104", "n": "104" }, "geometry": { "type": "Polygon", "coordinates": [ [ [ -99.128652933185606, 19.155028009952574 ], [ -99.131606806610776, 19.159881637770447 ], [ -99.137507021869226, 19.159877316093166 ], [ -99.140453018341674, 19.155019368954651 ], [ -99.137498974652985, 19.150165881837641 ], [ -99.131599104685762, 19.150170201158399 ], [ -99.128652933185606, 19.155028009952574 ] ] ] } },
{ "type": "Feature", "properties": { "alcaldia": "MLP", "clave": "MLP-197", "n": "197" }, "geometry": { "type": "Polygon", "coordinates": [ [ [ -99.119806371503145, 19.15988971262183 ], [ -99.122760074455869, 19.164743481101745 ], [ -99.128660464742651, 19.164739442575168 ], [ -99.131606806610776, 19.159881637770447 ], [ -99.128652933185606, 19.155028009952574 ], [ -99.122752888295125, 19.155032046277494 ], [ -99.119806371503145, 19.15988971262183 ] ] ] } },
{ "type": "Feature", "properties": { "alcaldia": "MLP", "clave": "MLP-198", "n": "198" }, "geometry": { "type": "Polygon", "coordinates": [ [ [ -99.110952794237392, 19.155039550578241 ], [ -99.113906151793259, 19.15989346579552 ], [ -99.119806371503145, 19.15988971262183 ], [ -99.122752888295125, 19.155032046277494 ], [ -99.119799360161792, 19.150178271606727 ], [ -99.113899485744327, 19.150182022733887 ], [ -99.110952794237392, 19.155039550578241 ] ] ] } },
{ "type": "Feature", "properties": { "alcaldia": "MLP", "clave": "MLP-199", "n": "199" }, "geometry": { "type": "Polygon", "coordinates": [ [ [ -99.102105708409582, 19.159900403637945 ], [ -99.10505889517907, 19.164754459362857 ], [ -99.110959289604423, 19.164750989495776 ], [ -99.113906151793259, 19.15989346579552 ], [ -99.110952794237392, 19.155039550578241 ], [ -99.105052745209449, 19.155043018553677 ], [ -99.102105708409582, 19.159900403637945 ] ] ] } },
{ "type": "Feature", "properties": { "alcaldia": "MLP", "clave": "MLP-200", "n": "200" }, "geometry": { "type": "Polygon", "coordinates": [ [ [ -99.093252643503504, 19.155049386153816 ], [ -99.096205484875071, 19.159903588306324 ], [ -99.102105708409582, 19.159900403637945 ], [ -99.105052745209449, 19.155043018553677 ], [ -99.102099732946542, 19.150188956793247 ], [ -99.096199854705461, 19.150192139725089 ], [ -99.093252643503504, 19.155049386153816 ] ] ] } },
{ "type": "Feature", "properties": { "alcaldia": "MLP", "clave": "MLP-201", "n": "201" }, "geometry": { "type": "Polygon", "coordinates": [ [ [ -99.084405034468958, 19.159909389136622 ], [ -99.08735770474027, 19.164763731642267 ], [ -99.093258102677325, 19.164760830436261 ], [ -99.096205484875071, 19.159903588306324 ], [ -99.093252643503504, 19.155049386153816 ], [ -99.087352590964798, 19.15505228577819 ], [ -99.084405034468958, 19.159909389136622 ] ] ] } },
{ "type": "Feature", "properties": { "alcaldia": "MLP", "clave": "MLP-202", "n": "202" }, "geometry": { "type": "Polygon", "coordinates": [ [ [ -99.075552482864055, 19.155057516674816 ], [ -99.078504807736621, 19.159912005298242 ], [ -99.084405034468958, 19.159909389136622 ], [ -99.087352590964798, 19.15505228577819 ], [ -99.084400094887101, 19.15019793739231 ], [ -99.078500213449075, 19.150200552127391 ], [ -99.075552482864055, 19.155057516674816 ] ] ] } },
{ "type": "Feature", "properties": { "alcaldia": "MLP", "clave": "MLP-203", "n": "203" }, "geometry": { "type": "Polygon", "coordinates": [ [ [ -99.06670435156164, 19.159916669113763 ], [ -99.069656505020149, 19.16477129793574 ], [ -99.075556905842021, 19.164768965392138 ], [ -99.078504807736621, 19.159912005298242 ], [ -99.075552482864055, 19.155057516674816 ], [ -99.069652427441326, 19.155059847946802 ], [ -99.06670435156164, 19.159916669113763 ] ] ] } },
{ "type": "Feature", "properties": { "alcaldia": "MLP", "clave": "MLP-204", "n": "204" }, "geometry": { "type": "Polygon", "coordinates": [ [ [ -99.057852314199224, 19.155063942137531 ], [ -99.06080412225829, 19.159918716767425 ], [ -99.06670435156164, 19.159916669113763 ], [ -99.069652427441326, 19.155059847946802 ], [ -99.066700447863425, 19.150205213399818 ], [ -99.060800563855054, 19.150207259936941 ], [ -99.057852314199224, 19.155063942137531 ] ] ] } },
{ "type": "Feature", "properties": { "alcaldia": "MLP", "clave": "MLP-205", "n": "205" }, "geometry": { "type": "Polygon", "coordinates": [ [ [ -99.049003661568051, 19.159922243566044 ], [ -99.051955297899354, 19.164777158239811 ], [ -99.057855700979161, 19.16477539435968 ], [ -99.06080412225829, 19.159918716767425 ], [ -99.057852314199224, 19.155063942137531 ], [ -99.051952256519144, 19.155065705056064 ], [ -99.049003661568051, 19.159922243566044 ] ] ] } },
{ "type": "Feature", "properties": { "alcaldia": "MLP", "clave": "MLP-206", "n": "206" }, "geometry": { "type": "Polygon", "coordinates": [ [ [ -99.04015213938915, 19.155068662539016 ], [ -99.043103430320485, 19.159923722710815 ], [ -99.049003661568051, 19.159922243566044 ], [ -99.051952256519144, 19.155065705056064 ], [ -99.049000793755368, 19.150210784812465 ], [ -99.043100907803307, 19.150212263150689 ], [ -99.04015213938915, 19.155068662539016 ] ] ] } },
{ "type": "Feature", "properties": { "alcaldia": "MLP", "clave": "MLP-207", "n": "207" }, "geometry": { "type": "Polygon", "coordinates": [ [ [ -99.031302966368628, 19.159926112490915 ], [ -99.034254085258553, 19.164781312551813 ], [ -99.040154489969424, 19.164780117335955 ], [ -99.043103430320485, 19.159923722710815 ], [ -99.04015213938915, 19.155068662539016 ], [ -99.034252080078474, 19.155069857103285 ], [ -99.031302966368628, 19.159926112490915 ] ] ] } },
{ "type": "Feature", "properties": { "alcaldia": "MLP", "clave": "MLP-208", "n": "208" }, "geometry": { "type": "Polygon", "coordinates": [ [ [ -99.022451960314001, 19.155071677877121 ], [ -99.025402733803645, 19.159927023126119 ], [ -99.031302966368628, 19.159926112490915 ], [ -99.034252080078474, 19.155069857103285 ], [ -99.031301134442856, 19.150214651627682 ], [ -99.025401247173733, 19.150215561766338 ], [ -99.022451960314001, 19.155071677877121 ] ] ] } },
{ "type": "Feature", "properties": { "alcaldia": "MLP", "clave": "MLP-209", "n": "209" }, "geometry": { "type": "Polygon", "coordinates": [ [ [ -99.013602267843751, 19.159928275886614 ], [ -99.016552868978437, 19.164783760869852 ], [ -99.022453274693447, 19.164783134318807 ], [ -99.025402733803645, 19.159927023126119 ], [ -99.022451960314001, 19.155071677877121 ], [ -99.016551899999442, 19.155072304086591 ], [ -99.013602267843751, 19.159928275886614 ] ] ] } },
{ "type": "Feature", "properties": { "alcaldia": "MLP", "clave": "MLP-210", "n": "210" }, "geometry": { "type": "Polygon", "coordinates": [ [ [ -99.004751778853944, 19.155072988150472 ], [ -99.007702034588149, 19.159928618011833 ], [ -99.013602267843751, 19.159928275886614 ], [ -99.016551899999442, 19.155072304086591 ], [ -99.013601471805814, 19.150216813843731 ], [ -99.007701583846256, 19.150217155782393 ], [ -99.004751778853944, 19.155072988150472 ] ] ] } },
{ "type": "Feature", "properties": { "alcaldia": "MLP", "clave": "MLP-211", "n": "211" }, "geometry": { "type": "Polygon", "coordinates": [ [ [ -98.995901567873858, 19.159928733752146 ], [ -98.998851650939656, 19.164784503192795 ], [ -99.004752057031922, 19.164784445306857 ], [ -99.007702034588149, 19.159928618011833 ], [ -99.004751778853944, 19.155072988150472 ], [ -98.998851718162229, 19.155073046004855 ], [ -98.995901567873858, 19.159928733752146 ] ] ] } },
{ "type": "Feature", "properties": { "alcaldia": "MLP", "clave": "MLP-212", "n": "212" }, "geometry": { "type": "Polygon", "coordinates": [ [ [ -98.987051596889131, 19.155072593358469 ], [ -98.990001334554449, 19.15992850736723 ], [ -98.995901567873858, 19.159928733752146 ], [ -98.998851718162229, 19.155073046004855 ], [ -98.99590180772411, 19.150217271459596 ], [ -98.990001919700788, 19.150217045198126 ], [ -98.987051596889131, 19.155072593358469 ] ] ] } },
{ "type": "Feature", "properties": { "alcaldia": "MLP", "clave": "MLP-213", "n": "213" }, "geometry": { "type": "Polygon", "coordinates": [ [ [ -98.978200868339329, 19.159927486087316 ], [ -98.98115043302289, 19.164783539520318 ], [ -98.987050838865528, 19.164784050299509 ], [ -98.990001334554449, 19.15992850736723 ], [ -98.987051596889131, 19.155072593358469 ], [ -98.981151536446987, 19.155072082857732 ], [ -98.978200868339329, 19.159927486087316 ] ] ] } },
{ "type": "Feature", "properties": { "alcaldia": "MLP", "clave": "MLP-214", "n": "214" }, "geometry": { "type": "Polygon", "coordinates": [ [ [ -98.969351416299745, 19.155070493501295 ], [ -98.97230063558294, 19.159926691192361 ], [ -98.978200868339329, 19.159927486087316 ], [ -98.981151536446987, 19.155072082857732 ], [ -98.978202144077699, 19.150216024475089 ], [ -98.972302256617226, 19.150215230013579 ], [ -98.969351416299745, 19.155070493501295 ] ] ] } },
{ "type": "Feature", "properties": { "alcaldia": "MLP", "clave": "MLP-215", "n": "215" }, "geometry": { "type": "Polygon", "coordinates": [ [ [ -98.960500171120643, 19.159924532892678 ], [ -98.963449217108803, 19.164780869852859 ], [ -98.969349622074901, 19.164781949296948 ], [ -98.97230063558294, 19.159926691192361 ], [ -98.969351416299745, 19.155070493501295 ], [ -98.96345135673387, 19.155069414645673 ], [ -98.960500171120643, 19.159924532892678 ] ] ] } },
{ "type": "Feature", "properties": { "alcaldia": "MLP", "clave": "MLP-216", "n": "216" }, "geometry": { "type": "Polygon", "coordinates": [ [ [ -98.951651238965923, 19.155066688579907 ], [ -98.954599939554029, 19.15992316948806 ], [ -98.960500171120643, 19.159924532892678 ], [ -98.96345135673387, 19.155069414645673 ], [ -98.960502482746477, 19.150213072890772 ], [ -98.954602596475453, 19.150211710229588 ], [ -98.951651238965923, 19.155066688579907 ] ] ] } },
{ "type": "Feature", "properties": { "alcaldia": "TLP", "clave": "TLP-105", "n": "105" }, "geometry": { "type": "Polygon", "coordinates": [ [ [ -99.287970200184773, 19.164558752311123 ], [ -99.29092888005799, 19.169409764997628 ], [ -99.296829372530084, 19.169400321760968 ], [ -99.299770839577519, 19.164539870985038 ], [ -99.296811992167036, 19.159689000461103 ], [ -99.290911845176737, 19.159698438550794 ], [ -99.287970200184773, 19.164558752311123 ] ] ] } },
{ "type": "Feature", "properties": { "alcaldia": "TLP", "clave": "TLP-106", "n": "106" }, "geometry": { "type": "Polygon", "coordinates": [ [ [ -99.279127884879344, 19.169428082685378 ], [ -99.282086397006296, 19.174279237496094 ], [ -99.287987067424268, 19.174270076155963 ], [ -99.29092888005799, 19.169409764997628 ], [ -99.287970200184773, 19.164558752311123 ], [ -99.282069875354438, 19.164567908659002 ], [ -99.279127884879344, 19.169428082685378 ] ] ] } },
{ "type": "Feature", "properties": { "alcaldia": "TLP", "clave": "TLP-107", "n": "107" }, "geometry": { "type": "Polygon", "coordinates": [ [ [ -99.270269215774093, 19.164585652722113 ], [ -99.273227382312101, 19.169436957135542 ], [ -99.279127884879344, 19.169428082685378 ], [ -99.282069875354438, 19.164567908659002 ], [ -99.279111540964408, 19.15971674625461 ], [ -99.27321138388163, 19.159725615867803 ], [ -99.270269215774093, 19.164585652722113 ] ] ] } },
{ "type": "Feature", "properties": { "alcaldia": "TLP", "clave": "TLP-108", "n": "108" }, "geometry": { "type": "Polygon", "coordinates": [ [ [ -99.261426367570081, 19.169454137246174 ], [ -99.26438436604704, 19.174305583630215 ], [ -99.27028504624802, 19.174296991233671 ], [ -99.273227382312101, 19.169436957135542 ], [ -99.270269215774093, 19.164585652722113 ], [ -99.264368881163392, 19.164594240436443 ], [ -99.261426367570081, 19.169454137246174 ] ] ] } },
{ "type": "Feature", "properties": { "alcaldia": "TLP", "clave": "TLP-109", "n": "109" }, "geometry": { "type": "Polygon", "coordinates": [ [ [ -99.252568202649158, 19.164610847228477 ], [ -99.255525855534586, 19.169462442905782 ], [ -99.261426367570081, 19.169454137246174 ], [ -99.264368881163392, 19.164594240436443 ], [ -99.2614110601112, 19.159742786614537 ], [ -99.255510893562757, 19.159751087747193 ], [ -99.252568202649158, 19.164610847228477 ] ] ] } },
{ "type": "Feature", "properties": { "alcaldia": "TLP", "clave": "TLP-110", "n": "110" }, "geometry": { "type": "Polygon", "coordinates": [ [ [ -99.243724822483046, 19.169478485431455 ], [ -99.246682306992781, 19.174330222925693 ], [ -99.252582996349744, 19.174322199476659 ], [ -99.255525855534586, 19.169462442905782 ], [ -99.252568202649158, 19.164610847228477 ], [ -99.246667858884919, 19.164618866305332 ], [ -99.243724822483046, 19.169478485431455 ] ] ] } },
{ "type": "Feature", "properties": { "alcaldia": "TLP", "clave": "TLP-111", "n": "111" }, "geometry": { "type": "Polygon", "coordinates": [ [ [ -99.234867162690463, 19.164634335818693 ], [ -99.237824301606295, 19.169486222296712 ], [ -99.243724822483046, 19.169478485431455 ], [ -99.246667858884919, 19.164618866305332 ], [ -99.243710551487709, 19.159767121528994 ], [ -99.23781037610037, 19.159774854177321 ], [ -99.234867162690463, 19.164634335818693 ] ] ] } },
{ "type": "Feature", "properties": { "alcaldia": "TLP", "clave": "TLP-112", "n": "112" }, "geometry": { "type": "Polygon", "coordinates": [ [ [ -99.2260232514991, 19.169501127230102 ], [ -99.228980221724598, 19.174353155371278 ], [ -99.234880919610518, 19.174345700873399 ], [ -99.237824301606295, 19.169486222296712 ], [ -99.234867162690463, 19.164634335818693 ], [ -99.228966810399569, 19.164641786254421 ], [ -99.2260232514991, 19.169501127230102 ] ] ] } },
{ "type": "Feature", "properties": { "alcaldia": "TLP", "clave": "TLP-113", "n": "113" }, "geometry": { "type": "Polygon", "coordinates": [ [ [ -99.21716609777863, 19.164656118482064 ], [ -99.220122722407993, 19.169508295297479 ], [ -99.2260232514991, 19.169501127230102 ], [ -99.228966810399569, 19.164641786254421 ], [ -99.226010016974271, 19.159789750986874 ], [ -99.220109833374806, 19.159796915147336 ], [ -99.21716609777863, 19.164656118482064 ] ] ] } },
{ "type": "Feature", "properties": { "alcaldia": "TLP", "clave": "TLP-114", "n": "114" }, "geometry": { "type": "Polygon", "coordinates": [ [ [ -99.208321656499052, 19.169522062631778 ], [ -99.211278112123551, 19.174374380956483 ], [ -99.217178817911432, 19.174367495413183 ], [ -99.220122722407993, 19.169508295297479 ], [ -99.21716609777863, 19.164656118482064 ], [ -99.211265737587908, 19.164663000273251 ], [ -99.208321656499052, 19.169522062631778 ] ] ] } },
{ "type": "Feature", "properties": { "alcaldia": "TLP", "clave": "TLP-115", "n": "115" }, "geometry": { "type": "Polygon", "coordinates": [ [ [ -99.199465009794181, 19.164676195208624 ], [ -99.202421119820542, 19.169528661898003 ], [ -99.208321656499052, 19.169522062631778 ], [ -99.211265737587908, 19.164663000273251 ], [ -99.208309458451197, 19.159810674977834 ], [ -99.202409267266361, 19.159817270647167 ], [ -99.199465009794181, 19.164676195208624 ] ] ] } },
{ "type": "Feature", "properties": { "alcaldia": "TLP", "clave": "TLP-116", "n": "116" }, "geometry": { "type": "Polygon", "coordinates": [ [ [ -99.190620039363736, 19.169541291626921 ], [ -99.193575980070747, 19.174393899671628 ], [ -99.199476693133533, 19.174387583086045 ], [ -99.202421119820542, 19.169528661898003 ], [ -99.199465009794181, 19.164676195208624 ], [ -99.193564642330514, 19.164682508352136 ], [ -99.190620039363736, 19.169541291626921 ] ] ] } },
{ "type": "Feature", "properties": { "alcaldia": "TLP", "clave": "TLP-117", "n": "117" }, "geometry": { "type": "Polygon", "coordinates": [ [ [ -99.181763900617753, 19.164694565989215 ], [ -99.184719495724764, 19.169547322088981 ], [ -99.190620039363736, 19.169541291626921 ], [ -99.193564642330514, 19.164682508352136 ], [ -99.190608877798795, 19.159829893492329 ], [ -99.184708679655373, 19.159835920667518 ], [ -99.181763900617753, 19.164694565989215 ] ] ] } },
{ "type": "Feature", "properties": { "alcaldia": "TLP", "clave": "TLP-118", "n": "118" }, "geometry": { "type": "Polygon", "coordinates": [ [ [ -99.172918401974002, 19.169558814206756 ], [ -99.17587382744729, 19.174411711507801 ], [ -99.181774547157957, 19.174405963882812 ], [ -99.184719495724764, 19.169547322088981 ], [ -99.181763900617753, 19.164694565989215 ], [ -99.17586352650801, 19.164700310482164 ], [ -99.172918401974002, 19.169558814206756 ] ] ] } },
{ "type": "Feature", "properties": { "alcaldia": "TLP", "clave": "TLP-119", "n": "119" }, "geometry": { "type": "Polygon", "coordinates": [ [ [ -99.164062772129952, 19.164711230815442 ], [ -99.167017852001536, 19.169564275861894 ], [ -99.172918401974002, 19.169558814206756 ], [ -99.17586352650801, 19.164700310482164 ], [ -99.172908276897417, 19.159847406521582 ], [ -99.167008072422206, 19.159852865199881 ], [ -99.164062772129952, 19.164711230815442 ] ] ] } },
{ "type": "Feature", "properties": { "alcaldia": "TLP", "clave": "TLP-120", "n": "120" }, "geometry": { "type": "Polygon", "coordinates": [ [ [ -99.155216746210712, 19.169574630363279 ], [ -99.1581716561343, 19.17442781645687 ], [ -99.164072381865779, 19.1744226377951 ], [ -99.167017852001536, 19.169564275861894 ], [ -99.164062772129952, 19.164711230815442 ], [ -99.158162392000989, 19.164716406655209 ], [ -99.155216746210712, 19.169574630363279 ] ] ] } },
{ "type": "Feature", "properties": { "alcaldia": "TLP", "clave": "TLP-121", "n": "121" }, "geometry": { "type": "Polygon", "coordinates": [ [ [ -99.146361626211373, 19.164726189679701 ], [ -99.149316190531692, 19.169579523209002 ], [ -99.155216746210712, 19.169574630363279 ], [ -99.158162392000989, 19.164716406655209 ], [ -99.155207657627443, 19.159863214057598 ], [ -99.149307447447214, 19.159868104236509 ], [ -99.146361626211373, 19.164726189679701 ] ] ] } },
{ "type": "Feature", "properties": { "alcaldia": "TLP", "clave": "TLP-122", "n": "122" }, "geometry": { "type": "Polygon", "coordinates": [ [ [ -99.137515073954745, 19.169588740089267 ], [ -99.140469468012867, 19.174442214511465 ], [ -99.146370199138161, 19.174437604815289 ], [ -99.149316190531692, 19.169579523209002 ], [ -99.146361626211373, 19.164726189679701 ], [ -99.140461240690058, 19.164730796863925 ], [ -99.137515073954745, 19.169588740089267 ] ] ] } },
{ "type": "Feature", "properties": { "alcaldia": "TLP", "clave": "TLP-123", "n": "123" }, "geometry": { "type": "Polygon", "coordinates": [ [ [ -99.128660464742651, 19.164739442575168 ], [ -99.131614513196155, 19.16959306412334 ], [ -99.137515073954745, 19.169588740089267 ], [ -99.140461240690058, 19.164730796863925 ], [ -99.137507021869226, 19.159877316093166 ], [ -99.131606806610776, 19.159881637770447 ], [ -99.128660464742651, 19.164739442575168 ] ] ] } },
{ "type": "Feature", "properties": { "alcaldia": "XOC", "clave": "XOC-001", "n": "001" }, "geometry": { "type": "Polygon", "coordinates": [ [ [ -99.119813387086992, 19.169601143378276 ], [ -99.122767264964168, 19.174454905665016 ], [ -99.128668000856194, 19.174450864936542 ], [ -99.131614513196155, 19.16959306412334 ], [ -99.128660464742651, 19.164739442575168 ], [ -99.122760074455869, 19.164743481101745 ], [ -99.119813387086992, 19.169601143378276 ] ] ] } },
{ "type": "Feature", "properties": { "alcaldia": "MLP", "clave": "MLP-217", "n": "217" }, "geometry": { "type": "Polygon", "coordinates": [ [ [ -99.110959289604423, 19.164750989495776 ], [ -99.113912821875772, 19.169604898598731 ], [ -99.119813387086992, 19.169601143378276 ], [ -99.122760074455869, 19.164743481101745 ], [ -99.119806371503145, 19.15988971262183 ], [ -99.113906151793259, 19.15989346579552 ], [ -99.110959289604423, 19.164750989495776 ] ] ] } },
{ "type": "Feature", "properties": { "alcaldia": "MLP", "clave": "MLP-218", "n": "218" }, "geometry": { "type": "Polygon", "coordinates": [ [ [ -99.102111687488332, 19.16961184022465 ], [ -99.105065048869335, 19.174465889911751 ], [ -99.110965788901041, 19.17446241815281 ], [ -99.113912821875772, 19.169604898598731 ], [ -99.110959289604423, 19.164750989495776 ], [ -99.10505889517907, 19.164754459362857 ], [ -99.102111687488332, 19.16961184022465 ] ] ] } },
{ "type": "Feature", "properties": { "alcaldia": "MLP", "clave": "MLP-219", "n": "219" }, "geometry": { "type": "Polygon", "coordinates": [ [ [ -99.093258102677325, 19.164760830436261 ], [ -99.096211118451464, 19.169615026629764 ], [ -99.102111687488332, 19.16961184022465 ], [ -99.10505889517907, 19.164754459362857 ], [ -99.102105708409582, 19.159900403637945 ], [ -99.096205484875071, 19.159903588306324 ], [ -99.093258102677325, 19.164760830436261 ] ] ] } },
{ "type": "Feature", "properties": { "alcaldia": "MLP", "clave": "MLP-220", "n": "220" }, "geometry": { "type": "Polygon", "coordinates": [ [ [ -99.084409977039698, 19.169620830623494 ], [ -99.087362821609517, 19.17447516724663 ], [ -99.093263565153876, 19.174472264458821 ], [ -99.096211118451464, 19.169615026629764 ], [ -99.093258102677325, 19.164760830436261 ], [ -99.08735770474027, 19.164763731642267 ], [ -99.084409977039698, 19.169620830623494 ] ] ] } },
{ "type": "Feature", "properties": { "alcaldia": "MLP", "clave": "MLP-221", "n": "221" }, "geometry": { "type": "Polygon", "coordinates": [ [ [ -99.075556905842021, 19.164768965392138 ], [ -99.078509404804123, 19.169623448211819 ], [ -99.084409977039698, 19.169620830623494 ], [ -99.08735770474027, 19.164763731642267 ], [ -99.084405034468958, 19.159909389136622 ], [ -99.078504807736621, 19.159912005298242 ], [ -99.075556905842021, 19.164768965392138 ] ] ] } },
{ "type": "Feature", "properties": { "alcaldia": "MLP", "clave": "MLP-222", "n": "222" }, "geometry": { "type": "Polygon", "coordinates": [ [ [ -99.06670825762194, 19.169628114570717 ], [ -99.069660585065876, 19.174482737665429 ], [ -99.075561331495834, 19.174480403850062 ], [ -99.078509404804123, 19.169623448211819 ], [ -99.075556905842021, 19.164768965392138 ], [ -99.069656505020149, 19.16477129793574 ], [ -99.06670825762194, 19.169628114570717 ] ] ] } },
{ "type": "Feature", "properties": { "alcaldia": "MLP", "clave": "MLP-223", "n": "223" }, "geometry": { "type": "Polygon", "coordinates": [ [ [ -99.057855700979161, 19.16477539435968 ], [ -99.060807682814684, 19.169630163341047 ], [ -99.06670825762194, 19.169628114570717 ], [ -99.069656505020149, 19.16477129793574 ], [ -99.06670435156164, 19.159916669113763 ], [ -99.06080412225829, 19.159918716767425 ], [ -99.057855700979161, 19.16477539435968 ] ] ] } },
{ "type": "Feature", "properties": { "alcaldia": "MLP", "clave": "MLP-224", "n": "224" }, "geometry": { "type": "Polygon", "coordinates": [ [ [ -99.049006531116035, 19.169633692062973 ], [ -99.051958341119558, 19.174488601164679 ], [ -99.057859089808062, 19.174486836322835 ], [ -99.060807682814684, 19.169630163341047 ], [ -99.057855700979161, 19.16477539435968 ], [ -99.051955297899354, 19.164777158239811 ], [ -99.049006531116035, 19.169633692062973 ] ] ] } },
{ "type": "Feature", "properties": { "alcaldia": "MLP", "clave": "MLP-225", "n": "225" }, "geometry": { "type": "Polygon", "coordinates": [ [ [ -99.040154489969424, 19.164780117335955 ], [ -99.043105954364023, 19.169635172014388 ], [ -99.049006531116035, 19.169633692062973 ], [ -99.051955297899354, 19.164777158239811 ], [ -99.049003661568051, 19.159922243566044 ], [ -99.043103430320485, 19.159923722710815 ], [ -99.040154489969424, 19.164780117335955 ] ] ] } },
{ "type": "Feature", "properties": { "alcaldia": "MLP", "clave": "MLP-226", "n": "226" }, "geometry": { "type": "Polygon", "coordinates": [ [ [ -99.031304799402861, 19.169637563097734 ], [ -99.034256091651756, 19.174492757741714 ], [ -99.040156841971751, 19.174491561874188 ], [ -99.043105954364023, 19.169635172014388 ], [ -99.040154489969424, 19.164780117335955 ], [ -99.034254085258553, 19.164781312551813 ], [ -99.031304799402861, 19.169637563097734 ] ] ] } },
{ "type": "Feature", "properties": { "alcaldia": "MLP", "clave": "MLP-227", "n": "227" }, "geometry": { "type": "Polygon", "coordinates": [ [ [ -99.022453274693447, 19.164783134318807 ], [ -99.025404221333076, 19.169638474229544 ], [ -99.031304799402861, 19.169637563097734 ], [ -99.034254085258553, 19.164781312551813 ], [ -99.031302966368628, 19.159926112490915 ], [ -99.025402733803645, 19.159927023126119 ], [ -99.022453274693447, 19.164783134318807 ] ] ] } },
{ "type": "Feature", "properties": { "alcaldia": "MLP", "clave": "MLP-228", "n": "228" }, "geometry": { "type": "Polygon", "coordinates": [ [ [ -99.013603064363366, 19.169639727673221 ], [ -99.016553838543672, 19.174495207394632 ], [ -99.022454589868076, 19.174494580501975 ], [ -99.025404221333076, 19.169638474229544 ], [ -99.022453274693447, 19.164783134318807 ], [ -99.016552868978437, 19.164783760869852 ], [ -99.013603064363366, 19.169639727673221 ] ] ] } },
{ "type": "Feature", "properties": { "alcaldia": "MLP", "clave": "MLP-229", "n": "229" }, "geometry": { "type": "Polygon", "coordinates": [ [ [ -99.004752057031922, 19.164784445306857 ], [ -99.007702485602792, 19.169640069985018 ], [ -99.013603064363366, 19.169639727673221 ], [ -99.016552868978437, 19.164783760869852 ], [ -99.013602267843751, 19.159928275886614 ], [ -99.007702034588149, 19.159928618011833 ], [ -99.004752057031922, 19.164784445306857 ] ] ] } },
{ "type": "Feature", "properties": { "alcaldia": "MLP", "clave": "MLP-230", "n": "230" }, "geometry": { "type": "Polygon", "coordinates": [ [ [ -98.995901327878443, 19.169640185788449 ], [ -98.998851583676441, 19.174495950122306 ], [ -99.0047523353782, 19.174495892204806 ], [ -99.007702485602792, 19.169640069985018 ], [ -99.004752057031922, 19.164784445306857 ], [ -98.998851650939656, 19.164784503192795 ], [ -98.995901327878443, 19.169640185788449 ] ] ] } },
{ "type": "Feature", "properties": { "alcaldia": "MLP", "clave": "MLP-231", "n": "231" }, "geometry": { "type": "Polygon", "coordinates": [ [ [ -98.987050838865528, 19.164784050299509 ], [ -98.990000749054033, 19.169639959280076 ], [ -98.995901327878443, 19.169640185788449 ], [ -98.998851650939656, 19.164784503192795 ], [ -98.995901567873858, 19.159928733752146 ], [ -98.990001334554449, 19.15992850736723 ], [ -98.987050838865528, 19.164784050299509 ] ] ] } },
{ "type": "Feature", "properties": { "alcaldia": "MLP", "clave": "MLP-232", "n": "232" }, "geometry": { "type": "Polygon", "coordinates": [ [ [ -98.978199591829039, 19.169638937443214 ], [ -98.981149328931252, 19.174494985924412 ], [ -98.987050080383312, 19.174495496982097 ], [ -98.990000749054033, 19.169639959280076 ], [ -98.987050838865528, 19.164784050299509 ], [ -98.98115043302289, 19.164783539520318 ], [ -98.978199591829039, 19.169638937443214 ] ] ] } },
{ "type": "Feature", "properties": { "alcaldia": "MLP", "clave": "MLP-233", "n": "233" }, "geometry": { "type": "Polygon", "coordinates": [ [ [ -98.969349622074901, 19.164781949296948 ], [ -98.972299013567778, 19.169638142114771 ], [ -98.978199591829039, 19.169638937443214 ], [ -98.98115043302289, 19.164783539520318 ], [ -98.978200868339329, 19.159927486087316 ], [ -98.97230063558294, 19.159926691192361 ], [ -98.969349622074901, 19.164781949296948 ] ] ] } },
{ "type": "Feature", "properties": { "alcaldia": "MLP", "clave": "MLP-234", "n": "234" }, "geometry": { "type": "Polygon", "coordinates": [ [ [ -98.960497858096062, 19.169635982638077 ], [ -98.963447076189269, 19.174492314801384 ], [ -98.969347826764576, 19.174493394834013 ], [ -98.972299013567778, 19.169638142114771 ], [ -98.969349622074901, 19.164781949296948 ], [ -98.963449217108803, 19.164780869852859 ], [ -98.960497858096062, 19.169635982638077 ] ] ] } },
{ "type": "Feature", "properties": { "alcaldia": "MLP", "clave": "MLP-235", "n": "235" }, "geometry": { "type": "Polygon", "coordinates": [ [ [ -98.951648408540734, 19.164778142300126 ], [ -98.954597281024931, 19.16963461848993 ], [ -98.960497858096062, 19.169635982638077 ], [ -98.963449217108803, 19.164780869852859 ], [ -98.960500171120643, 19.159924532892678 ], [ -98.954599939554029, 19.15992316948806 ], [ -98.951648408540734, 19.164778142300126 ] ] ] } },
{ "type": "Feature", "properties": { "alcaldia": "TLP", "clave": "TLP-124", "n": "124" }, "geometry": { "type": "Polygon", "coordinates": [ [ [ -99.296846763406222, 19.179111632785432 ], [ -99.299805967020589, 19.183962487807726 ], [ -99.305706972822378, 19.183952752225323 ], [ -99.308648429146302, 19.179092166923777 ], [ -99.305689057997498, 19.174241454255821 ], [ -99.299788397989545, 19.174251184535347 ], [ -99.296846763406222, 19.179111632785432 ] ] ] } },
{ "type": "Feature", "properties": { "alcaldia": "TLP", "clave": "TLP-125", "n": "125" }, "geometry": { "type": "Polygon", "coordinates": [ [ [ -99.287987067424268, 19.174270076155963 ], [ -99.290945925243378, 19.179121081169647 ], [ -99.296846763406222, 19.179111632785432 ], [ -99.299788397989545, 19.174251184535347 ], [ -99.296829372530084, 19.169400321760968 ], [ -99.29092888005799, 19.169409764997628 ], [ -99.287987067424268, 19.174270076155963 ] ] ] } },
{ "type": "Feature", "properties": { "alcaldia": "TLP", "clave": "TLP-126", "n": "126" }, "geometry": { "type": "Polygon", "coordinates": [ [ [ -99.279144238680473, 19.179139408842467 ], [ -99.282102928650175, 19.183990556056973 ], [ -99.288003944864798, 19.183981389724028 ], [ -99.290945925243378, 19.179121081169647 ], [ -99.287987067424268, 19.174270076155963 ], [ -99.282086397006296, 19.174279237496094 ], [ -99.279144238680473, 19.179139408842467 ] ] ] } },
{ "type": "Feature", "properties": { "alcaldia": "TLP", "clave": "TLP-127", "n": "127" }, "geometry": { "type": "Polygon", "coordinates": [ [ [ -99.27028504624802, 19.174296991233671 ], [ -99.273243390419751, 19.179148288130136 ], [ -99.279144238680473, 19.179139408842467 ], [ -99.282086397006296, 19.174279237496094 ], [ -99.279127884879344, 19.169428082685378 ], [ -99.273227382312101, 19.169436957135542 ], [ -99.27028504624802, 19.174296991233671 ] ] ] } },
{ "type": "Feature", "properties": { "alcaldia": "TLP", "clave": "TLP-128", "n": "128" }, "geometry": { "type": "Polygon", "coordinates": [ [ [ -99.261441684288187, 19.179165477605736 ], [ -99.264399860295669, 19.18401691654941 ], [ -99.270300886295928, 19.184008319470117 ], [ -99.273243390419751, 19.179148288130136 ], [ -99.27028504624802, 19.174296991233671 ], [ -99.26438436604704, 19.174305583630215 ], [ -99.261441684288187, 19.179165477605736 ] ] ] } },
{ "type": "Feature", "properties": { "alcaldia": "TLP", "clave": "TLP-129", "n": "129" }, "geometry": { "type": "Polygon", "coordinates": [ [ [ -99.252582996349744, 19.174322199476659 ], [ -99.255540826556697, 19.179173787792799 ], [ -99.261441684288187, 19.179165477605736 ], [ -99.26438436604704, 19.174305583630215 ], [ -99.261426367570081, 19.169454137246174 ], [ -99.255525855534586, 19.169462442905782 ], [ -99.252582996349744, 19.174322199476659 ] ] ] } },
{ "type": "Feature", "properties": { "alcaldia": "TLP", "clave": "TLP-130", "n": "130" }, "geometry": { "type": "Polygon", "coordinates": [ [ [ -99.243739102110695, 19.179189839063341 ], [ -99.246696763838614, 19.184041569272999 ], [ -99.252597798997314, 19.184033541451278 ], [ -99.255540826556697, 19.179173787792799 ], [ -99.252582996349744, 19.174322199476659 ], [ -99.246682306992781, 19.174330222925693 ], [ -99.243739102110695, 19.179189839063341 ] ] ] } },
{ "type": "Feature", "properties": { "alcaldia": "TLP", "clave": "TLP-131", "n": "131" }, "geometry": { "type": "Polygon", "coordinates": [ [ [ -99.234880919610518, 19.174345700873399 ], [ -99.237838235535534, 19.179197580146006 ], [ -99.243739102110695, 19.179189839063341 ], [ -99.246682306992781, 19.174330222925693 ], [ -99.243724822483046, 19.169478485431455 ], [ -99.237824301606295, 19.169486222296712 ], [ -99.234880919610518, 19.174345700873399 ] ] ] } },
{ "type": "Feature", "properties": { "alcaldia": "TLP", "clave": "TLP-132", "n": "132" }, "geometry": { "type": "Polygon", "coordinates": [ [ [ -99.226036494029302, 19.179212493204155 ], [ -99.228993641160571, 19.18406451421648 ], [ -99.234894684850545, 19.184057055655991 ], [ -99.237838235535534, 19.179197580146006 ], [ -99.234880919610518, 19.174345700873399 ], [ -99.228980221724598, 19.174353155371278 ], [ -99.226036494029302, 19.179212493204155 ] ] ] } },
{ "type": "Feature", "properties": { "alcaldia": "TLP", "clave": "TLP-133", "n": "133" }, "geometry": { "type": "Polygon", "coordinates": [ [ [ -99.217178817911432, 19.174367495413183 ], [ -99.220135619237581, 19.179219665178884 ], [ -99.226036494029302, 19.179212493204155 ], [ -99.228980221724598, 19.174353155371278 ], [ -99.2260232514991, 19.169501127230102 ], [ -99.220122722407993, 19.169508295297479 ], [ -99.217178817911432, 19.174367495413183 ] ] ] } },
{ "type": "Feature", "properties": { "alcaldia": "TLP", "clave": "TLP-134", "n": "134" }, "geometry": { "type": "Polygon", "coordinates": [ [ [ -99.208333861925325, 19.179233440017835 ], [ -99.211290494143128, 19.184085751369377 ], [ -99.217191545737165, 19.184078862073537 ], [ -99.220135619237581, 19.179219665178884 ], [ -99.217178817911432, 19.174367495413183 ], [ -99.211278112123551, 19.174374380956483 ], [ -99.208333861925325, 19.179233440017835 ] ] ] } },
{ "type": "Feature", "properties": { "alcaldia": "TLP", "clave": "TLP-135", "n": "135" }, "geometry": { "type": "Polygon", "coordinates": [ [ [ -99.199476693133533, 19.174387583086045 ], [ -99.202432979544156, 19.179240042881354 ], [ -99.208333861925325, 19.179233440017835 ], [ -99.211278112123551, 19.174374380956483 ], [ -99.208321656499052, 19.169522062631778 ], [ -99.202421119820542, 19.169528661898003 ], [ -99.199476693133533, 19.174387583086045 ] ] ] } },
{ "type": "Feature", "properties": { "alcaldia": "TLP", "clave": "TLP-136", "n": "136" }, "geometry": { "type": "Polygon", "coordinates": [ [ [ -99.190631207680127, 19.179252679494819 ], [ -99.193587324667874, 19.184105280721983 ], [ -99.199488383538778, 19.184098960693937 ], [ -99.202432979544156, 19.179240042881354 ], [ -99.199476693133533, 19.174387583086045 ], [ -99.193575980070747, 19.174393899671628 ], [ -99.190631207680127, 19.179252679494819 ] ] ] } },
{ "type": "Feature", "properties": { "alcaldia": "TLP", "clave": "TLP-137", "n": "137" }, "geometry": { "type": "Polygon", "coordinates": [ [ [ -99.181774547157957, 19.174405963882812 ], [ -99.184730318336648, 19.179258713244113 ], [ -99.190631207680127, 19.179252679494819 ], [ -99.193575980070747, 19.174393899671628 ], [ -99.190620039363736, 19.169541291626921 ], [ -99.184719495724764, 19.169547322088981 ], [ -99.181774547157957, 19.174405963882812 ] ] ] } },
{ "type": "Feature", "properties": { "alcaldia": "TLP", "clave": "TLP-138", "n": "138" }, "geometry": { "type": "Polygon", "coordinates": [ [ [ -99.172928533175082, 19.17927021162631 ], [ -99.175884134616425, 19.184123102265396 ], [ -99.181785200137, 19.184117351508025 ], [ -99.184730318336648, 19.179258713244113 ], [ -99.181774547157957, 19.174405963882812 ], [ -99.17587382744729, 19.174411711507801 ], [ -99.172928533175082, 19.17927021162631 ] ] ] } },
{ "type": "Feature", "properties": { "alcaldia": "TLP", "clave": "TLP-139", "n": "139" }, "geometry": { "type": "Polygon", "coordinates": [ [ [ -99.164072381865779, 19.1744226377951 ], [ -99.167027637496389, 19.17927567625863 ], [ -99.172928533175082, 19.17927021162631 ], [ -99.17587382744729, 19.174411711507801 ], [ -99.172918401974002, 19.169558814206756 ], [ -99.167017852001536, 19.169564275861894 ], [ -99.164072381865779, 19.1744226377951 ] ] ] } },
{ "type": "Feature", "properties": { "alcaldia": "TLP", "clave": "TLP-140", "n": "140" }, "geometry": { "type": "Polygon", "coordinates": [ [ [ -99.155225840291536, 19.17928603640431 ], [ -99.158180925870397, 19.184139215991468 ], [ -99.164081997413433, 19.184134034507398 ], [ -99.167027637496389, 19.17927567625863 ], [ -99.164072381865779, 19.1744226377951 ], [ -99.1581716561343, 19.17442781645687 ], [ -99.155225840291536, 19.17928603640431 ] ] ] } },
{ "type": "Feature", "properties": { "alcaldia": "TLP", "clave": "TLP-141", "n": "141" }, "geometry": { "type": "Polygon", "coordinates": [ [ [ -99.146370199138161, 19.174437604815289 ], [ -99.149324938904741, 19.179290931917151 ], [ -99.155225840291536, 19.17928603640431 ], [ -99.1581716561343, 19.17442781645687 ], [ -99.155216746210712, 19.169574630363279 ], [ -99.149316190531692, 19.169579523209002 ], [ -99.146370199138161, 19.174437604815289 ] ] ] } },
{ "type": "Feature", "properties": { "alcaldia": "TLP", "clave": "TLP-142", "n": "142" }, "geometry": { "type": "Polygon", "coordinates": [ [ [ -99.137523130910864, 19.1793001538216 ], [ -99.14047770031145, 19.18415362189284 ], [ -99.146378777249708, 19.184149009684432 ], [ -99.149324938904741, 19.179290931917151 ], [ -99.146370199138161, 19.174437604815289 ], [ -99.140469468012867, 19.174442214511465 ], [ -99.137523130910864, 19.1793001538216 ] ] ] } },
{ "type": "Feature", "properties": { "alcaldia": "TLP", "clave": "TLP-143", "n": "143" }, "geometry": { "type": "Polygon", "coordinates": [ [ [ -99.128668000856194, 19.174450864936542 ], [ -99.13162222444312, 19.179304480212728 ], [ -99.137523130910864, 19.1793001538216 ], [ -99.140469468012867, 19.174442214511465 ], [ -99.137515073954745, 19.169588740089267 ], [ -99.131614513196155, 19.16959306412334 ], [ -99.128668000856194, 19.174450864936542 ] ] ] } },
{ "type": "Feature", "properties": { "alcaldia": "XOC", "clave": "XOC-002", "n": "002" }, "geometry": { "type": "Polygon", "coordinates": [ [ [ -99.119820406914471, 19.179312563871719 ], [ -99.122774459821187, 19.18416631996293 ], [ -99.128675541527471, 19.184162277032303 ], [ -99.13162222444312, 19.179304480212728 ], [ -99.128668000856194, 19.174450864936542 ], [ -99.122767264964168, 19.174454905665016 ], [ -99.119820406914471, 19.179312563871719 ] ] ] } },
{ "type": "Feature", "properties": { "alcaldia": "MLP", "clave": "MLP-236", "n": "236" }, "geometry": { "type": "Polygon", "coordinates": [ [ [ -99.110965788901041, 19.17446241815281 ], [ -99.113919495992917, 19.179316321139165 ], [ -99.119820406914471, 19.179312563871719 ], [ -99.122767264964168, 19.174454905665016 ], [ -99.119813387086992, 19.169601143378276 ], [ -99.113912821875772, 19.169604898598731 ], [ -99.110965788901041, 19.17446241815281 ] ] ] } },
{ "type": "Feature", "properties": { "alcaldia": "MLP", "clave": "MLP-237", "n": "237" }, "geometry": { "type": "Polygon", "coordinates": [ [ [ -99.102117670183759, 19.179323266549009 ], [ -99.105071206281266, 19.184177310195945 ], [ -99.110972292128366, 19.184173836544939 ], [ -99.113919495992917, 19.179316321139165 ], [ -99.110965788901041, 19.17446241815281 ], [ -99.105065048869335, 19.174465889911751 ], [ -99.102117670183759, 19.179323266549009 ] ] ] } },
{ "type": "Feature", "properties": { "alcaldia": "MLP", "clave": "MLP-238", "n": "238" }, "geometry": { "type": "Polygon", "coordinates": [ [ [ -99.093263565153876, 19.174472264458821 ], [ -99.09621675543552, 19.179326454691051 ], [ -99.102117670183759, 19.179323266549009 ], [ -99.105065048869335, 19.174465889911751 ], [ -99.102111687488332, 19.16961184022465 ], [ -99.096211118451464, 19.169615026629764 ], [ -99.093263565153876, 19.174472264458821 ] ] ] } },
{ "type": "Feature", "properties": { "alcaldia": "MLP", "clave": "MLP-239", "n": "239" }, "geometry": { "type": "Polygon", "coordinates": [ [ [ -99.084414922600118, 19.179332261848575 ], [ -99.087367941573376, 19.184186592586865 ], [ -99.093269030934053, 19.184183688217072 ], [ -99.09621675543552, 19.179326454691051 ], [ -99.093263565153876, 19.174472264458821 ], [ -99.087362821609517, 19.17447516724663 ], [ -99.084414922600118, 19.179332261848575 ] ] ] } },
{ "type": "Feature", "properties": { "alcaldia": "MLP", "clave": "MLP-240", "n": "240" }, "geometry": { "type": "Polygon", "coordinates": [ [ [ -99.075561331495834, 19.174480403850062 ], [ -99.078514004652334, 19.179334880863763 ], [ -99.084414922600118, 19.179332261848575 ], [ -99.087362821609517, 19.17447516724663 ], [ -99.084409977039698, 19.169620830623494 ], [ -99.078509404804123, 19.169623448211819 ], [ -99.075561331495834, 19.174480403850062 ] ] ] } },
{ "type": "Feature", "properties": { "alcaldia": "MLP", "clave": "MLP-241", "n": "241" }, "geometry": { "type": "Polygon", "coordinates": [ [ [ -99.066712166044994, 19.179339549766315 ], [ -99.069664667579147, 19.184194167131455 ], [ -99.075565759826205, 19.184191832044192 ], [ -99.078514004652334, 19.179334880863763 ], [ -99.075561331495834, 19.174480403850062 ], [ -99.069660585065876, 19.174482737665429 ], [ -99.066712166044994, 19.179339549766315 ] ] ] } },
{ "type": "Feature", "properties": { "alcaldia": "MLP", "clave": "MLP-242", "n": "242" }, "geometry": { "type": "Polygon", "coordinates": [ [ [ -99.057859089808062, 19.174486836322835 ], [ -99.060811245524803, 19.179341599653448 ], [ -99.066712166044994, 19.179339549766315 ], [ -99.069660585065876, 19.174482737665429 ], [ -99.06670825762194, 19.169628114570717 ], [ -99.060807682814684, 19.169630163341047 ], [ -99.057859089808062, 19.174486836322835 ] ] ] } },
{ "type": "Feature", "properties": { "alcaldia": "MLP", "clave": "MLP-243", "n": "243" }, "geometry": { "type": "Polygon", "coordinates": [ [ [ -99.049009402399761, 19.179345130298906 ], [ -99.051961386180253, 19.184200033826247 ], [ -99.057862480686481, 19.184198268022584 ], [ -99.060811245524803, 19.179341599653448 ], [ -99.057859089808062, 19.174486836322835 ], [ -99.051958341119558, 19.174488601164679 ], [ -99.049009402399761, 19.179345130298906 ] ] ] } },
{ "type": "Feature", "properties": { "alcaldia": "MLP", "clave": "MLP-244", "n": "244" }, "geometry": { "type": "Polygon", "coordinates": [ [ [ -99.040156841971751, 19.174491561874188 ], [ -99.043108479934318, 19.179346611057046 ], [ -99.049009402399761, 19.179345130298906 ], [ -99.051958341119558, 19.174488601164679 ], [ -99.049006531116035, 19.169633692062973 ], [ -99.043105954364023, 19.169635172014388 ], [ -99.040156841971751, 19.174491561874188 ] ] ] } },
{ "type": "Feature", "properties": { "alcaldia": "MLP", "clave": "MLP-245", "n": "245" }, "geometry": { "type": "Polygon", "coordinates": [ [ [ -99.031306633545896, 19.179349003443789 ], [ -99.034258099258409, 19.184204192668567 ], [ -99.040159195396555, 19.18420299614931 ], [ -99.043108479934318, 19.179346611057046 ], [ -99.040156841971751, 19.174491561874188 ], [ -99.034256091651756, 19.174492757741714 ], [ -99.031306633545896, 19.179349003443789 ] ] ] } },
{ "type": "Feature", "properties": { "alcaldia": "MLP", "clave": "MLP-246", "n": "246" }, "geometry": { "type": "Polygon", "coordinates": [ [ [ -99.022454589868076, 19.174494580501975 ], [ -99.02540570976231, 19.179349915072265 ], [ -99.031306633545896, 19.179349003443789 ], [ -99.034256091651756, 19.174492757741714 ], [ -99.031304799402861, 19.169637563097734 ], [ -99.025404221333076, 19.169638474229544 ], [ -99.022454589868076, 19.174494580501975 ] ] ] } },
{ "type": "Feature", "properties": { "alcaldia": "MLP", "clave": "MLP-247", "n": "247" }, "geometry": { "type": "Polygon", "coordinates": [ [ [ -99.013603861364786, 19.179351169199201 ], [ -99.016554808695275, 19.184206643656516 ], [ -99.0224559058381, 19.184206016422213 ], [ -99.02540570976231, 19.179349915072265 ], [ -99.022454589868076, 19.174494580501975 ], [ -99.016553838543672, 19.174495207394632 ], [ -99.013603861364786, 19.179351169199201 ] ] ] } },
{ "type": "Feature", "properties": { "alcaldia": "MLP", "clave": "MLP-248", "n": "248" }, "geometry": { "type": "Polygon", "coordinates": [ [ [ -99.0047523353782, 19.174495892204806 ], [ -99.007702936890226, 19.179351511697597 ], [ -99.013603861364786, 19.179351169199201 ], [ -99.016553838543672, 19.174495207394632 ], [ -99.013603064363366, 19.169639727673221 ], [ -99.007702485602792, 19.169640069985018 ], [ -99.0047523353782, 19.174495892204806 ] ] ] } },
{ "type": "Feature", "properties": { "alcaldia": "MLP", "clave": "MLP-249", "n": "249" }, "geometry": { "type": "Polygon", "coordinates": [ [ [ -98.995901087737877, 19.179351627564152 ], [ -98.998851516372525, 19.184207386788973 ], [ -99.004752613892833, 19.184207328839921 ], [ -99.007702936890226, 19.179351511697597 ], [ -99.0047523353782, 19.174495892204806 ], [ -98.998851583676441, 19.174495950122306 ], [ -98.995901087737877, 19.179351627564152 ] ] ] } },
{ "type": "Feature", "properties": { "alcaldia": "MLP", "clave": "MLP-250", "n": "250" }, "geometry": { "type": "Polygon", "coordinates": [ [ [ -98.987050080383312, 19.174495496982097 ], [ -98.990000163199483, 19.179351400932308 ], [ -98.995901087737877, 19.179351627564152 ], [ -98.998851583676441, 19.174495950122306 ], [ -98.995901327878443, 19.169640185788449 ], [ -98.990000749054033, 19.169639959280076 ], [ -98.987050080383312, 19.174495496982097 ] ] ] } },
{ "type": "Feature", "properties": { "alcaldia": "MLP", "clave": "MLP-251", "n": "251" }, "geometry": { "type": "Polygon", "coordinates": [ [ [ -98.978198314546603, 19.179350378538434 ], [ -98.981148224171861, 19.1842064220656 ], [ -98.987049321442385, 19.184206933401807 ], [ -98.990000163199483, 19.179351400932308 ], [ -98.987050080383312, 19.174495496982097 ], [ -98.981149328931252, 19.174494985924412 ], [ -98.978198314546603, 19.179350378538434 ] ] ] } },
{ "type": "Feature", "properties": { "alcaldia": "MLP", "clave": "MLP-252", "n": "252" }, "geometry": { "type": "Polygon", "coordinates": [ [ [ -98.969347826764576, 19.174493394834013 ], [ -98.972297390571498, 19.179349582776453 ], [ -98.978198314546603, 19.179350378538434 ], [ -98.981149328931252, 19.174494985924412 ], [ -98.978199591829039, 19.169638937443214 ], [ -98.972299013567778, 19.169638142114771 ], [ -98.969347826764576, 19.174493394834013 ] ] ] } },
{ "type": "Feature", "properties": { "alcaldia": "MLP", "clave": "MLP-253", "n": "253" }, "geometry": { "type": "Polygon", "coordinates": [ [ [ -98.96049554367238, 19.179347422122618 ], [ -98.963444933974941, 19.184203749486844 ], [ -98.96934603036847, 19.184204830108079 ], [ -98.972297390571498, 19.179349582776453 ], [ -98.969347826764576, 19.174493394834013 ], [ -98.963447076189269, 19.174492314801384 ], [ -98.96049554367238, 19.179347422122618 ] ] ] } },
{ "type": "Feature", "properties": { "alcaldia": "MLP", "clave": "MLP-254", "n": "254" }, "geometry": { "type": "Polygon", "coordinates": [ [ [ -98.951645576403166, 19.174489585761524 ], [ -98.954594620887704, 19.179346057230862 ], [ -98.96049554367238, 19.179347422122618 ], [ -98.963447076189269, 19.174492314801384 ], [ -98.960497858096062, 19.169635982638077 ], [ -98.954597281024931, 19.16963461848993 ], [ -98.951645576403166, 19.174489585761524 ] ] ] } },
{ "type": "Feature", "properties": { "alcaldia": "TLP", "clave": "TLP-144", "n": "144" }, "geometry": { "type": "Polygon", "coordinates": [ [ [ -99.296864164798308, 19.18882293353003 ], [ -99.299823546673508, 19.193673780797802 ], [ -99.305724898478203, 19.193664039911923 ], [ -99.308666522335116, 19.188803457062015 ], [ -99.305706972822378, 19.183952752225323 ], [ -99.299805967020589, 19.183962487807726 ], [ -99.296864164798308, 19.18882293353003 ] ] ] } },
{ "type": "Feature", "properties": { "alcaldia": "TLP", "clave": "TLP-145", "n": "145" }, "geometry": { "type": "Polygon", "coordinates": [ [ [ -99.288003944864798, 19.183981389724028 ], [ -99.290962980735671, 19.18883238706238 ], [ -99.296864164798308, 19.18882293353003 ], [ -99.299805967020589, 19.183962487807726 ], [ -99.296846763406222, 19.179111632785432 ], [ -99.290945925243378, 19.179121081169647 ], [ -99.288003944864798, 19.183981389724028 ] ] ] } },
{ "type": "Feature", "properties": { "alcaldia": "TLP", "clave": "TLP-146", "n": "146" }, "geometry": { "type": "Polygon", "coordinates": [ [ [ -99.279160602370439, 19.188850724721391 ], [ -99.282119470288748, 19.193701864337289 ], [ -99.288020832509076, 19.193692693010966 ], [ -99.290962980735671, 19.18883238706238 ], [ -99.288003944864798, 19.183981389724028 ], [ -99.282102928650175, 19.183990556056973 ], [ -99.279160602370439, 19.188850724721391 ] ] ] } },
{ "type": "Feature", "properties": { "alcaldia": "TLP", "clave": "TLP-147", "n": "147" }, "geometry": { "type": "Polygon", "coordinates": [ [ [ -99.270300886295928, 19.184008319470117 ], [ -99.27325940820721, 19.188859608847114 ], [ -99.279160602370439, 19.188850724721391 ], [ -99.282102928650175, 19.183990556056973 ], [ -99.279144238680473, 19.179139408842467 ], [ -99.273243390419751, 19.179148288130136 ], [ -99.270300886295928, 19.184008319470117 ] ] ] } },
{ "type": "Feature", "properties": { "alcaldia": "TLP", "clave": "TLP-148", "n": "148" }, "geometry": { "type": "Polygon", "coordinates": [ [ [ -99.26145701026806, 19.188876807688743 ], [ -99.264415363911809, 19.193728239189664 ], [ -99.270316735920417, 19.193719637427087 ], [ -99.27325940820721, 19.188859608847114 ], [ -99.270300886295928, 19.184008319470117 ], [ -99.264399860295669, 19.18401691654941 ], [ -99.26145701026806, 19.188876807688743 ] ] ] } },
{ "type": "Feature", "properties": { "alcaldia": "TLP", "clave": "TLP-149", "n": "149" }, "geometry": { "type": "Polygon", "coordinates": [ [ [ -99.252597798997314, 19.184033541451278 ], [ -99.255555806631492, 19.188885122403779 ], [ -99.26145701026806, 19.188876807688743 ], [ -99.264399860295669, 19.18401691654941 ], [ -99.261441684288187, 19.179165477605736 ], [ -99.255540826556697, 19.179173787792799 ], [ -99.252597798997314, 19.184033541451278 ] ] ] } },
{ "type": "Feature", "properties": { "alcaldia": "TLP", "clave": "TLP-150", "n": "150" }, "geometry": { "type": "Polygon", "coordinates": [ [ [ -99.243753390372959, 19.188901182420175 ], [ -99.246711229424776, 19.193752905342883 ], [ -99.252612610594284, 19.193744873147985 ], [ -99.255555806631492, 19.188885122403779 ], [ -99.252597798997314, 19.184033541451278 ], [ -99.246696763838614, 19.184041569272999 ], [ -99.243753390372959, 19.188901182420175 ] ] ] } },
{ "type": "Feature", "properties": { "alcaldia": "TLP", "clave": "TLP-151", "n": "151" }, "geometry": { "type": "Polygon", "coordinates": [ [ [ -99.234894684850545, 19.184057055655991 ], [ -99.237852177890375, 19.188908927720725 ], [ -99.243753390372959, 19.188901182420175 ], [ -99.246696763838614, 19.184041569272999 ], [ -99.243739102110695, 19.179189839063341 ], [ -99.237838235535534, 19.179197580146006 ], [ -99.234894684850545, 19.184057055655991 ] ] ] } },
{ "type": "Feature", "properties": { "alcaldia": "TLP", "clave": "TLP-152", "n": "152" }, "geometry": { "type": "Polygon", "coordinates": [ [ [ -99.226049744567007, 19.188923848904558 ], [ -99.229007068709677, 19.193775862785685 ], [ -99.234908458412761, 19.193768400162128 ], [ -99.237852177890375, 19.188908927720725 ], [ -99.234894684850545, 19.184057055655991 ], [ -99.228993641160571, 19.18406451421648 ], [ -99.226049744567007, 19.188923848904558 ] ] ] } },
{ "type": "Feature", "properties": { "alcaldia": "TLP", "clave": "TLP-153", "n": "153" }, "geometry": { "type": "Polygon", "coordinates": [ [ [ -99.217191545737165, 19.184078862073537 ], [ -99.220148523865646, 19.188931024787081 ], [ -99.226049744567007, 19.188923848904558 ], [ -99.228993641160571, 19.18406451421648 ], [ -99.226036494029302, 19.179212493204155 ], [ -99.220135619237581, 19.179219665178884 ], [ -99.217191545737165, 19.184078862073537 ] ] ] } },
{ "type": "Feature", "properties": { "alcaldia": "TLP", "clave": "TLP-154", "n": "154" }, "geometry": { "type": "Polygon", "coordinates": [ [ [ -99.20834607473202, 19.188944807131531 ], [ -99.211302883648628, 19.193797111507568 ], [ -99.217204281257906, 19.193790218458773 ], [ -99.220148523865646, 19.188931024787081 ], [ -99.217191545737165, 19.184078862073537 ], [ -99.211290494143128, 19.184085751369377 ], [ -99.20834607473202, 19.188944807131531 ] ] ] } },
{ "type": "Feature", "properties": { "alcaldia": "TLP", "clave": "TLP-155", "n": "155" }, "geometry": { "type": "Polygon", "coordinates": [ [ [ -99.199488383538778, 19.184098960693937 ], [ -99.20244484643915, 19.188951413592758 ], [ -99.20834607473202, 19.188944807131531 ], [ -99.211290494143128, 19.184085751369377 ], [ -99.208333861925325, 19.179233440017835 ], [ -99.202432979544156, 19.179240042881354 ], [ -99.199488383538778, 19.184098960693937 ] ] ] } },
{ "type": "Feature", "properties": { "alcaldia": "TLP", "clave": "TLP-156", "n": "156" }, "geometry": { "type": "Polygon", "coordinates": [ [ [ -99.190642382749843, 19.188964057091535 ], [ -99.193598676123727, 19.19381665149886 ], [ -99.19950008101182, 19.193810328027951 ], [ -99.20244484643915, 19.188951413592758 ], [ -99.199488383538778, 19.184098960693937 ], [ -99.193587324667874, 19.184105280721983 ], [ -99.190642382749843, 19.188964057091535 ] ] ] } },
{ "type": "Feature", "properties": { "alcaldia": "TLP", "clave": "TLP-157", "n": "157" }, "geometry": { "type": "Polygon", "coordinates": [ [ [ -99.181785200137, 19.184117351508025 ], [ -99.184741147492772, 19.188970094128443 ], [ -99.190642382749843, 19.188964057091535 ], [ -99.193587324667874, 19.184105280721983 ], [ -99.190631207680127, 19.179252679494819 ], [ -99.184730318336648, 19.179258713244113 ], [ -99.181785200137, 19.184117351508025 ] ] ] } },
{ "type": "Feature", "properties": { "alcaldia": "TLP", "clave": "TLP-158", "n": "158" }, "geometry": { "type": "Polygon", "coordinates": [ [ [ -99.172938670502347, 19.188981598775772 ], [ -99.175894448017075, 19.193834482750606 ], [ -99.18179585955663, 19.193828728860488 ], [ -99.184741147492772, 19.188970094128443 ], [ -99.181785200137, 19.184117351508025 ], [ -99.175884134616425, 19.184123102265396 ], [ -99.172938670502347, 19.188981598775772 ] ] ] } },
{ "type": "Feature", "properties": { "alcaldia": "TLP", "clave": "TLP-159", "n": "159" }, "geometry": { "type": "Polygon", "coordinates": [ [ [ -99.164081997413433, 19.184134034507398 ], [ -99.167037428908358, 19.188987066385607 ], [ -99.172938670502347, 19.188981598775772 ], [ -99.175884134616425, 19.184123102265396 ], [ -99.172928533175082, 19.17927021162631 ], [ -99.167027637496389, 19.17927567625863 ], [ -99.164081997413433, 19.184134034507398 ] ] ] } },
{ "type": "Feature", "properties": { "alcaldia": "TLP", "clave": "TLP-160", "n": "160" }, "geometry": { "type": "Polygon", "coordinates": [ [ [ -99.155234939871391, 19.18899743217623 ], [ -99.158190201210829, 19.193850605254678 ], [ -99.164091618774449, 19.193845420947977 ], [ -99.167037428908358, 19.188987066385607 ], [ -99.164081997413433, 19.184134034507398 ], [ -99.158180925870397, 19.184139215991468 ], [ -99.155234939871391, 19.18899743217623 ] ] ] } },
{ "type": "Feature", "properties": { "alcaldia": "TLP", "clave": "TLP-161", "n": "161" }, "geometry": { "type": "Polygon", "coordinates": [ [ [ -99.146378777249708, 19.184149009684432 ], [ -99.149333692567794, 19.189002330356494 ], [ -99.155234939871391, 19.18899743217623 ], [ -99.158180925870397, 19.184139215991468 ], [ -99.155225840291536, 19.17928603640431 ], [ -99.149324938904741, 19.179290931917151 ], [ -99.146378777249708, 19.184149009684432 ] ] ] } },
{ "type": "Feature", "properties": { "alcaldia": "TLP", "clave": "TLP-162", "n": "162" }, "geometry": { "type": "Polygon", "coordinates": [ [ [ -99.137531192738891, 19.189011557285681 ], [ -99.140485937587115, 19.193865019003709 ], [ -99.146387360547422, 19.193860404282791 ], [ -99.149333692567794, 19.189002330356494 ], [ -99.146378777249708, 19.184149009684432 ], [ -99.14047770031145, 19.18415362189284 ], [ -99.137531192738891, 19.189011557285681 ] ] ] } },
{ "type": "Feature", "properties": { "alcaldia": "TLP", "clave": "TLP-163", "n": "163" }, "geometry": { "type": "Polygon", "coordinates": [ [ [ -99.128675541527471, 19.184162277032303 ], [ -99.131629940352965, 19.189015886034145 ], [ -99.137531192738891, 19.189011557285681 ], [ -99.14047770031145, 19.18415362189284 ], [ -99.137523130910864, 19.1793001538216 ], [ -99.13162222444312, 19.179304480212728 ], [ -99.128675541527471, 19.184162277032303 ] ] ] } },
{ "type": "Feature", "properties": { "alcaldia": "XOC", "clave": "XOC-003", "n": "003" }, "geometry": { "type": "Polygon", "coordinates": [ [ [ -99.119827430986717, 19.18902397409768 ], [ -99.122781659028064, 19.193877723991118 ], [ -99.12868308675769, 19.193873678858086 ], [ -99.131629940352965, 19.189015886034145 ], [ -99.128675541527471, 19.184162277032303 ], [ -99.122774459821187, 19.18416631996293 ], [ -99.119827430986717, 19.18902397409768 ] ] ] } },
{ "type": "Feature", "properties": { "alcaldia": "XOC", "clave": "XOC-004", "n": "004" }, "geometry": { "type": "Polygon", "coordinates": [ [ [ -99.110972292128366, 19.184173836544939 ], [ -99.113926174145803, 19.189027733412349 ], [ -99.119827430986717, 19.18902397409768 ], [ -99.122774459821187, 19.18416631996293 ], [ -99.119820406914471, 19.179312563871719 ], [ -99.113919495992917, 19.179316321139165 ], [ -99.110972292128366, 19.184173836544939 ] ] ] } },
{ "type": "Feature", "properties": { "alcaldia": "MLP", "clave": "MLP-255", "n": "255" }, "geometry": { "type": "Polygon", "coordinates": [ [ [ -99.102123656496801, 19.18903468260654 ], [ -99.105077367415859, 19.193888720211095 ], [ -99.110978799287423, 19.193885244667811 ], [ -99.113926174145803, 19.189027733412349 ], [ -99.110972292128366, 19.184173836544939 ], [ -99.105071206281266, 19.184177310195945 ], [ -99.102123656496801, 19.18903468260654 ] ] ] } },
{ "type": "Feature", "properties": { "alcaldia": "MLP", "clave": "MLP-256", "n": "256" }, "geometry": { "type": "Polygon", "coordinates": [ [ [ -99.093269030934053, 19.184183688217072 ], [ -99.096222395828164, 19.189037872485716 ], [ -99.102123656496801, 19.18903468260654 ], [ -99.105071206281266, 19.184177310195945 ], [ -99.102117670183759, 19.179323266549009 ], [ -99.09621675543552, 19.179326454691051 ], [ -99.093269030934053, 19.184183688217072 ] ] ] } },
{ "type": "Feature", "properties": { "alcaldia": "MLP", "clave": "MLP-257", "n": "257" }, "geometry": { "type": "Polygon", "coordinates": [ [ [ -99.084419871151056, 19.189043682807394 ], [ -99.087373064632658, 19.193898007658635 ], [ -99.093274500018751, 19.193895101706669 ], [ -99.096222395828164, 19.189037872485716 ], [ -99.093269030934053, 19.184183688217072 ], [ -99.087367941573376, 19.184186592586865 ], [ -99.084419871151056, 19.189043682807394 ] ] ] } },
{ "type": "Feature", "properties": { "alcaldia": "MLP", "clave": "MLP-258", "n": "258" }, "geometry": { "type": "Polygon", "coordinates": [ [ [ -99.075565759826205, 19.184191832044192 ], [ -99.078518607281993, 19.189046303249601 ], [ -99.084419871151056, 19.189043682807394 ], [ -99.087367941573376, 19.184186592586865 ], [ -99.084414922600118, 19.179332261848575 ], [ -99.078514004652334, 19.179334880863763 ], [ -99.075565759826205, 19.184191832044192 ] ] ] } },
{ "type": "Feature", "properties": { "alcaldia": "MLP", "clave": "MLP-259", "n": "259" }, "geometry": { "type": "Polygon", "coordinates": [ [ [ -99.066716076831383, 19.189050974696112 ], [ -99.069668752560645, 19.193905586329482 ], [ -99.075570190833872, 19.19390324997017 ], [ -99.078518607281993, 19.189046303249601 ], [ -99.075565759826205, 19.184191832044192 ], [ -99.069664667579147, 19.184194167131455 ], [ -99.066716076831383, 19.189050974696112 ] ] ] } },
{ "type": "Feature", "properties": { "alcaldia": "MLP", "clave": "MLP-260", "n": "260" }, "geometry": { "type": "Polygon", "coordinates": [ [ [ -99.057862480686481, 19.184198268022584 ], [ -99.060814810389218, 19.189053025700165 ], [ -99.066716076831383, 19.189050974696112 ], [ -99.069664667579147, 19.184194167131455 ], [ -99.066712166044994, 19.179339549766315 ], [ -99.060811245524803, 19.179341599653448 ], [ -99.057862480686481, 19.184198268022584 ] ] ] } },
{ "type": "Feature", "properties": { "alcaldia": "MLP", "clave": "MLP-261", "n": "261" }, "geometry": { "type": "Polygon", "coordinates": [ [ [ -99.049012275419727, 19.189056558269371 ], [ -99.051964433081949, 19.193911456220174 ], [ -99.057865873614958, 19.193909689454582 ], [ -99.060814810389218, 19.189053025700165 ], [ -99.057862480686481, 19.184198268022584 ], [ -99.051961386180253, 19.184200033826247 ], [ -99.049012275419727, 19.189056558269371 ] ] ] } },
{ "type": "Feature", "properties": { "alcaldia": "MLP", "clave": "MLP-262", "n": "262" }, "geometry": { "type": "Polygon", "coordinates": [ [ [ -99.040159195396555, 19.18420299614931 ], [ -99.043111007031769, 19.189058039834336 ], [ -99.049012275419727, 19.189056558269371 ], [ -99.051961386180253, 19.184200033826247 ], [ -99.049009402399761, 19.179345130298906 ], [ -99.043108479934318, 19.179346611057046 ], [ -99.040159195396555, 19.18420299614931 ] ] ] } },
{ "type": "Feature", "properties": { "alcaldia": "MLP", "clave": "MLP-263", "n": "263" }, "geometry": { "type": "Polygon", "coordinates": [ [ [ -99.031308468797988, 19.18906043352462 ], [ -99.034260108078826, 19.193915617328038 ], [ -99.040161550244193, 19.193914420156979 ], [ -99.043111007031769, 19.189058039834336 ], [ -99.040159195396555, 19.18420299614931 ], [ -99.034258099258409, 19.184204192668567 ], [ -99.031308468797988, 19.18906043352462 ] ] ] } },
{ "type": "Feature", "properties": { "alcaldia": "MLP", "clave": "MLP-264", "n": "264" }, "geometry": { "type": "Polygon", "coordinates": [ [ [ -99.0224559058381, 19.184206016422213 ], [ -99.025407199091575, 19.189061345649812 ], [ -99.031308468797988, 19.18906043352462 ], [ -99.034258099258409, 19.184204192668567 ], [ -99.031306633545896, 19.179349003443789 ], [ -99.02540570976231, 19.179349915072265 ], [ -99.0224559058381, 19.184206016422213 ] ] ] } },
{ "type": "Feature", "properties": { "alcaldia": "MLP", "clave": "MLP-265", "n": "265" }, "geometry": { "type": "Polygon", "coordinates": [ [ [ -99.013604658848152, 19.189062600460087 ], [ -99.016555779433418, 19.193918069651176 ], [ -99.022457222603748, 19.193917442075186 ], [ -99.025407199091575, 19.189061345649812 ], [ -99.0224559058381, 19.184206016422213 ], [ -99.016554808695275, 19.184206643656516 ], [ -99.013604658848152, 19.189062600460087 ] ] ] } },
{ "type": "Feature", "properties": { "alcaldia": "MLP", "clave": "MLP-266", "n": "266" }, "geometry": { "type": "Polygon", "coordinates": [ [ [ -99.004752613892833, 19.184207328839921 ], [ -99.007703388450551, 19.189062943145096 ], [ -99.013604658848152, 19.189062600460087 ], [ -99.016554808695275, 19.184206643656516 ], [ -99.013603861364786, 19.179351169199201 ], [ -99.007702936890226, 19.179351511697597 ], [ -99.004752613892833, 19.184207328839921 ] ] ] } },
{ "type": "Feature", "properties": { "alcaldia": "MLP", "clave": "MLP-267", "n": "267" }, "geometry": { "type": "Polygon", "coordinates": [ [ [ -98.995900847452106, 19.189063059074787 ], [ -98.998851449027939, 19.193918813188457 ], [ -99.004752892575823, 19.193918755207832 ], [ -99.007703388450551, 19.189062943145096 ], [ -99.004752613892833, 19.184207328839921 ], [ -98.998851516372525, 19.184207386788973 ], [ -98.995900847452106, 19.189063059074787 ] ] ] } },
{ "type": "Feature", "properties": { "alcaldia": "MLP", "clave": "MLP-268", "n": "268" }, "geometry": { "type": "Polygon", "coordinates": [ [ [ -98.987049321442385, 19.184206933401807 ], [ -98.989999576990655, 19.189062832319458 ], [ -98.995900847452106, 19.189063059074787 ], [ -98.998851516372525, 19.184207386788973 ], [ -98.995901087737877, 19.179351627564152 ], [ -98.990000163199483, 19.179351400932308 ], [ -98.987049321442385, 19.184206933401807 ] ] ] } },
{ "type": "Feature", "properties": { "alcaldia": "MLP", "clave": "MLP-269", "n": "269" }, "geometry": { "type": "Polygon", "coordinates": [ [ [ -98.978197036491807, 19.189061809368507 ], [ -98.981147118744559, 19.193917847939549 ], [ -98.987048562042617, 19.193918359554306 ], [ -98.989999576990655, 19.189062832319458 ], [ -98.987049321442385, 19.184206933401807 ], [ -98.981148224171861, 19.1842064220656 ], [ -98.978197036491807, 19.189061809368507 ] ] ] } },
{ "type": "Feature", "properties": { "alcaldia": "MLP", "clave": "MLP-270", "n": "270" }, "geometry": { "type": "Polygon", "coordinates": [ [ [ -98.96934603036847, 19.184204830108079 ], [ -98.972295766593817, 19.189061013172942 ], [ -98.978197036491807, 19.189061809368507 ], [ -98.981148224171861, 19.1842064220656 ], [ -98.978198314546603, 19.179350378538434 ], [ -98.972297390571498, 19.179349582776453 ], [ -98.96934603036847, 19.184204830108079 ] ] ] } },
{ "type": "Feature", "properties": { "alcaldia": "MLP", "clave": "MLP-271", "n": "271" }, "geometry": { "type": "Polygon", "coordinates": [ [ [ -98.960493227849199, 19.189058851341823 ], [ -98.963442790465464, 19.193915173904887 ], [ -98.9693442328863, 19.1939162551148 ], [ -98.972295766593817, 19.189061013172942 ], [ -98.96934603036847, 19.184204830108079 ], [ -98.963444933974941, 19.184203749486844 ], [ -98.960493227849199, 19.189058851341823 ] ] ] } },
{ "type": "Feature", "properties": { "alcaldia": "TLP", "clave": "TLP-164", "n": "164" }, "geometry": { "type": "Polygon", "coordinates": [ [ [ -99.296881576709154, 19.198534223990425 ], [ -99.299841136951159, 19.203385063501155 ], [ -99.305742834967873, 19.203375317311195 ], [ -99.30868462646086, 19.198514736914859 ], [ -99.305724898478203, 19.193664039911923 ], [ -99.299823546673508, 19.193673780797802 ], [ -99.296881576709154, 19.198534223990425 ] ] ] } },
{ "type": "Feature", "properties": { "alcaldia": "TLP", "clave": "TLP-165", "n": "165" }, "geometry": { "type": "Polygon", "coordinates": [ [ [ -99.288020832509076, 19.193692693010966 ], [ -99.290980046537655, 19.198543682671499 ], [ -99.296881576709154, 19.198534223990425 ], [ -99.299823546673508, 19.193673780797802 ], [ -99.296864164798308, 19.18882293353003 ], [ -99.290962980735671, 19.18883238706238 ], [ -99.288020832509076, 19.193692693010966 ] ] ] } },
{ "type": "Feature", "properties": { "alcaldia": "TLP", "clave": "TLP-166", "n": "166" }, "geometry": { "type": "Polygon", "coordinates": [ [ [ -99.279176975951898, 19.198562030317834 ], [ -99.282136021924714, 19.203413162332613 ], [ -99.288037730359846, 19.203403986012344 ], [ -99.290980046537655, 19.198543682671499 ], [ -99.288020832509076, 19.193692693010966 ], [ -99.282119470288748, 19.193701864337289 ], [ -99.279176975951898, 19.198562030317834 ] ] ] } },
{ "type": "Feature", "properties": { "alcaldia": "TLP", "clave": "TLP-167", "n": "167" }, "geometry": { "type": "Polygon", "coordinates": [ [ [ -99.270316735920417, 19.193719637427087 ], [ -99.273275435677064, 19.198570919282158 ], [ -99.279176975951898, 19.198562030317834 ], [ -99.282119470288748, 19.193701864337289 ], [ -99.279160602370439, 19.188850724721391 ], [ -99.27325940820721, 19.188859608847114 ], [ -99.270316735920417, 19.193719637427087 ] ] ] } },
{ "type": "Feature", "properties": { "alcaldia": "TLP", "clave": "TLP-168", "n": "168" }, "geometry": { "type": "Polygon", "coordinates": [ [ [ -99.261472345512161, 19.198588127490883 ], [ -99.264430876898018, 19.203439551546555 ], [ -99.270332595124074, 19.203430945100166 ], [ -99.273275435677064, 19.198570919282158 ], [ -99.270316735920417, 19.193719637427087 ], [ -99.264415363911809, 19.193728239189664 ], [ -99.261472345512161, 19.198588127490883 ] ] ] } },
{ "type": "Feature", "properties": { "alcaldia": "TLP", "clave": "TLP-169", "n": "169" }, "geometry": { "type": "Polygon", "coordinates": [ [ [ -99.252612610594284, 19.193744873147985 ], [ -99.255570795761443, 19.198596446734399 ], [ -99.261472345512161, 19.198588127490883 ], [ -99.264415363911809, 19.193728239189664 ], [ -99.26145701026806, 19.188876807688743 ], [ -99.255555806631492, 19.188885122403779 ], [ -99.252612610594284, 19.193744873147985 ] ] ] } },
{ "type": "Feature", "properties": { "alcaldia": "TLP", "clave": "TLP-170", "n": "170" }, "geometry": { "type": "Polygon", "coordinates": [ [ [ -99.243767687272197, 19.198612515497643 ], [ -99.246725703753626, 19.203464231130923 ], [ -99.252627431143054, 19.203456194562357 ], [ -99.255570795761443, 19.198596446734399 ], [ -99.252612610594284, 19.193744873147985 ], [ -99.246711229424776, 19.193752905342883 ], [ -99.243767687272197, 19.198612515497643 ] ] ] } },
{ "type": "Feature", "properties": { "alcaldia": "TLP", "clave": "TLP-171", "n": "171" }, "geometry": { "type": "Polygon", "coordinates": [ [ [ -99.234908458412761, 19.193768400162128 ], [ -99.237866128673076, 19.198620265016558 ], [ -99.243767687272197, 19.198612515497643 ], [ -99.246711229424776, 19.193752905342883 ], [ -99.243753390372959, 19.188901182420175 ], [ -99.237852177890375, 19.188908927720725 ], [ -99.234908458412761, 19.193768400162128 ] ] ] } },
{ "type": "Feature", "properties": { "alcaldia": "TLP", "clave": "TLP-172", "n": "172" }, "geometry": { "type": "Polygon", "coordinates": [ [ [ -99.226063003114405, 19.198635194326986 ], [ -99.229020504374105, 19.203487201074456 ], [ -99.234922240299412, 19.203479734387372 ], [ -99.237866128673076, 19.198620265016558 ], [ -99.234908458412761, 19.193768400162128 ], [ -99.229007068709677, 19.193775862785685 ], [ -99.226063003114405, 19.198635194326986 ] ] ] } },
{ "type": "Feature", "properties": { "alcaldia": "TLP", "clave": "TLP-173", "n": "173" }, "geometry": { "type": "Polygon", "coordinates": [ [ [ -99.217204281257906, 19.193790218458773 ], [ -99.220161436294291, 19.198642374117753 ], [ -99.226063003114405, 19.198635194326986 ], [ -99.229007068709677, 19.193775862785685 ], [ -99.226049744567007, 19.188923848904558 ], [ -99.220148523865646, 19.188931024787081 ], [ -99.217204281257906, 19.193790218458773 ] ] ] } },
{ "type": "Feature", "properties": { "alcaldia": "TLP", "clave": "TLP-174", "n": "174" }, "geometry": { "type": "Polygon", "coordinates": [ [ [ -99.208358294921098, 19.198656163968554 ], [ -99.211315280642083, 19.20350846136666 ], [ -99.217217024475715, 19.203501564564462 ], [ -99.220161436294291, 19.198642374117753 ], [ -99.217204281257906, 19.193790218458773 ], [ -99.211302883648628, 19.193797111507568 ], [ -99.208358294921098, 19.198656163968554 ] ] ] } },
{ "type": "Feature", "properties": { "alcaldia": "TLP", "clave": "TLP-175", "n": "175" }, "geometry": { "type": "Polygon", "coordinates": [ [ [ -99.19950008101182, 19.193810328027951 ], [ -99.202456720507456, 19.198662774027891 ], [ -99.208358294921098, 19.198656163968554 ], [ -99.211302883648628, 19.193797111507568 ], [ -99.20834607473202, 19.188944807131531 ], [ -99.20244484643915, 19.188951413592758 ], [ -99.19950008101182, 19.193810328027951 ] ] ] } },
{ "type": "Feature", "properties": { "alcaldia": "TLP", "clave": "TLP-176", "n": "176" }, "geometry": { "type": "Polygon", "coordinates": [ [ [ -99.190653564574632, 19.198675424412762 ], [ -99.193610034440169, 19.203528011997818 ], [ -99.199511785554563, 19.203521685083668 ], [ -99.202456720507456, 19.198662774027891 ], [ -99.19950008101182, 19.193810328027951 ], [ -99.193598676123727, 19.19381665149886 ], [ -99.190653564574632, 19.198675424412762 ] ] ] } },
{ "type": "Feature", "properties": { "alcaldia": "TLP", "clave": "TLP-177", "n": "177" }, "geometry": { "type": "Polygon", "coordinates": [ [ [ -99.18179585955663, 19.193828728860488 ], [ -99.184751983194914, 19.19868146473766 ], [ -99.190653564574632, 19.198675424412762 ], [ -99.193598676123727, 19.19381665149886 ], [ -99.190642382749843, 19.188964057091535 ], [ -99.184741147492772, 19.188970094128443 ], [ -99.18179585955663, 19.193828728860488 ] ] ] } },
{ "type": "Feature", "properties": { "alcaldia": "TLP", "clave": "TLP-178", "n": "178" }, "geometry": { "type": "Polygon", "coordinates": [ [ [ -99.172948813957404, 19.198692975650825 ], [ -99.175904767650948, 19.203545852959003 ], [ -99.181806525418608, 19.203540095935789 ], [ -99.184751983194914, 19.19868146473766 ], [ -99.18179585955663, 19.193828728860488 ], [ -99.175894448017075, 19.193834482750606 ], [ -99.172948813957404, 19.198692975650825 ] ] ] } },
{ "type": "Feature", "properties": { "alcaldia": "TLP", "clave": "TLP-179", "n": "179" }, "geometry": { "type": "Polygon", "coordinates": [ [ [ -99.164091618774449, 19.193845420947977 ], [ -99.167047226239049, 19.198698446238517 ], [ -99.172948813957404, 19.198692975650825 ], [ -99.175894448017075, 19.193834482750606 ], [ -99.172938670502347, 19.188981598775772 ], [ -99.167037428908358, 19.188987066385607 ], [ -99.164091618774449, 19.193845420947977 ] ] ] } },
{ "type": "Feature", "properties": { "alcaldia": "TLP", "clave": "TLP-180", "n": "180" }, "geometry": { "type": "Polygon", "coordinates": [ [ [ -99.155244044951772, 19.198708817674724 ], [ -99.158199482157087, 19.203561984242075 ], [ -99.164101245950448, 19.203556797112419 ], [ -99.167047226239049, 19.198698446238517 ], [ -99.164091618774449, 19.193845420947977 ], [ -99.158190201210829, 19.193850605254678 ], [ -99.155244044951772, 19.198708817674724 ] ] ] } },
{ "type": "Feature", "properties": { "alcaldia": "TLP", "clave": "TLP-181", "n": "181" }, "geometry": { "type": "Polygon", "coordinates": [ [ [ -99.146387360547422, 19.193860404282791 ], [ -99.149342451522259, 19.198713718522711 ], [ -99.155244044951772, 19.198708817674724 ], [ -99.158190201210829, 19.193850605254678 ], [ -99.155234939871391, 19.18899743217623 ], [ -99.149333692567794, 19.189002330356494 ], [ -99.146387360547422, 19.193860404282791 ] ] ] } },
{ "type": "Feature", "properties": { "alcaldia": "TLP", "clave": "TLP-182", "n": "182" }, "geometry": { "type": "Polygon", "coordinates": [ [ [ -99.137539259440132, 19.198722950477212 ], [ -99.140494179841212, 19.203576405839652 ], [ -99.146395949032723, 19.203571788605938 ], [ -99.149342451522259, 19.198713718522711 ], [ -99.146387360547422, 19.193860404282791 ], [ -99.140485937587115, 19.193865019003709 ], [ -99.137539259440132, 19.198722950477212 ] ] ] } },
{ "type": "Feature", "properties": { "alcaldia": "TLP", "clave": "TLP-183", "n": "183" }, "geometry": { "type": "Polygon", "coordinates": [ [ [ -99.12868308675769, 19.193873678858086 ], [ -99.131637660926941, 19.19872728158326 ], [ -99.137539259440132, 19.198722950477212 ], [ -99.140485937587115, 19.193865019003709 ], [ -99.137531192738891, 19.189011557285681 ], [ -99.131629940352965, 19.189015886034145 ], [ -99.12868308675769, 19.193873678858086 ] ] ] } },
{ "type": "Feature", "properties": { "alcaldia": "XOC", "clave": "XOC-005", "n": "005" }, "geometry": { "type": "Polygon", "coordinates": [ [ [ -99.119834459304897, 19.19873537405185 ], [ -99.122788862586006, 19.20358911774516 ], [ -99.128690636548114, 19.203585070409485 ], [ -99.131637660926941, 19.19872728158326 ], [ -99.12868308675769, 19.193873678858086 ], [ -99.122781659028064, 19.193877723991118 ], [ -99.119834459304897, 19.19873537405185 ] ] ] } },
{ "type": "Feature", "properties": { "alcaldia": "XOC", "clave": "XOC-006", "n": "006" }, "geometry": { "type": "Polygon", "coordinates": [ [ [ -99.110978799287423, 19.193885244667811 ], [ -99.113932856335481, 19.198739135413977 ], [ -99.119834459304897, 19.19873537405185 ], [ -99.122781659028064, 19.193877723991118 ], [ -99.119827430986717, 19.18902397409768 ], [ -99.113926174145803, 19.189027733412349 ], [ -99.110978799287423, 19.193885244667811 ] ] ] } },
{ "type": "Feature", "properties": { "alcaldia": "XOC", "clave": "XOC-007", "n": "007" }, "geometry": { "type": "Polygon", "coordinates": [ [ [ -99.10212964642848, 19.198746088392951 ], [ -99.105083532274122, 19.203600119952789 ], [ -99.110985310379277, 19.203596642517009 ], [ -99.113932856335481, 19.198739135413977 ], [ -99.110978799287423, 19.193885244667811 ], [ -99.105077367415859, 19.193888720211095 ], [ -99.10212964642848, 19.198746088392951 ] ] ] } },
{ "type": "Feature", "properties": { "alcaldia": "MLP", "clave": "MLP-272", "n": "272" }, "geometry": { "type": "Polygon", "coordinates": [ [ [ -99.093274500018751, 19.193895101706669 ], [ -99.096228039630319, 19.198749280009444 ], [ -99.10212964642848, 19.198746088392951 ], [ -99.105077367415859, 19.193888720211095 ], [ -99.102123656496801, 19.18903468260654 ], [ -99.096222395828164, 19.189037872485716 ], [ -99.093274500018751, 19.193895101706669 ] ] ] } },
{ "type": "Feature", "properties": { "alcaldia": "MLP", "clave": "MLP-273", "n": "273" }, "geometry": { "type": "Polygon", "coordinates": [ [ [ -99.084424822693279, 19.198755093495631 ], [ -99.087378190788229, 19.20360941245751 ], [ -99.093279972408851, 19.203606504923208 ], [ -99.096228039630319, 19.198749280009444 ], [ -99.093274500018751, 19.193895101706669 ], [ -99.087373064632658, 19.193898007658635 ], [ -99.084424822693279, 19.198755093495631 ] ] ] } },
{ "type": "Feature", "properties": { "alcaldia": "MLP", "clave": "MLP-274", "n": "274" }, "geometry": { "type": "Polygon", "coordinates": [ [ [ -99.075570190833872, 19.19390324997017 ], [ -99.078523212693867, 19.198757715365026 ], [ -99.084424822693279, 19.198755093495631 ], [ -99.087373064632658, 19.193898007658635 ], [ -99.084419871151056, 19.189043682807394 ], [ -99.078518607281993, 19.189046303249601 ], [ -99.075570190833872, 19.19390324997017 ] ] ] } },
{ "type": "Feature", "properties": { "alcaldia": "MLP", "clave": "MLP-275", "n": "275" }, "geometry": { "type": "Polygon", "coordinates": [ [ [ -99.066719989981777, 19.198762389355771 ], [ -99.069672840011009, 19.203616995255086 ], [ -99.075574624519561, 19.203614657623582 ], [ -99.078523212693867, 19.198757715365026 ], [ -99.075570190833872, 19.19390324997017 ], [ -99.069668752560645, 19.193905586329482 ], [ -99.066719989981777, 19.198762389355771 ] ] ] } },
{ "type": "Feature", "properties": { "alcaldia": "MLP", "clave": "MLP-276", "n": "276" }, "geometry": { "type": "Polygon", "coordinates": [ [ [ -99.057865873614958, 19.193909689454582 ], [ -99.060818377408566, 19.198764441476882 ], [ -99.066719989981777, 19.198762389355771 ], [ -99.069668752560645, 19.193905586329482 ], [ -99.066716076831383, 19.189050974696112 ], [ -99.060814810389218, 19.189053025700165 ], [ -99.057865873614958, 19.193909689454582 ] ] ] } },
{ "type": "Feature", "properties": { "alcaldia": "MLP", "clave": "MLP-277", "n": "277" }, "geometry": { "type": "Polygon", "coordinates": [ [ [ -99.049015150176359, 19.19876797597005 ], [ -99.05196748182513, 19.203622868342048 ], [ -99.057869268594061, 19.203621100614416 ], [ -99.060818377408566, 19.198764441476882 ], [ -99.057865873614958, 19.193909689454582 ], [ -99.051964433081949, 19.193911456220174 ], [ -99.049015150176359, 19.19876797597005 ] ] ] } },
{ "type": "Feature", "properties": { "alcaldia": "MLP", "clave": "MLP-278", "n": "278" }, "geometry": { "type": "Polygon", "coordinates": [ [ [ -99.040161550244193, 19.193914420156979 ], [ -99.043113535656829, 19.198769458341928 ], [ -99.049015150176359, 19.19876797597005 ], [ -99.051964433081949, 19.193911456220174 ], [ -99.049012275419727, 19.189056558269371 ], [ -99.043111007031769, 19.189058039834336 ], [ -99.040161550244193, 19.193914420156979 ] ] ] } },
{ "type": "Feature", "properties": { "alcaldia": "MLP", "clave": "MLP-279", "n": "279" }, "geometry": { "type": "Polygon", "coordinates": [ [ [ -99.031310305159479, 19.198771853335895 ], [ -99.034262118113318, 19.203627031715712 ], [ -99.040163906515048, 19.203625833892769 ], [ -99.043113535656829, 19.198769458341928 ], [ -99.040161550244193, 19.193914420156979 ], [ -99.034260108078826, 19.193915617328038 ], [ -99.031310305159479, 19.198771853335895 ] ] ] } },
{ "type": "Feature", "properties": { "alcaldia": "MLP", "clave": "MLP-280", "n": "280" }, "geometry": { "type": "Polygon", "coordinates": [ [ [ -99.022457222603748, 19.193917442075186 ], [ -99.025408689321097, 19.198772765957873 ], [ -99.031310305159479, 19.198771853335895 ], [ -99.034260108078826, 19.193915617328038 ], [ -99.031308468797988, 19.18906043352462 ], [ -99.025407199091575, 19.189061345649812 ], [ -99.022457222603748, 19.193917442075186 ] ] ] } },
{ "type": "Feature", "properties": { "alcaldia": "MLP", "clave": "MLP-281", "n": "281" }, "geometry": { "type": "Polygon", "coordinates": [ [ [ -99.013605456813565, 19.198774021451563 ], [ -99.016556750758255, 19.203629485374179 ], [ -99.022458540165218, 19.203628857456465 ], [ -99.025408689321097, 19.198772765957873 ], [ -99.022457222603748, 19.193917442075186 ], [ -99.016555779433418, 19.193918069651176 ], [ -99.013605456813565, 19.198774021451563 ] ] ] } },
{ "type": "Feature", "properties": { "alcaldia": "MLP", "clave": "MLP-282", "n": "282" }, "geometry": { "type": "Polygon", "coordinates": [ [ [ -99.004752892575823, 19.193918755207832 ], [ -99.007703840283853, 19.19877436432321 ], [ -99.013605456813565, 19.198774021451563 ], [ -99.016555779433418, 19.193918069651176 ], [ -99.013604658848152, 19.189062600460087 ], [ -99.007703388450551, 19.189062943145096 ], [ -99.004752892575823, 19.193918755207832 ] ] ] } },
{ "type": "Feature", "properties": { "alcaldia": "MLP", "clave": "MLP-283", "n": "283" }, "geometry": { "type": "Polygon", "coordinates": [ [ [ -98.995900607021071, 19.19877448031604 ], [ -98.998851381642638, 19.203630229316332 ], [ -99.004753171427254, 19.203630171304134 ], [ -99.007703840283853, 19.19877436432321 ], [ -99.004752892575823, 19.193918755207832 ], [ -98.998851449027939, 19.193918813188457 ], [ -98.995900607021071, 19.19877448031604 ] ] ] } },
{ "type": "Feature", "properties": { "alcaldia": "MLP", "clave": "MLP-284", "n": "284" }, "geometry": { "type": "Polygon", "coordinates": [ [ [ -98.987048562042617, 19.193918359554306 ], [ -98.98999899042748, 19.198774253437211 ], [ -98.995900607021071, 19.19877448031604 ], [ -98.998851449027939, 19.193918813188457 ], [ -98.995900847452106, 19.189063059074787 ], [ -98.989999576990655, 19.189062832319458 ], [ -98.987048562042617, 19.193918359554306 ] ] ] } },
{ "type": "Feature", "properties": { "alcaldia": "MLP", "clave": "MLP-285", "n": "285" }, "geometry": { "type": "Polygon", "coordinates": [ [ [ -98.978195757664452, 19.198773229929127 ], [ -98.981146012649162, 19.203629263541831 ], [ -98.987047802183881, 19.203629775435164 ], [ -98.98999899042748, 19.198774253437211 ], [ -98.987048562042617, 19.193918359554306 ], [ -98.981147118744559, 19.193917847939549 ], [ -98.978195757664452, 19.198773229929127 ] ] ] } },
{ "type": "Feature", "properties": { "alcaldia": "MLP", "clave": "MLP-286", "n": "286" }, "geometry": { "type": "Polygon", "coordinates": [ [ [ -98.9693442328863, 19.1939162551148 ], [ -98.972294141634464, 19.198772433299926 ], [ -98.978195757664452, 19.198773229929127 ], [ -98.981147118744559, 19.193917847939549 ], [ -98.978197036491807, 19.189061809368507 ], [ -98.972295766593817, 19.189061013172942 ], [ -98.9693442328863, 19.1939162551148 ] ] ] } },
{ "type": "Feature", "properties": { "alcaldia": "MLP", "clave": "MLP-287", "n": "287" }, "geometry": { "type": "Polygon", "coordinates": [ [ [ -98.960490910626135, 19.198770270291394 ], [ -98.963440645660498, 19.203626588051112 ], [ -98.969342434317767, 19.203627669849759 ], [ -98.972294141634464, 19.198772433299926 ], [ -98.9693442328863, 19.1939162551148 ], [ -98.963442790465464, 19.193915173904887 ], [ -98.960490910626135, 19.198770270291394 ] ] ] } },
{ "type": "Feature", "properties": { "alcaldia": "TLP", "clave": "TLP-184", "n": "184" }, "geometry": { "type": "Polygon", "coordinates": [ [ [ -99.296898999141604, 19.208245504162203 ], [ -99.299858737856411, 19.213096335913463 ], [ -99.305760782294314, 19.213086584418821 ], [ -99.308702741526474, 19.208226006477869 ], [ -99.305742834967873, 19.203375317311195 ], [ -99.299841136951159, 19.203385063501155 ], [ -99.296898999141604, 19.208245504162203 ] ] ] } },
{ "type": "Feature", "properties": { "alcaldia": "TLP", "clave": "TLP-185", "n": "185" }, "geometry": { "type": "Polygon", "coordinates": [ [ [ -99.288037730359846, 19.203403986012344 ], [ -99.290997122652072, 19.208254967992577 ], [ -99.296898999141604, 19.208245504162203 ], [ -99.299841136951159, 19.203385063501155 ], [ -99.296881576709154, 19.198534223990425 ], [ -99.290980046537655, 19.198543682671499 ], [ -99.288037730359846, 19.203403986012344 ] ] ] } },
{ "type": "Feature", "properties": { "alcaldia": "TLP", "clave": "TLP-186", "n": "186" }, "geometry": { "type": "Polygon", "coordinates": [ [ [ -99.279193359427538, 19.208273325627371 ], [ -99.282152583560759, 19.213124450038627 ], [ -99.288054638419894, 19.213115268723843 ], [ -99.290997122652072, 19.208254967992577 ], [ -99.288037730359846, 19.203403986012344 ], [ -99.282136021924714, 19.203413162332613 ], [ -99.279193359427538, 19.208273325627371 ] ] ] } },
{ "type": "Feature", "properties": { "alcaldia": "TLP", "clave": "TLP-187", "n": "187" }, "geometry": { "type": "Polygon", "coordinates": [ [ [ -99.270332595124074, 19.203430945100166 ], [ -99.273291472831971, 19.208282219430849 ], [ -99.279193359427538, 19.208273325627371 ], [ -99.282136021924714, 19.203413162332613 ], [ -99.279176975951898, 19.198562030317834 ], [ -99.273275435677064, 19.198570919282158 ], [ -99.270332595124074, 19.203430945100166 ] ] ] } },
{ "type": "Feature", "properties": { "alcaldia": "TLP", "clave": "TLP-188", "n": "188" }, "geometry": { "type": "Polygon", "coordinates": [ [ [ -99.261487690022975, 19.208299437007721 ], [ -99.264446399256769, 19.213150853615762 ], [ -99.270348463909443, 19.213142242485034 ], [ -99.273291472831971, 19.208282219430849 ], [ -99.270332595124074, 19.203430945100166 ], [ -99.264430876898018, 19.203439551546555 ], [ -99.261487690022975, 19.208299437007721 ] ] ] } },
{ "type": "Feature", "properties": { "alcaldia": "TLP", "clave": "TLP-189", "n": "189" }, "geometry": { "type": "Polygon", "coordinates": [ [ [ -99.252627431143054, 19.203456194562357 ], [ -99.255585793948967, 19.208307760780233 ], [ -99.261487690022975, 19.208299437007721 ], [ -99.264430876898018, 19.203439551546555 ], [ -99.261472345512161, 19.198588127490883 ], [ -99.255570795761443, 19.198596446734399 ], [ -99.252627431143054, 19.203456194562357 ] ] ] } },
{ "type": "Feature", "properties": { "alcaldia": "TLP", "clave": "TLP-190", "n": "190" }, "geometry": { "type": "Polygon", "coordinates": [ [ [ -99.24378199281071, 19.208323838291317 ], [ -99.246740186827509, 19.213175546632808 ], [ -99.252642260646041, 19.213167505690073 ], [ -99.255585793948967, 19.208307760780233 ], [ -99.252627431143054, 19.203456194562357 ], [ -99.246725703753626, 19.203464231130923 ], [ -99.24378199281071, 19.208323838291317 ] ] ] } },
{ "type": "Feature", "properties": { "alcaldia": "TLP", "clave": "TLP-191", "n": "191" }, "geometry": { "type": "Polygon", "coordinates": [ [ [ -99.234922240299412, 19.203479734387372 ], [ -99.237880087885912, 19.208331592029069 ], [ -99.24378199281071, 19.208323838291317 ], [ -99.246725703753626, 19.203464231130923 ], [ -99.243767687272197, 19.198612515497643 ], [ -99.237866128673076, 19.198620265016558 ], [ -99.234922240299412, 19.203479734387372 ] ] ] } },
{ "type": "Feature", "properties": { "alcaldia": "TLP", "clave": "TLP-192", "n": "192" }, "geometry": { "type": "Polygon", "coordinates": [ [ [ -99.226076269673641, 19.208346529467025 ], [ -99.229033948156044, 19.21319852907849 ], [ -99.234936030512756, 19.213191058327411 ], [ -99.237880087885912, 19.208331592029069 ], [ -99.234922240299412, 19.203479734387372 ], [ -99.229020504374105, 19.203487201074456 ], [ -99.226076269673641, 19.208346529467025 ] ] ] } },
{ "type": "Feature", "properties": { "alcaldia": "TLP", "clave": "TLP-193", "n": "193" }, "geometry": { "type": "Polygon", "coordinates": [ [ [ -99.217217024475715, 19.203501564564462 ], [ -99.220174356525632, 19.208353713166471 ], [ -99.226076269673641, 19.208346529467025 ], [ -99.229020504374105, 19.203487201074456 ], [ -99.226063003114405, 19.198635194326986 ], [ -99.220161436294291, 19.198642374117753 ], [ -99.217217024475715, 19.203501564564462 ] ] ] } },
{ "type": "Feature", "properties": { "alcaldia": "TLP", "clave": "TLP-194", "n": "194" }, "geometry": { "type": "Polygon", "coordinates": [ [ [ -99.208370522494562, 19.208367510524479 ], [ -99.211327685125511, 19.213219800942316 ], [ -99.217229775392696, 19.21321290038631 ], [ -99.220174356525632, 19.208353713166471 ], [ -99.217217024475715, 19.203501564564462 ], [ -99.211315280642083, 19.20350846136666 ], [ -99.208370522494562, 19.208367510524479 ] ] ] } },
{ "type": "Feature", "properties": { "alcaldia": "TLP", "clave": "TLP-195", "n": "195" }, "geometry": { "type": "Polygon", "coordinates": [ [ [ -99.199511785554563, 19.203521685083668 ], [ -99.202468601750979, 19.208374124182335 ], [ -99.208370522494562, 19.208367510524479 ], [ -99.211315280642083, 19.20350846136666 ], [ -99.208358294921098, 19.198656163968554 ], [ -99.202456720507456, 19.198662774027891 ], [ -99.199511785554563, 19.203521685083668 ] ] ] } },
{ "type": "Feature", "properties": { "alcaldia": "TLP", "clave": "TLP-196", "n": "196" }, "geometry": { "type": "Polygon", "coordinates": [ [ [ -99.190664753156369, 19.208386781454085 ], [ -99.193621399619019, 19.213239362214555 ], [ -99.199523497168926, 19.21323303185677 ], [ -99.202468601750979, 19.208374124182335 ], [ -99.199511785554563, 19.203521685083668 ], [ -99.193610034440169, 19.203528011997818 ], [ -99.190664753156369, 19.208386781454085 ] ] ] } },
{ "type": "Feature", "properties": { "alcaldia": "TLP", "clave": "TLP-197", "n": "197" }, "geometry": { "type": "Polygon", "coordinates": [ [ [ -99.181806525418608, 19.203540095935789 ], [ -99.184762825444835, 19.208392825067339 ], [ -99.190664753156369, 19.208386781454085 ], [ -99.193610034440169, 19.203528011997818 ], [ -99.190653564574632, 19.198675424412762 ], [ -99.184751983194914, 19.19868146473766 ], [ -99.181806525418608, 19.203540095935789 ] ] ] } },
{ "type": "Feature", "properties": { "alcaldia": "TLP", "clave": "TLP-198", "n": "198" }, "geometry": { "type": "Polygon", "coordinates": [ [ [ -99.17295896354193, 19.208404342247057 ], [ -99.175915093519691, 19.21325721288628 ], [ -99.181817197724641, 19.213251452729619 ], [ -99.184762825444835, 19.208392825067339 ], [ -99.181806525418608, 19.203540095935789 ], [ -99.175904767650948, 19.203545852959003 ], [ -99.17295896354193, 19.208404342247057 ] ] ] } },
{ "type": "Feature", "properties": { "alcaldia": "TLP", "clave": "TLP-199", "n": "199" }, "geometry": { "type": "Polygon", "coordinates": [ [ [ -99.164101245950448, 19.203556797112419 ], [ -99.167057029490067, 19.208409815812935 ], [ -99.17295896354193, 19.208404342247057 ], [ -99.175904767650948, 19.203545852959003 ], [ -99.172948813957404, 19.198692975650825 ], [ -99.167047226239049, 19.198698446238517 ], [ -99.164101245950448, 19.203556797112419 ] ] ] } },
{ "type": "Feature", "properties": { "alcaldia": "TLP", "clave": "TLP-200", "n": "200" }, "geometry": { "type": "Polygon", "coordinates": [ [ [ -99.15525315553414, 19.20842019289536 ], [ -99.158208768710665, 19.213273352949344 ], [ -99.164110878942935, 19.213268162996425 ], [ -99.167057029490067, 19.208409815812935 ], [ -99.164101245950448, 19.203556797112419 ], [ -99.158199482157087, 19.203561984242075 ], [ -99.15525315553414, 19.20842019289536 ] ] ] } },
{ "type": "Feature", "properties": { "alcaldia": "TLP", "clave": "TLP-201", "n": "201" }, "geometry": { "type": "Polygon", "coordinates": [ [ [ -99.146395949032723, 19.203571788605938 ], [ -99.149351215769585, 19.208425096411375 ], [ -99.15525315553414, 19.20842019289536 ], [ -99.158199482157087, 19.203561984242075 ], [ -99.155244044951772, 19.198708817674724 ], [ -99.149342451522259, 19.198713718522711 ], [ -99.146395949032723, 19.203571788605938 ] ] ] } },
{ "type": "Feature", "properties": { "alcaldia": "TLP", "clave": "TLP-202", "n": "202" }, "geometry": { "type": "Polygon", "coordinates": [ [ [ -99.137547331015909, 19.208434333391761 ], [ -99.140502427075106, 19.213287782396364 ], [ -99.146404542706989, 19.21328316264956 ], [ -99.149351215769585, 19.208425096411375 ], [ -99.146395949032723, 19.203571788605938 ], [ -99.140494179841212, 19.203576405839652 ], [ -99.137547331015909, 19.208434333391761 ] ] ] } },
{ "type": "Feature", "properties": { "alcaldia": "TLP", "clave": "TLP-203", "n": "203" }, "geometry": { "type": "Polygon", "coordinates": [ [ [ -99.128690636548114, 19.203585070409485 ], [ -99.131645386166284, 19.20843866685567 ], [ -99.137547331015909, 19.208434333391761 ], [ -99.140494179841212, 19.203576405839652 ], [ -99.137539259440132, 19.198722950477212 ], [ -99.131637660926941, 19.19872728158326 ], [ -99.128690636548114, 19.203585070409485 ] ] ] } },
{ "type": "Feature", "properties": { "alcaldia": "XOC", "clave": "XOC-008", "n": "008" }, "geometry": { "type": "Polygon", "coordinates": [ [ [ -99.119841491870119, 19.208446763729807 ], [ -99.122796070496179, 19.213300501220754 ], [ -99.128698190899939, 19.213296451682183 ], [ -99.131645386166284, 19.20843866685567 ], [ -99.128690636548114, 19.203585070409485 ], [ -99.122788862586006, 19.20358911774516 ], [ -99.119841491870119, 19.208446763729807 ] ] ] } },
{ "type": "Feature", "properties": { "alcaldia": "XOC", "clave": "XOC-009", "n": "009" }, "geometry": { "type": "Polygon", "coordinates": [ [ [ -99.110985310379277, 19.203596642517009 ], [ -99.113939542563088, 19.208450527139622 ], [ -99.119841491870119, 19.208446763729807 ], [ -99.122788862586006, 19.20358911774516 ], [ -99.119834459304897, 19.19873537405185 ], [ -99.113932856335481, 19.198739135413977 ], [ -99.110985310379277, 19.203596642517009 ] ] ] } },
{ "type": "Feature", "properties": { "alcaldia": "XOC", "clave": "XOC-010", "n": "010" }, "geometry": { "type": "Polygon", "coordinates": [ [ [ -99.102135639979721, 19.208457483903807 ], [ -99.10508970085705, 19.213311509416705 ], [ -99.110991825404966, 19.213308030088207 ], [ -99.113939542563088, 19.208450527139622 ], [ -99.110985310379277, 19.203596642517009 ], [ -99.105083532274122, 19.203600119952789 ], [ -99.102135639979721, 19.208457483903807 ] ] ] } },
{ "type": "Feature", "properties": { "alcaldia": "MLP", "clave": "MLP-288", "n": "288" }, "geometry": { "type": "Polygon", "coordinates": [ [ [ -99.093279972408851, 19.203606504923208 ], [ -99.096233686842908, 19.208460677257818 ], [ -99.102135639979721, 19.208457483903807 ], [ -99.105083532274122, 19.203600119952789 ], [ -99.10212964642848, 19.198746088392951 ], [ -99.096228039630319, 19.198749280009444 ], [ -99.093279972408851, 19.203606504923208 ] ] ] } },
{ "type": "Feature", "properties": { "alcaldia": "MLP", "clave": "MLP-289", "n": "289" }, "geometry": { "type": "Polygon", "coordinates": [ [ [ -99.084429777227641, 19.208466493908876 ], [ -99.0873833200409, 19.213320806979187 ], [ -99.093285448105249, 19.213317897862357 ], [ -99.096233686842908, 19.208460677257818 ], [ -99.093279972408851, 19.203606504923208 ], [ -99.087378190788229, 19.20360941245751 ], [ -99.084429777227641, 19.208466493908876 ] ] ] } },
{ "type": "Feature", "properties": { "alcaldia": "MLP", "clave": "MLP-290", "n": "290" }, "geometry": { "type": "Polygon", "coordinates": [ [ [ -99.075574624519561, 19.203614657623582 ], [ -99.078527820888681, 19.208469117205627 ], [ -99.084429777227641, 19.208466493908876 ], [ -99.087378190788229, 19.20360941245751 ], [ -99.084424822693279, 19.198755093495631 ], [ -99.078523212693867, 19.198757715365026 ], [ -99.075574624519561, 19.203614657623582 ] ] ] } },
{ "type": "Feature", "properties": { "alcaldia": "MLP", "clave": "MLP-291", "n": "291" }, "geometry": { "type": "Polygon", "coordinates": [ [ [ -99.066723905496801, 19.208473793740897 ], [ -99.069676929930921, 19.213328393903954 ], [ -99.075579060883982, 19.21332605500012 ], [ -99.078527820888681, 19.208469117205627 ], [ -99.075574624519561, 19.203614657623582 ], [ -99.069672840011009, 19.203616995255086 ], [ -99.066723905496801, 19.208473793740897 ] ] ] } },
{ "type": "Feature", "properties": { "alcaldia": "MLP", "clave": "MLP-292", "n": "292" }, "geometry": { "type": "Polygon", "coordinates": [ [ [ -99.057869268594061, 19.203621100614416 ], [ -99.06082194658336, 19.208475846979177 ], [ -99.066723905496801, 19.208473793740897 ], [ -99.069672840011009, 19.203616995255086 ], [ -99.066719989981777, 19.198762389355771 ], [ -99.060818377408566, 19.198764441476882 ], [ -99.057869268594061, 19.203621100614416 ] ] ] } },
{ "type": "Feature", "properties": { "alcaldia": "MLP", "clave": "MLP-293", "n": "293" }, "geometry": { "type": "Polygon", "coordinates": [ [ [ -99.04901802667014, 19.208479383396526 ], [ -99.051970532410294, 19.213334270187541 ], [ -99.05787266562433, 19.213332501497767 ], [ -99.06082194658336, 19.208475846979177 ], [ -99.057869268594061, 19.203621100614416 ], [ -99.05196748182513, 19.203622868342048 ], [ -99.04901802667014, 19.208479383396526 ] ] ] } },
{ "type": "Feature", "properties": { "alcaldia": "MLP", "clave": "MLP-294", "n": "294" }, "geometry": { "type": "Polygon", "coordinates": [ [ [ -99.040163906515048, 19.203625833892769 ], [ -99.043116065809869, 19.20848086657541 ], [ -99.04901802667014, 19.208479383396526 ], [ -99.05196748182513, 19.203622868342048 ], [ -99.049015150176359, 19.19876797597005 ], [ -99.043113535656829, 19.198769458341928 ], [ -99.040163906515048, 19.203625833892769 ] ] ] } },
{ "type": "Feature", "properties": { "alcaldia": "MLP", "clave": "MLP-295", "n": "295" }, "geometry": { "type": "Polygon", "coordinates": [ [ [ -99.031312142630625, 19.208483262873219 ], [ -99.034264129362228, 19.213338435827268 ], [ -99.040166264209503, 19.213337237352366 ], [ -99.043116065809869, 19.20848086657541 ], [ -99.040163906515048, 19.203625833892769 ], [ -99.034262118113318, 19.203627031715712 ], [ -99.031312142630625, 19.208483262873219 ] ] ] } },
{ "type": "Feature", "properties": { "alcaldia": "MLP", "clave": "MLP-296", "n": "296" }, "geometry": { "type": "Polygon", "coordinates": [ [ [ -99.022458540165218, 19.203628857456465 ], [ -99.025410180451146, 19.20848417599203 ], [ -99.031312142630625, 19.208483262873219 ], [ -99.034262118113318, 19.203627031715712 ], [ -99.031310305159479, 19.198771853335895 ], [ -99.025408689321097, 19.198772765957873 ], [ -99.022458540165218, 19.203628857456465 ] ] ] } },
{ "type": "Feature", "properties": { "alcaldia": "MLP", "clave": "MLP-297", "n": "297" }, "geometry": { "type": "Polygon", "coordinates": [ [ [ -99.01360625526118, 19.208485432169205 ], [ -99.016557722669944, 19.213340890821225 ], [ -99.022459858522723, 19.213340262561744 ], [ -99.025410180451146, 19.20848417599203 ], [ -99.022458540165218, 19.203628857456465 ], [ -99.016556750758255, 19.203629485374179 ], [ -99.01360625526118, 19.208485432169205 ] ] ] } },
{ "type": "Feature", "properties": { "alcaldia": "MLP", "clave": "MLP-298", "n": "298" }, "geometry": { "type": "Polygon", "coordinates": [ [ [ -99.004753171427254, 19.203630171304134 ], [ -99.007704292390159, 19.208485775227516 ], [ -99.01360625526118, 19.208485432169205 ], [ -99.016556750758255, 19.203629485374179 ], [ -99.013605456813565, 19.198774021451563 ], [ -99.007703840283853, 19.19877436432321 ], [ -99.004753171427254, 19.203630171304134 ] ] ] } },
{ "type": "Feature", "properties": { "alcaldia": "MLP", "clave": "MLP-299", "n": "299" }, "geometry": { "type": "Polygon", "coordinates": [ [ [ -98.995900366444772, 19.208485891283495 ], [ -98.998851314216623, 19.213341635168288 ], [ -99.004753450447168, 19.213341577124517 ], [ -99.007704292390159, 19.208485775227516 ], [ -99.004753171427254, 19.203630171304134 ], [ -98.998851381642638, 19.203630229316332 ], [ -98.995900366444772, 19.208485891283495 ] ] ] } },
{ "type": "Feature", "properties": { "alcaldia": "MLP", "clave": "MLP-300", "n": "300" }, "geometry": { "type": "Polygon", "coordinates": [ [ [ -98.987047802183881, 19.203629775435164 ], [ -98.989998403509858, 19.208485664281152 ], [ -98.995900366444772, 19.208485891283495 ], [ -98.998851381642638, 19.203630229316332 ], [ -98.995900607021071, 19.19877448031604 ], [ -98.98999899042748, 19.198774253437211 ], [ -98.987047802183881, 19.203629775435164 ] ] ] } },
{ "type": "Feature", "properties": { "alcaldia": "MLP", "clave": "MLP-301", "n": "301" }, "geometry": { "type": "Polygon", "coordinates": [ [ [ -98.978194478064324, 19.208484640215868 ], [ -98.981144905885472, 19.213340668868131 ], [ -98.987047041866049, 19.213341181040089 ], [ -98.989998403509858, 19.208485664281152 ], [ -98.987047802183881, 19.203629775435164 ], [ -98.981146012649162, 19.203629263541831 ], [ -98.978194478064324, 19.208484640215868 ] ] ] } },
{ "type": "Feature", "properties": { "alcaldia": "MLP", "clave": "MLP-302", "n": "302" }, "geometry": { "type": "Polygon", "coordinates": [ [ [ -98.969342434317767, 19.203627669849759 ], [ -98.972292515693184, 19.20848384315298 ], [ -98.978194478064324, 19.208484640215868 ], [ -98.981146012649162, 19.203629263541831 ], [ -98.978195757664452, 19.198773229929127 ], [ -98.972294141634464, 19.198772433299926 ], [ -98.969342434317767, 19.203627669849759 ] ] ] } },
{ "type": "Feature", "properties": { "alcaldia": "MLP", "clave": "MLP-303", "n": "303" }, "geometry": { "type": "Polygon", "coordinates": [ [ [ -98.960488592002818, 19.208481678966908 ], [ -98.9634384995597, 19.213337991921186 ], [ -98.969340634662572, 19.213339074308642 ], [ -98.972292515693184, 19.20848384315298 ], [ -98.969342434317767, 19.203627669849759 ], [ -98.963440645660498, 19.203626588051112 ], [ -98.960488592002818, 19.208481678966908 ] ] ] } },
{ "type": "Feature", "properties": { "alcaldia": "TLP", "clave": "TLP-204", "n": "204" }, "geometry": { "type": "Polygon", "coordinates": [ [ [ -99.305760782294314, 19.213086584418821 ], [ -99.308720867534916, 19.217937265746709 ], [ -99.314623079815149, 19.217927226433687 ], [ -99.317564860260674, 19.213066511253118 ], [ -99.314604607282362, 19.208215972624917 ], [ -99.308702741526474, 19.208226006477869 ], [ -99.305760782294314, 19.213086584418821 ] ] ] } },
{ "type": "Feature", "properties": { "alcaldia": "TLP", "clave": "TLP-205", "n": "205" }, "geometry": { "type": "Polygon", "coordinates": [ [ [ -99.296916432098485, 19.217956774041003 ], [ -99.299876349392136, 19.222807598030254 ], [ -99.30577874046044, 19.222797841230335 ], [ -99.308720867534916, 19.217937265746709 ], [ -99.305760782294314, 19.213086584418821 ], [ -99.299858737856411, 19.213096335913463 ], [ -99.296916432098485, 19.217956774041003 ] ] ] } },
{ "type": "Feature", "properties": { "alcaldia": "TLP", "clave": "TLP-206", "n": "206" }, "geometry": { "type": "Polygon", "coordinates": [ [ [ -99.288054638419894, 19.213115268723843 ], [ -99.291014209081737, 19.217966243021269 ], [ -99.296916432098485, 19.217956774041003 ], [ -99.299858737856411, 19.213096335913463 ], [ -99.296898999141604, 19.208245504162203 ], [ -99.290997122652072, 19.208254967992577 ], [ -99.288054638419894, 19.213115268723843 ] ] ] } },
{ "type": "Feature", "properties": { "alcaldia": "MAC", "clave": "MAC-001", "n": "001" }, "geometry": { "type": "Polygon", "coordinates": [ [ [ -99.2792097528, 19.217984610645651 ], [ -99.282169155199583, 19.22283572745086 ], [ -99.288071556691932, 19.222826541140996 ], [ -99.291014209081737, 19.217966243021269 ], [ -99.288054638419894, 19.213115268723843 ], [ -99.282152583560759, 19.213124450038627 ], [ -99.2792097528, 19.217984610645651 ] ] ] } },
{ "type": "Feature", "properties": { "alcaldia": "TLP", "clave": "TLP-207", "n": "207" }, "geometry": { "type": "Polygon", "coordinates": [ [ [ -99.270348463909443, 19.213142242485034 ], [ -99.273307519674489, 19.217993509288835 ], [ -99.2792097528, 19.217984610645651 ], [ -99.282152583560759, 19.213124450038627 ], [ -99.279193359427538, 19.208273325627371 ], [ -99.273291472831971, 19.208282219430849 ], [ -99.270348463909443, 19.213142242485034 ] ] ] } },
{ "type": "Feature", "properties": { "alcaldia": "TLP", "clave": "TLP-208", "n": "208" }, "geometry": { "type": "Polygon", "coordinates": [ [ [ -99.261503043803017, 19.218010736234913 ], [ -99.26446193099062, 19.222862145392817 ], [ -99.270364342279152, 19.222853529577218 ], [ -99.273307519674489, 19.217993509288835 ], [ -99.270348463909443, 19.213142242485034 ], [ -99.264446399256769, 19.213150853615762 ], [ -99.261503043803017, 19.218010736234913 ] ] ] } },
{ "type": "Feature", "properties": { "alcaldia": "TLP", "clave": "TLP-209", "n": "209" }, "geometry": { "type": "Polygon", "coordinates": [ [ [ -99.252642260646041, 19.213167505690073 ], [ -99.255600801196522, 19.218019064536939 ], [ -99.261503043803017, 19.218010736234913 ], [ -99.264446399256769, 19.213150853615762 ], [ -99.261487690022975, 19.208299437007721 ], [ -99.255585793948967, 19.208307760780233 ], [ -99.252642260646041, 19.213167505690073 ] ] ] } },
{ "type": "Feature", "properties": { "alcaldia": "TLP", "clave": "TLP-210", "n": "210" }, "geometry": { "type": "Polygon", "coordinates": [ [ [ -99.243796306990845, 19.218035150796855 ], [ -99.246754678648784, 19.222886851844063 ], [ -99.252657099105662, 19.222878806526658 ], [ -99.255600801196522, 19.218019064536939 ], [ -99.252642260646041, 19.213167505690073 ], [ -99.246740186827509, 19.213175546632808 ], [ -99.243796306990845, 19.218035150796855 ] ] ] } },
{ "type": "Feature", "properties": { "alcaldia": "TLP", "clave": "TLP-211", "n": "211" }, "geometry": { "type": "Polygon", "coordinates": [ [ [ -99.234936030512756, 19.213191058327411 ], [ -99.237894055531171, 19.218042908753922 ], [ -99.243796306990845, 19.218035150796855 ], [ -99.246740186827509, 19.213175546632808 ], [ -99.24378199281071, 19.208323838291317 ], [ -99.237880087885912, 19.208331592029069 ], [ -99.234936030512756, 19.213191058327411 ] ] ] } },
{ "type": "Feature", "properties": { "alcaldia": "TLP", "clave": "TLP-212", "n": "212" }, "geometry": { "type": "Polygon", "coordinates": [ [ [ -99.226089544246861, 19.218057854320325 ], [ -99.229047400057681, 19.222909846793318 ], [ -99.234949829055026, 19.222902371977789 ], [ -99.237894055531171, 19.218042908753922 ], [ -99.234936030512756, 19.213191058327411 ], [ -99.229033948156044, 19.21319852907849 ], [ -99.226089544246861, 19.218057854320325 ] ] ] } },
{ "type": "Feature", "properties": { "alcaldia": "TLP", "clave": "TLP-213", "n": "213" }, "geometry": { "type": "Polygon", "coordinates": [ [ [ -99.217229775392696, 19.21321290038631 ], [ -99.220187284561774, 19.218065041928895 ], [ -99.226089544246861, 19.218057854320325 ], [ -99.229033948156044, 19.21319852907849 ], [ -99.226076269673641, 19.208346529467025 ], [ -99.220174356525632, 19.208353713166471 ], [ -99.217229775392696, 19.21321290038631 ] ] ] } },
{ "type": "Feature", "properties": { "alcaldia": "TLP", "clave": "TLP-214", "n": "214" }, "geometry": { "type": "Polygon", "coordinates": [ [ [ -99.208382757454416, 19.218078846794953 ], [ -99.211340097100944, 19.222931130230073 ], [ -99.217242534010865, 19.222924225919822 ], [ -99.220187284561774, 19.218065041928895 ], [ -99.217229775392696, 19.21321290038631 ], [ -99.211327685125511, 19.213219800942316 ], [ -99.208382757454416, 19.218078846794953 ] ] ] } },
{ "type": "Feature", "properties": { "alcaldia": "TLP", "clave": "TLP-215", "n": "215" }, "geometry": { "type": "Polygon", "coordinates": [ [ [ -99.199523497168926, 19.21323303185677 ], [ -99.202480490171681, 19.218085464051743 ], [ -99.208382757454416, 19.218078846794953 ], [ -99.211327685125511, 19.213219800942316 ], [ -99.208370522494562, 19.208367510524479 ], [ -99.202468601750979, 19.208374124182335 ], [ -99.199523497168926, 19.21323303185677 ] ] ] } },
{ "type": "Feature", "properties": { "alcaldia": "TLP", "clave": "TLP-216", "n": "216" }, "geometry": { "type": "Polygon", "coordinates": [ [ [ -99.19067594849686, 19.21809812821115 ], [ -99.193632771662152, 19.222950702144601 ], [ -99.199535215856798, 19.222944368342791 ], [ -99.202480490171681, 19.218085464051743 ], [ -99.199523497168926, 19.21323303185677 ], [ -99.193621399619019, 19.213239362214555 ], [ -99.19067594849686, 19.21809812821115 ] ] ] } },
{ "type": "Feature", "properties": { "alcaldia": "TLP", "clave": "TLP-217", "n": "217" }, "geometry": { "type": "Polygon", "coordinates": [ [ [ -99.181817197724641, 19.213251452729619 ], [ -99.184773674244298, 19.218104175113133 ], [ -99.19067594849686, 19.21809812821115 ], [ -99.193621399619019, 19.213239362214555 ], [ -99.190664753156369, 19.208386781454085 ], [ -99.184762825444835, 19.208392825067339 ], [ -99.181817197724641, 19.213251452729619 ] ] ] } },
{ "type": "Feature", "properties": { "alcaldia": "TLP", "clave": "TLP-218", "n": "218" }, "geometry": { "type": "Polygon", "coordinates": [ [ [ -99.172969119257587, 19.218115698560108 ], [ -99.175925425624996, 19.222968562527971 ], [ -99.181827876476476, 19.222962799237497 ], [ -99.184773674244298, 19.218104175113133 ], [ -99.181817197724641, 19.213251452729619 ], [ -99.175915093519691, 19.21325721288628 ], [ -99.172969119257587, 19.218115698560108 ] ] ] } },
{ "type": "Feature", "properties": { "alcaldia": "TLP", "clave": "TLP-219", "n": "219" }, "geometry": { "type": "Polygon", "coordinates": [ [ [ -99.164110878942935, 19.213268162996425 ], [ -99.16706683866299, 19.218121175104521 ], [ -99.172969119257587, 19.218115698560108 ], [ -99.175915093519691, 19.21325721288628 ], [ -99.17295896354193, 19.208404342247057 ], [ -99.167057029490067, 19.208409815812935 ], [ -99.164110878942935, 19.213268162996425 ] ] ] } },
{ "type": "Feature", "properties": { "alcaldia": "TLP", "clave": "TLP-220", "n": "220" }, "geometry": { "type": "Polygon", "coordinates": [ [ [ -99.155262271620018, 19.218131557833804 ], [ -99.158218060873097, 19.222984711372018 ], [ -99.164120517753517, 19.222979518595512 ], [ -99.16706683866299, 19.218121175104521 ], [ -99.164110878942935, 19.213268162996425 ], [ -99.158208768710665, 19.213273352949344 ], [ -99.155262271620018, 19.218131557833804 ] ] ] } },
{ "type": "Feature", "properties": { "alcaldia": "TLP", "clave": "TLP-221", "n": "221" }, "geometry": { "type": "Polygon", "coordinates": [ [ [ -99.146404542706989, 19.21328316264956 ], [ -99.149359985311179, 19.218136464018148 ], [ -99.155262271620018, 19.218131557833804 ], [ -99.158208768710665, 19.213273352949344 ], [ -99.15525315553414, 19.20842019289536 ], [ -99.149351215769585, 19.208425096411375 ], [ -99.146404542706989, 19.21328316264956 ] ] ] } },
{ "type": "Feature", "properties": { "alcaldia": "XOC", "clave": "XOC-011", "n": "011" }, "geometry": { "type": "Polygon", "coordinates": [ [ [ -99.137555407467531, 19.218145706024991 ], [ -99.140510679290117, 19.222999148669373 ], [ -99.146413141571614, 19.222994526409202 ], [ -99.149359985311179, 19.218136464018148 ], [ -99.146404542706989, 19.21328316264956 ], [ -99.140502427075106, 19.213287782396364 ], [ -99.137555407467531, 19.218145706024991 ] ] ] } },
{ "type": "Feature", "properties": { "alcaldia": "XOC", "clave": "XOC-012", "n": "012" }, "geometry": { "type": "Polygon", "coordinates": [ [ [ -99.128698190899939, 19.213296451682183 ], [ -99.131653116072258, 19.218150041847021 ], [ -99.137555407467531, 19.218145706024991 ], [ -99.140502427075106, 19.213287782396364 ], [ -99.137547331015909, 19.208434333391761 ], [ -99.131645386166284, 19.20843866685567 ], [ -99.128698190899939, 19.213296451682183 ] ] ] } },
{ "type": "Feature", "properties": { "alcaldia": "XOC", "clave": "XOC-013", "n": "013" }, "geometry": { "type": "Polygon", "coordinates": [ [ [ -99.119848528683562, 19.218158143127205 ], [ -99.122803282759747, 19.223011874413427 ], [ -99.128705749814401, 19.223007822671708 ], [ -99.131653116072258, 19.218150041847021 ], [ -99.128698190899939, 19.213296451682183 ], [ -99.122796070496179, 19.213300501220754 ], [ -99.119848528683562, 19.218158143127205 ] ] ] } },
{ "type": "Feature", "properties": { "alcaldia": "XOC", "clave": "XOC-014", "n": "014" }, "geometry": { "type": "Polygon", "coordinates": [ [ [ -99.110991825404966, 19.213308030088207 ], [ -99.113946232829662, 19.218161908584946 ], [ -99.119848528683562, 19.218158143127205 ], [ -99.122796070496179, 19.213300501220754 ], [ -99.119841491870119, 19.208446763729807 ], [ -99.113939542563088, 19.208450527139622 ], [ -99.110991825404966, 19.213308030088207 ] ] ] } },
{ "type": "Feature", "properties": { "alcaldia": "XOC", "clave": "XOC-015", "n": "015" }, "geometry": { "type": "Polygon", "coordinates": [ [ [ -99.102141637151547, 19.218168869134772 ], [ -99.105095873165652, 19.223022888598386 ], [ -99.110998344365584, 19.22301940737696 ], [ -99.113946232829662, 19.218161908584946 ], [ -99.110991825404966, 19.213308030088207 ], [ -99.10508970085705, 19.213311509416705 ], [ -99.102141637151547, 19.218168869134772 ] ] ] } },
{ "type": "Feature", "properties": { "alcaldia": "XOC", "clave": "XOC-016", "n": "016" }, "geometry": { "type": "Polygon", "coordinates": [ [ [ -99.093285448105249, 19.213317897862357 ], [ -99.096239337466841, 19.218172064226504 ], [ -99.102141637151547, 19.218168869134772 ], [ -99.10508970085705, 19.213311509416705 ], [ -99.102135639979721, 19.208457483903807 ], [ -99.096233686842908, 19.208460677257818 ], [ -99.093285448105249, 19.213317897862357 ] ] ] } },
{ "type": "Feature", "properties": { "alcaldia": "XOC", "clave": "XOC-017", "n": "017" }, "geometry": { "type": "Polygon", "coordinates": [ [ [ -99.084434734754907, 19.218177884042785 ], [ -99.087388452391522, 19.223032191219204 ], [ -99.093290927108825, 19.223029280519668 ], [ -99.096239337466841, 19.218172064226504 ], [ -99.093285448105249, 19.213317897862357 ], [ -99.0873833200409, 19.213320806979187 ], [ -99.084434734754907, 19.218177884042785 ] ] ] } },
{ "type": "Feature", "properties": { "alcaldia": "XOC", "clave": "XOC-018", "n": "018" }, "geometry": { "type": "Polygon", "coordinates": [ [ [ -99.075579060883982, 19.21332605500012 ], [ -99.078532431867202, 19.218180508767045 ], [ -99.084434734754907, 19.218177884042785 ], [ -99.0873833200409, 19.213320806979187 ], [ -99.084429777227641, 19.208466493908876 ], [ -99.078527820888681, 19.208469117205627 ], [ -99.075579060883982, 19.21332605500012 ] ] ] } },
{ "type": "Feature", "properties": { "alcaldia": "XOC", "clave": "XOC-019", "n": "019" }, "geometry": { "type": "Polygon", "coordinates": [ [ [ -99.066727823377107, 19.218185187847126 ], [ -99.069681022321049, 19.223039782271634 ], [ -99.075583499927845, 19.223037442095318 ], [ -99.078532431867202, 19.218180508767045 ], [ -99.075579060883982, 19.21332605500012 ], [ -99.069676929930921, 19.213328393903954 ], [ -99.066727823377107, 19.218185187847126 ] ] ] } },
{ "type": "Feature", "properties": { "alcaldia": "MLP", "clave": "MLP-304", "n": "304" }, "geometry": { "type": "Polygon", "coordinates": [ [ [ -99.05787266562433, 19.213332501497767 ], [ -99.060825517914211, 19.218187242202717 ], [ -99.066727823377107, 19.218185187847126 ], [ -99.069676929930921, 19.213328393903954 ], [ -99.066723905496801, 19.208473793740897 ], [ -99.06082194658336, 19.208475846979177 ], [ -99.05787266562433, 19.213332501497767 ] ] ] } },
{ "type": "Feature", "properties": { "alcaldia": "MLP", "clave": "MLP-305", "n": "305" }, "geometry": { "type": "Polygon", "coordinates": [ [ [ -99.049020904901568, 19.218190780544465 ], [ -99.051973584837938, 19.223045661752213 ], [ -99.057876064706321, 19.223043892100183 ], [ -99.060825517914211, 19.218187242202717 ], [ -99.05787266562433, 19.213332501497767 ], [ -99.051970532410294, 19.213334270187541 ], [ -99.049020904901568, 19.218190780544465 ] ] ] } },
{ "type": "Feature", "properties": { "alcaldia": "MLP", "clave": "MLP-306", "n": "306" }, "geometry": { "type": "Polygon", "coordinates": [ [ [ -99.040166264209503, 19.213337237352366 ], [ -99.043118597491315, 19.218192264530447 ], [ -99.049020904901568, 19.218190780544465 ], [ -99.051970532410294, 19.213334270187541 ], [ -99.04901802667014, 19.208479383396526 ], [ -99.043116065809869, 19.20848086657541 ], [ -99.040166264209503, 19.213337237352366 ] ] ] } },
{ "type": "Feature", "properties": { "alcaldia": "MLP", "clave": "MLP-307", "n": "307" }, "geometry": { "type": "Polygon", "coordinates": [ [ [ -99.031313981211738, 19.218194662132248 ], [ -99.034266141825896, 19.223049829658251 ], [ -99.040168623327972, 19.22304863053132 ], [ -99.043118597491315, 19.218192264530447 ], [ -99.040166264209503, 19.213337237352366 ], [ -99.034264129362228, 19.213338435827268 ], [ -99.031313981211738, 19.218194662132248 ] ] ] } },
{ "type": "Feature", "properties": { "alcaldia": "MLP", "clave": "MLP-308", "n": "308" }, "geometry": { "type": "Polygon", "coordinates": [ [ [ -99.022459858522723, 19.213340262561744 ], [ -99.025411672481951, 19.218195575747938 ], [ -99.031313981211738, 19.218194662132248 ], [ -99.034264129362228, 19.213338435827268 ], [ -99.031312142630625, 19.208483262873219 ], [ -99.025410180451146, 19.20848417599203 ], [ -99.022459858522723, 19.213340262561744 ] ] ] } },
{ "type": "Feature", "properties": { "alcaldia": "MLP", "clave": "MLP-309", "n": "309" }, "geometry": { "type": "Polygon", "coordinates": [ [ [ -99.013607054191112, 19.21819683260869 ], [ -99.016558695168641, 19.223052285987844 ], [ -99.02246117767649, 19.223051657386556 ], [ -99.025411672481951, 19.218195575747938 ], [ -99.022459858522723, 19.213340262561744 ], [ -99.016557722669944, 19.213340890821225 ], [ -99.013607054191112, 19.21819683260869 ] ] ] } },
{ "type": "Feature", "properties": { "alcaldia": "MLP", "clave": "MLP-310", "n": "310" }, "geometry": { "type": "Polygon", "coordinates": [ [ [ -99.004753450447168, 19.213341577124517 ], [ -99.007704744769597, 19.218197175853682 ], [ -99.013607054191112, 19.21819683260869 ], [ -99.016557722669944, 19.213340890821225 ], [ -99.01360625526118, 19.208485432169205 ], [ -99.007704292390159, 19.208485775227516 ], [ -99.004753450447168, 19.213341577124517 ] ] ] } },
{ "type": "Feature", "properties": { "alcaldia": "MLP", "clave": "MLP-311", "n": "311" }, "geometry": { "type": "Polygon", "coordinates": [ [ [ -98.995900125723125, 19.218197291972814 ], [ -98.998851246749879, 19.223053030739877 ], [ -99.00475372963561, 19.223052972664526 ], [ -99.007704744769597, 19.218197175853682 ], [ -99.004753450447168, 19.213341577124517 ], [ -98.998851314216623, 19.213341635168288 ], [ -98.995900125723125, 19.218197291972814 ] ] ] } },
{ "type": "Feature", "properties": { "alcaldia": "MLP", "clave": "MLP-312", "n": "312" }, "geometry": { "type": "Polygon", "coordinates": [ [ [ -98.987047041866049, 19.213341181040089 ], [ -98.98999781623769, 19.21819706484694 ], [ -98.995900125723125, 19.218197291972814 ], [ -98.998851314216623, 19.213341635168288 ], [ -98.995900366444772, 19.208485891283495 ], [ -98.989998403509858, 19.208485664281152 ], [ -98.987047041866049, 19.213341181040089 ] ] ] } },
{ "type": "Feature", "properties": { "alcaldia": "MLP", "clave": "MLP-313", "n": "313" }, "geometry": { "type": "Polygon", "coordinates": [ [ [ -98.978193197691226, 19.218196040224395 ], [ -98.981143798453331, 19.223052063913997 ], [ -98.987046281089007, 19.223052576364605 ], [ -98.98999781623769, 19.21819706484694 ], [ -98.987047041866049, 19.213341181040089 ], [ -98.981144905885472, 19.213340668868131 ], [ -98.978193197691226, 19.218196040224395 ] ] ] } },
{ "type": "Feature", "properties": { "alcaldia": "MLP", "clave": "MLP-314", "n": "314" }, "geometry": { "type": "Polygon", "coordinates": [ [ [ -98.969340634662572, 19.213339074308642 ], [ -98.972290888769706, 19.21819524272777 ], [ -98.978193197691226, 19.218196040224395 ], [ -98.981144905885472, 19.213340668868131 ], [ -98.978194478064324, 19.208484640215868 ], [ -98.972292515693184, 19.20848384315298 ], [ -98.969340634662572, 19.213339074308642 ] ] ] } },
{ "type": "Feature", "properties": { "alcaldia": "TLH", "clave": "TLH-001", "n": "001" }, "geometry": { "type": "Polygon", "coordinates": [ [ [ -98.960486271978894, 19.218193077364017 ], [ -98.963436352162688, 19.223049385510663 ], [ -98.969338833920432, 19.223050468486992 ], [ -98.972290888769706, 19.21819524272777 ], [ -98.969340634662572, 19.213339074308642 ], [ -98.9634384995597, 19.213337991921186 ], [ -98.960486271978894, 19.218193077364017 ] ] ] } },
{ "type": "Feature", "properties": { "alcaldia": "TLH", "clave": "TLH-002", "n": "002" }, "geometry": { "type": "Polygon", "coordinates": [ [ [ -98.951634230719947, 19.213335256931135 ], [ -98.954583964249082, 19.218191709497003 ], [ -98.960486271978894, 19.218193077364017 ], [ -98.9634384995597, 19.213337991921186 ], [ -98.960488592002818, 19.208481678966908 ], [ -98.954586630823073, 19.208480311843832 ], [ -98.951634230719947, 19.213335256931135 ] ] ] } },
{ "type": "Feature", "properties": { "alcaldia": "TLH", "clave": "TLH-003", "n": "003" }, "geometry": { "type": "Polygon", "coordinates": [ [ [ -98.94277935046955, 19.218188403393032 ], [ -98.945728909761684, 19.22304499553108 ], [ -98.951631390013588, 19.223046649032636 ], [ -98.954583964249082, 19.218191709497003 ], [ -98.951634230719947, 19.213335256931135 ], [ -98.945732097122502, 19.213333604328675 ], [ -98.94277935046955, 19.218188403393032 ] ] ] } },
{ "type": "Feature", "properties": { "alcaldia": "MAC", "clave": "MAC-002", "n": "002" }, "geometry": { "type": "Polygon", "coordinates": [ [ [ -99.31464156350296, 19.227638469943237 ], [ -99.317602174369867, 19.23248899273289 ], [ -99.323504901222989, 19.232478659831237 ], [ -99.326446670302715, 19.227617809756346 ], [ -99.323485891701097, 19.222767429858333 ], [ -99.317583511684688, 19.222777757143863 ], [ -99.31464156350296, 19.227638469943237 ] ] ] } },
{ "type": "Feature", "properties": { "alcaldia": "TLP", "clave": "TLP-222", "n": "222" }, "geometry": { "type": "Polygon", "coordinates": [ [ [ -99.30577874046044, 19.222797841230335 ], [ -99.308739004489155, 19.227648514716961 ], [ -99.31464156350296, 19.227638469943237 ], [ -99.317583511684688, 19.222777757143863 ], [ -99.314623079815149, 19.217927226433687 ], [ -99.308720867534916, 19.217937265746709 ], [ -99.30577874046044, 19.222797841230335 ] ] ] } },
{ "type": "Feature", "properties": { "alcaldia": "MAC", "clave": "MAC-003", "n": "003" }, "geometry": { "type": "Polygon", "coordinates": [ [ [ -99.296933875582624, 19.227668033622411 ], [ -99.29989397156119, 19.232518849847171 ], [ -99.305796709469178, 19.232509087741366 ], [ -99.308739004489155, 19.227648514716961 ], [ -99.30577874046044, 19.222797841230335 ], [ -99.299876349392136, 19.222807598030254 ], [ -99.296933875582624, 19.227668033622411 ] ] ] } },
{ "type": "Feature", "properties": { "alcaldia": "MAC", "clave": "MAC-004", "n": "004" }, "geometry": { "type": "Polygon", "coordinates": [ [ [ -99.288071556691932, 19.222826541140996 ], [ -99.291031305829407, 19.227677507753153 ], [ -99.296933875582624, 19.227668033622411 ], [ -99.299876349392136, 19.222807598030254 ], [ -99.296916432098485, 19.217956774041003 ], [ -99.291014209081737, 19.217966243021269 ], [ -99.288071556691932, 19.222826541140996 ] ] ] } },
{ "type": "Feature", "properties": { "alcaldia": "MAC", "clave": "MAC-005", "n": "005" }, "geometry": { "type": "Polygon", "coordinates": [ [ [ -99.279226156071971, 19.227695885368256 ], [ -99.2821857368439, 19.232546994564952 ], [ -99.288088485178761, 19.232537803259444 ], [ -99.291031305829407, 19.227677507753153 ], [ -99.288071556691932, 19.222826541140996 ], [ -99.282169155199583, 19.22283572745086 ], [ -99.279226156071971, 19.227695885368256 ] ] ] } },
{ "type": "Feature", "properties": { "alcaldia": "MAC", "clave": "MAC-006", "n": "006" }, "geometry": { "type": "Polygon", "coordinates": [ [ [ -99.270364342279152, 19.222853529577218 ], [ -99.273323576207261, 19.227704788851693 ], [ -99.279226156071971, 19.227695885368256 ], [ -99.282169155199583, 19.22283572745086 ], [ -99.2792097528, 19.217984610645651 ], [ -99.273307519674489, 19.217993509288835 ], [ -99.270364342279152, 19.222853529577218 ] ] ] } },
{ "type": "Feature", "properties": { "alcaldia": "MAC", "clave": "MAC-007", "n": "007" }, "geometry": { "type": "Polygon", "coordinates": [ [ [ -99.26151840685479, 19.227722025168045 ], [ -99.264477472102087, 19.232573426873365 ], [ -99.270380230235773, 19.232564806372363 ], [ -99.273323576207261, 19.227704788851693 ], [ -99.270364342279152, 19.222853529577218 ], [ -99.26446193099062, 19.222862145392817 ], [ -99.26151840685479, 19.227722025168045 ] ] ] } },
{ "type": "Feature", "properties": { "alcaldia": "TLP", "clave": "TLP-223", "n": "223" }, "geometry": { "type": "Polygon", "coordinates": [ [ [ -99.252657099105662, 19.222878806526658 ], [ -99.255615817506538, 19.227730358000098 ], [ -99.26151840685479, 19.227722025168045 ], [ -99.26446193099062, 19.222862145392817 ], [ -99.261503043803017, 19.218010736234913 ], [ -99.255600801196522, 19.218019064536939 ], [ -99.252657099105662, 19.222878806526658 ] ] ] } },
{ "type": "Feature", "properties": { "alcaldia": "TLP", "clave": "TLP-224", "n": "224" }, "geometry": { "type": "Polygon", "coordinates": [ [ [ -99.243810629814931, 19.227746453009839 ], [ -99.246769179219811, 19.232598146760338 ], [ -99.252671946524316, 19.232590097067781 ], [ -99.255615817506538, 19.227730358000098 ], [ -99.252657099105662, 19.222878806526658 ], [ -99.246754678648784, 19.222886851844063 ], [ -99.243810629814931, 19.227746453009839 ] ] ] } },
{ "type": "Feature", "properties": { "alcaldia": "TLP", "clave": "TLP-225", "n": "225" }, "geometry": { "type": "Polygon", "coordinates": [ [ [ -99.234949829055026, 19.222902371977789 ], [ -99.237908031611113, 19.227754215186707 ], [ -99.243810629814931, 19.227746453009839 ], [ -99.246754678648784, 19.222886851844063 ], [ -99.243796306990845, 19.218035150796855 ], [ -99.237894055531171, 19.218042908753922 ], [ -99.234949829055026, 19.222902371977789 ] ] ] } },
{ "type": "Feature", "properties": { "alcaldia": "TLP", "clave": "TLP-226", "n": "226" }, "geometry": { "type": "Polygon", "coordinates": [ [ [ -99.226102826836268, 19.227769168882475 ], [ -99.229060860081205, 19.232621154214581 ], [ -99.234963635928466, 19.232613675334129 ], [ -99.237908031611113, 19.227754215186707 ], [ -99.234949829055026, 19.222902371977789 ], [ -99.229047400057681, 19.222909846793318 ], [ -99.226102826836268, 19.227769168882475 ] ] ] } },
{ "type": "Feature", "properties": { "alcaldia": "TLP", "clave": "TLP-227", "n": "227" }, "geometry": { "type": "Polygon", "coordinates": [ [ [ -99.217242534010865, 19.222924225919822 ], [ -99.220200220404791, 19.227776360400615 ], [ -99.226102826836268, 19.227769168882475 ], [ -99.229047400057681, 19.222909846793318 ], [ -99.226089544246861, 19.218057854320325 ], [ -99.220187284561774, 19.218065041928895 ], [ -99.217242534010865, 19.222924225919822 ] ] ] } },
{ "type": "Feature", "properties": { "alcaldia": "TLP", "clave": "TLP-228", "n": "228" }, "geometry": { "type": "Polygon", "coordinates": [ [ [ -99.208394999802636, 19.227790172775578 ], [ -99.211352516570358, 19.232642449225573 ], [ -99.217255300332354, 19.232635541160665 ], [ -99.220200220404791, 19.227776360400615 ], [ -99.217242534010865, 19.222924225919822 ], [ -99.211340097100944, 19.222931130230073 ], [ -99.208394999802636, 19.227790172775578 ] ] ] } },
{ "type": "Feature", "properties": { "alcaldia": "TLP", "clave": "TLP-229", "n": "229" }, "geometry": { "type": "Polygon", "coordinates": [ [ [ -99.199535215856798, 19.222944368342791 ], [ -99.202492385771478, 19.227796793631693 ], [ -99.208394999802636, 19.227790172775578 ], [ -99.211340097100944, 19.222931130230073 ], [ -99.208382757454416, 19.218078846794953 ], [ -99.202480490171681, 19.218085464051743 ], [ -99.199535215856798, 19.222944368342791 ] ] ] } },
{ "type": "Feature", "properties": { "alcaldia": "TLP", "clave": "TLP-230", "n": "230" }, "geometry": { "type": "Polygon", "coordinates": [ [ [ -99.19068715059791, 19.227809464679552 ], [ -99.19364415057143, 19.232662031783605 ], [ -99.199546941620099, 19.232655694537385 ], [ -99.202492385771478, 19.227796793631693 ], [ -99.199535215856798, 19.222944368342791 ], [ -99.193632771662152, 19.222950702144601 ], [ -99.19068715059791, 19.227809464679552 ] ] ] } },
{ "type": "Feature", "properties": { "alcaldia": "TLP", "clave": "TLP-231", "n": "231" }, "geometry": { "type": "Polygon", "coordinates": [ [ [ -99.181827876476476, 19.222962799237497 ], [ -99.184784529595049, 19.227815514870635 ], [ -99.19068715059791, 19.227809464679552 ], [ -99.193632771662152, 19.222950702144601 ], [ -99.19067594849686, 19.21809812821115 ], [ -99.184773674244298, 19.218104175113133 ], [ -99.181827876476476, 19.222962799237497 ] ] ] } },
{ "type": "Feature", "properties": { "alcaldia": "TLP", "clave": "TLP-232", "n": "232" }, "geometry": { "type": "Polygon", "coordinates": [ [ [ -99.172979281106009, 19.227827044585588 ], [ -99.175935763968553, 19.23267990187972 ], [ -99.18183856167586, 19.232674135455078 ], [ -99.184784529595049, 19.227815514870635 ], [ -99.181827876476476, 19.222962799237497 ], [ -99.175925425624996, 19.222968562527971 ], [ -99.172979281106009, 19.227827044585588 ] ] ] } },
{ "type": "Feature", "properties": { "alcaldia": "TLP", "clave": "TLP-233", "n": "233" }, "geometry": { "type": "Polygon", "coordinates": [ [ [ -99.164120517753517, 19.222979518595512 ], [ -99.167076653759409, 19.227832524108866 ], [ -99.172979281106009, 19.227827044585588 ], [ -99.175925425624996, 19.222968562527971 ], [ -99.172969119257587, 19.218115698560108 ], [ -99.16706683866299, 19.218121175104521 ], [ -99.164120517753517, 19.222979518595512 ] ] ] } },
{ "type": "Feature", "properties": { "alcaldia": "TLP", "clave": "TLP-234", "n": "234" }, "geometry": { "type": "Polygon", "coordinates": [ [ [ -99.155271393210853, 19.227842912485649 ], [ -99.158227358645888, 19.232696059505752 ], [ -99.164130162383756, 19.232690863905336 ], [ -99.167076653759409, 19.227832524108866 ], [ -99.164120517753517, 19.222979518595512 ], [ -99.158218060873097, 19.222984711372018 ], [ -99.155271393210853, 19.227842912485649 ] ] ] } },
{ "type": "Feature", "properties": { "alcaldia": "TLP", "clave": "TLP-235", "n": "235" }, "geometry": { "type": "Polygon", "coordinates": [ [ [ -99.146413141571614, 19.222994526409202 ], [ -99.149368760148462, 19.227847821338621 ], [ -99.155271393210853, 19.227842912485649 ], [ -99.158218060873097, 19.222984711372018 ], [ -99.155262271620018, 19.218131557833804 ], [ -99.149359985311179, 19.218136464018148 ], [ -99.146413141571614, 19.222994526409202 ] ] ] } },
{ "type": "Feature", "properties": { "alcaldia": "XOC", "clave": "XOC-020", "n": "020" }, "geometry": { "type": "Polygon", "coordinates": [ [ [ -99.137563488796317, 19.227857068372494 ], [ -99.140518936487609, 19.232710504654325 ], [ -99.146421745628004, 19.232705879880498 ], [ -99.149368760148462, 19.227847821338621 ], [ -99.146413141571614, 19.222994526409202 ], [ -99.140510679290117, 19.222999148669373 ], [ -99.137563488796317, 19.227857068372494 ] ] ] } },
{ "type": "Feature", "properties": { "alcaldia": "XOC", "clave": "XOC-021", "n": "021" }, "geometry": { "type": "Polygon", "coordinates": [ [ [ -99.128705749814401, 19.223007822671708 ], [ -99.131660850646128, 19.227861406552918 ], [ -99.137563488796317, 19.227857068372494 ], [ -99.140510679290117, 19.222999148669373 ], [ -99.137555407467531, 19.218145706024991 ], [ -99.131653116072258, 19.218150041847021 ], [ -99.128705749814401, 19.223007822671708 ] ] ] } },
{ "type": "Feature", "properties": { "alcaldia": "XOC", "clave": "XOC-022", "n": "022" }, "geometry": { "type": "Polygon", "coordinates": [ [ [ -99.119855569746363, 19.22786951223965 ], [ -99.122810499377891, 19.23272323731884 ], [ -99.128713313292749, 19.232719183373721 ], [ -99.131660850646128, 19.227861406552918 ], [ -99.128705749814401, 19.223007822671708 ], [ -99.122803282759747, 19.223011874413427 ], [ -99.119855569746363, 19.22786951223965 ] ] ] } },
{ "type": "Feature", "properties": { "alcaldia": "XOC", "clave": "XOC-023", "n": "023" }, "geometry": { "type": "Polygon", "coordinates": [ [ [ -99.110998344365584, 19.22301940737696 ], [ -99.113952927136339, 19.227873279745545 ], [ -99.119855569746363, 19.22786951223965 ], [ -99.122803282759747, 19.223011874413427 ], [ -99.119848528683562, 19.218158143127205 ], [ -99.113946232829662, 19.218161908584946 ], [ -99.110998344365584, 19.22301940737696 ] ] ] } },
{ "type": "Feature", "properties": { "alcaldia": "XOC", "clave": "XOC-024", "n": "024" }, "geometry": { "type": "Polygon", "coordinates": [ [ [ -99.10214763794491, 19.227880244081437 ], [ -99.105102049200937, 19.23273425749348 ], [ -99.111004867262182, 19.232730774378908 ], [ -99.113952927136339, 19.227873279745545 ], [ -99.110998344365584, 19.22301940737696 ], [ -99.105095873165652, 19.223022888598386 ], [ -99.10214763794491, 19.227880244081437 ] ] ] } },
{ "type": "Feature", "properties": { "alcaldia": "XOC", "clave": "XOC-025", "n": "025" }, "geometry": { "type": "Polygon", "coordinates": [ [ [ -99.093290927108825, 19.223029280519668 ], [ -99.096244991503056, 19.227883440911082 ], [ -99.10214763794491, 19.227880244081437 ], [ -99.105095873165652, 19.223022888598386 ], [ -99.102141637151547, 19.218168869134772 ], [ -99.096239337466841, 19.218172064226504 ], [ -99.093290927108825, 19.223029280519668 ] ] ] } },
{ "type": "Feature", "properties": { "alcaldia": "XOC", "clave": "XOC-026", "n": "026" }, "geometry": { "type": "Polygon", "coordinates": [ [ [ -99.084439695275904, 19.227889263892951 ], [ -99.087393587840921, 19.232743565173205 ], [ -99.093296409420503, 19.232740652890786 ], [ -99.096244991503056, 19.227883440911082 ], [ -99.093290927108825, 19.223029280519668 ], [ -99.087388452391522, 19.223032191219204 ], [ -99.084439695275904, 19.227889263892951 ] ] ] } },
{ "type": "Feature", "properties": { "alcaldia": "XOC", "clave": "XOC-027", "n": "027" }, "geometry": { "type": "Polygon", "coordinates": [ [ [ -99.075583499927845, 19.223037442095318 ], [ -99.078537045630185, 19.227891890044884 ], [ -99.084439695275904, 19.227889263892951 ], [ -99.087388452391522, 19.223032191219204 ], [ -99.084434734754907, 19.218177884042785 ], [ -99.078532431867202, 19.218180508767045 ], [ -99.075583499927845, 19.223037442095318 ] ] ] } },
{ "type": "Feature", "properties": { "alcaldia": "XOC", "clave": "XOC-028", "n": "028" }, "geometry": { "type": "Polygon", "coordinates": [ [ [ -99.066731743623308, 19.227896571670076 ], [ -99.069685117182061, 19.232751160353764 ], [ -99.075587941651904, 19.232748818904827 ], [ -99.078537045630185, 19.227891890044884 ], [ -99.075583499927845, 19.223037442095318 ], [ -99.069681022321049, 19.223039782271634 ], [ -99.066731743623308, 19.227896571670076 ] ] ] } },
{ "type": "Feature", "properties": { "alcaldia": "XOC", "clave": "XOC-029", "n": "029" }, "geometry": { "type": "Polygon", "coordinates": [ [ [ -99.057876064706321, 19.223043892100183 ], [ -99.060829091401715, 19.227898627143091 ], [ -99.066731743623308, 19.227896571670076 ], [ -99.069681022321049, 19.223039782271634 ], [ -99.066727823377107, 19.218185187847126 ], [ -99.060825517914211, 19.218187242202717 ], [ -99.057876064706321, 19.223043892100183 ] ] ] } },
{ "type": "Feature", "properties": { "alcaldia": "XOC", "clave": "XOC-030", "n": "030" }, "geometry": { "type": "Polygon", "coordinates": [ [ [ -99.049023784871068, 19.227902167409461 ], [ -99.05197663910856, 19.232757043031697 ], [ -99.0578794658406, 19.232755272417307 ], [ -99.060829091401715, 19.227898627143091 ], [ -99.057876064706321, 19.223043892100183 ], [ -99.051973584837938, 19.223045661752213 ], [ -99.049023784871068, 19.227902167409461 ] ] ] } },
{ "type": "Feature", "properties": { "alcaldia": "XOC", "clave": "XOC-031", "n": "031" }, "geometry": { "type": "Polygon", "coordinates": [ [ [ -99.040168623327972, 19.22304863053132 ], [ -99.043121130701579, 19.227903652202631 ], [ -99.049023784871068, 19.227902167409461 ], [ -99.051973584837938, 19.223045661752213 ], [ -99.049020904901568, 19.218190780544465 ], [ -99.043118597491315, 19.218192264530447 ], [ -99.040168623327972, 19.22304863053132 ] ] ] } },
{ "type": "Feature", "properties": { "alcaldia": "XOC", "clave": "XOC-032", "n": "032" }, "geometry": { "type": "Polygon", "coordinates": [ [ [ -99.031315820903146, 19.227906051108558 ], [ -99.034268155504634, 19.232761213204309 ], [ -99.040170983870794, 19.232760013425274 ], [ -99.043121130701579, 19.227903652202631 ], [ -99.040168623327972, 19.22304863053132 ], [ -99.034266141825896, 19.223049829658251 ], [ -99.031315820903146, 19.227906051108558 ] ] ] } },
{ "type": "Feature", "properties": { "alcaldia": "MLP", "clave": "MLP-315", "n": "315" }, "geometry": { "type": "Polygon", "coordinates": [ [ [ -99.02246117767649, 19.223051657386556 ], [ -99.025413165413752, 19.227906965221205 ], [ -99.031315820903146, 19.227906051108558 ], [ -99.034266141825896, 19.223049829658251 ], [ -99.031313981211738, 19.218194662132248 ], [ -99.025411672481951, 19.218195575747938 ], [ -99.02246117767649, 19.223051657386556 ] ] ] } },
{ "type": "Feature", "properties": { "alcaldia": "TLH", "clave": "TLH-004", "n": "004" }, "geometry": { "type": "Polygon", "coordinates": [ [ [ -99.013607853603517, 19.227908222765596 ], [ -99.016559668254516, 19.232763670869694 ], [ -99.022462497626719, 19.232763041926564 ], [ -99.025413165413752, 19.227906965221205 ], [ -99.02246117767649, 19.223051657386556 ], [ -99.016558695168641, 19.223052285987844 ], [ -99.013607853603517, 19.227908222765596 ] ] ] } },
{ "type": "Feature", "properties": { "alcaldia": "MLP", "clave": "MLP-316", "n": "316" }, "geometry": { "type": "Polygon", "coordinates": [ [ [ -99.00475372963561, 19.223052972664526 ], [ -99.007705197422197, 19.227908566197293 ], [ -99.013607853603517, 19.227908222765596 ], [ -99.016558695168641, 19.223052285987844 ], [ -99.013607054191112, 19.21819683260869 ], [ -99.007704744769597, 19.218197175853682 ], [ -99.00475372963561, 19.223052972664526 ] ] ] } },
{ "type": "Feature", "properties": { "alcaldia": "TLH", "clave": "TLH-005", "n": "005" }, "geometry": { "type": "Polygon", "coordinates": [ [ [ -98.995899884856115, 19.227908682379582 ], [ -98.998851179242422, 19.232764416026733 ], [ -99.004754008992606, 19.232764357919795 ], [ -99.007705197422197, 19.227908566197293 ], [ -99.00475372963561, 19.223052972664526 ], [ -98.998851246749879, 19.223053030739877 ], [ -98.995899884856115, 19.227908682379582 ] ] ] } },
{ "type": "Feature", "properties": { "alcaldia": "MLP", "clave": "MLP-317", "n": "317" }, "geometry": { "type": "Polygon", "coordinates": [ [ [ -98.987046281089007, 19.223052576364605 ], [ -98.989997228610889, 19.227908455130173 ], [ -98.995899884856115, 19.227908682379582 ], [ -98.998851246749879, 19.223053030739877 ], [ -98.995900125723125, 19.218197291972814 ], [ -98.98999781623769, 19.21819706484694 ], [ -98.987046281089007, 19.223052576364605 ] ] ] } },
{ "type": "Feature", "properties": { "alcaldia": "TLH", "clave": "TLH-006", "n": "006" }, "geometry": { "type": "Polygon", "coordinates": [ [ [ -98.978191916544944, 19.227907429950303 ], [ -98.981142690352556, 19.232763448675083 ], [ -98.987045519852643, 19.232763961404363 ], [ -98.989997228610889, 19.227908455130173 ], [ -98.987046281089007, 19.223052576364605 ], [ -98.981143798453331, 19.223052063913997 ], [ -98.978191916544944, 19.227907429950303 ] ] ] } },
{ "type": "Feature", "properties": { "alcaldia": "TLH", "clave": "TLH-007", "n": "007" }, "geometry": { "type": "Polygon", "coordinates": [ [ [ -98.969338833920432, 19.223050468486992 ], [ -98.972289260863775, 19.227906632019891 ], [ -98.978191916544944, 19.227907429950303 ], [ -98.981143798453331, 19.223052063913997 ], [ -98.978193197691226, 19.218196040224395 ], [ -98.972290888769706, 19.21819524272777 ], [ -98.969338833920432, 19.223050468486992 ] ] ] } },
{ "type": "Feature", "properties": { "alcaldia": "TLH", "clave": "TLH-008", "n": "008" }, "geometry": { "type": "Polygon", "coordinates": [ [ [ -98.96048395055395, 19.227904465478328 ], [ -98.963434203469163, 19.232760768815186 ], [ -98.969337032091062, 19.232761852380452 ], [ -98.972289260863775, 19.227906632019891 ], [ -98.969338833920432, 19.223050468486992 ], [ -98.963436352162688, 19.223049385510663 ], [ -98.96048395055395, 19.227904465478328 ] ] ] } },
{ "type": "Feature", "properties": { "alcaldia": "TLH", "clave": "TLH-009", "n": "009" }, "geometry": { "type": "Polygon", "coordinates": [ [ [ -98.951631390013588, 19.223046649032636 ], [ -98.954581296064816, 19.227903096867283 ], [ -98.96048395055395, 19.227904465478328 ], [ -98.963436352162688, 19.223049385510663 ], [ -98.960486271978894, 19.218193077364017 ], [ -98.954583964249082, 19.218191709497003 ], [ -98.951631390013588, 19.223046649032636 ] ] ] } },
{ "type": "Feature", "properties": { "alcaldia": "TLH", "clave": "TLH-010", "n": "010" }, "geometry": { "type": "Polygon", "coordinates": [ [ [ -98.942775988767096, 19.227899788965019 ], [ -98.945725720476432, 19.232756376448268 ], [ -98.95162854759208, 19.23275803084903 ], [ -98.954581296064816, 19.227903096867283 ], [ -98.951631390013588, 19.223046649032636 ], [ -98.945728909761684, 19.22304499553108 ], [ -98.942775988767096, 19.227899788965019 ] ] ] } },
{ "type": "Feature", "properties": { "alcaldia": "TLH", "clave": "TLH-011", "n": "011" }, "geometry": { "type": "Polygon", "coordinates": [ [ [ -98.933923951252154, 19.223041118003298 ], [ -98.936873336098003, 19.227897849673965 ], [ -98.942775988767096, 19.227899788965019 ], [ -98.945728909761684, 19.22304499553108 ], [ -98.94277935046955, 19.218188403393032 ], [ -98.936877044559296, 19.218186465156251 ], [ -98.933923951252154, 19.223041118003298 ] ] ] } },
{ "type": "Feature", "properties": { "alcaldia": "CUJ", "clave": "CUJ-001", "n": "001" }, "geometry": { "type": "Polygon", "coordinates": [ [ [ -99.332368753617558, 19.237318410545782 ], [ -99.335330058470333, 19.242168631358101 ], [ -99.341233120683484, 19.242157721738305 ], [ -99.344174530931113, 19.237296597233517 ], [ -99.34121305855615, 19.232446519542965 ], [ -99.335310343385913, 19.23245742323574 ], [ -99.332368753617558, 19.237318410545782 ] ] ] } },
{ "type": "Feature", "properties": { "alcaldia": "CUJ", "clave": "CUJ-002", "n": "002" }, "geometry": { "type": "Polygon", "coordinates": [ [ [ -99.323504901222989, 19.232478659831237 ], [ -99.326465859031302, 19.237329031729466 ], [ -99.332368753617558, 19.237318410545782 ], [ -99.335310343385913, 19.23245742323574 ], [ -99.332349217949144, 19.227607194344227 ], [ -99.326446670302715, 19.227617809756346 ], [ -99.323504901222989, 19.232478659831237 ] ] ] } },
{ "type": "Feature", "properties": { "alcaldia": "MAC", "clave": "MAC-008", "n": "008" }, "geometry": { "type": "Polygon", "coordinates": [ [ [ -99.314660058348792, 19.237349703149235 ], [ -99.31762084831928, 19.2422002180158 ], [ -99.323523922218456, 19.242189879497392 ], [ -99.326465859031302, 19.237329031729466 ], [ -99.323504901222989, 19.232478659831237 ], [ -99.317602174369867, 19.23248899273289 ], [ -99.314660058348792, 19.237349703149235 ] ] ] } },
{ "type": "Feature", "properties": { "alcaldia": "MAC", "clave": "MAC-009", "n": "009" }, "geometry": { "type": "Polygon", "coordinates": [ [ [ -99.305796709469178, 19.232509087741366 ], [ -99.308757152392118, 19.237359753384272 ], [ -99.314660058348792, 19.237349703149235 ], [ -99.317602174369867, 19.23248899273289 ], [ -99.31464156350296, 19.227638469943237 ], [ -99.308739004489155, 19.227648514716961 ], [ -99.305796709469178, 19.232509087741366 ] ] ] } },
{ "type": "Feature", "properties": { "alcaldia": "MAC", "clave": "MAC-010", "n": "010" }, "geometry": { "type": "Polygon", "coordinates": [ [ [ -99.29695132959688, 19.237379282902097 ], [ -99.299911604366443, 19.242230091359815 ], [ -99.305814689323483, 19.242220323947521 ], [ -99.308757152392118, 19.237359753384272 ], [ -99.305796709469178, 19.232509087741366 ], [ -99.29989397156119, 19.232518849847171 ], [ -99.29695132959688, 19.237379282902097 ] ] ] } },
{ "type": "Feature", "properties": { "alcaldia": "MAC", "clave": "MAC-011", "n": "011" }, "geometry": { "type": "Polygon", "coordinates": [ [ [ -99.288088485178761, 19.232537803259444 ], [ -99.291048412897879, 19.237388762183894 ], [ -99.29695132959688, 19.237379282902097 ], [ -99.29989397156119, 19.232518849847171 ], [ -99.296933875582624, 19.227668033622411 ], [ -99.291031305829407, 19.227677507753153 ], [ -99.288088485178761, 19.232537803259444 ] ] ] } },
{ "type": "Feature", "properties": { "alcaldia": "MAC", "clave": "MAC-012", "n": "012" }, "geometry": { "type": "Polygon", "coordinates": [ [ [ -99.279242569246108, 19.237407149790855 ], [ -99.282202328496396, 19.242258251376501 ], [ -99.288105423883096, 19.242249055074787 ], [ -99.291048412897879, 19.237388762183894 ], [ -99.288088485178761, 19.232537803259444 ], [ -99.2821857368439, 19.232546994564952 ], [ -99.279242569246108, 19.237407149790855 ] ] ] } },
{ "type": "Feature", "properties": { "alcaldia": "MAC", "clave": "MAC-013", "n": "013" }, "geometry": { "type": "Polygon", "coordinates": [ [ [ -99.270380230235773, 19.232564806372363 ], [ -99.273339642432873, 19.237416058115087 ], [ -99.279242569246108, 19.237407149790855 ], [ -99.2821857368439, 19.232546994564952 ], [ -99.279226156071971, 19.227695885368256 ], [ -99.273323576207261, 19.227704788851693 ], [ -99.270380230235773, 19.232564806372363 ] ] ] } },
{ "type": "Feature", "properties": { "alcaldia": "MAC", "clave": "MAC-014", "n": "014" }, "geometry": { "type": "Polygon", "coordinates": [ [ [ -99.261533779180795, 19.237433303802781 ], [ -99.264493022593697, 19.242284698053005 ], [ -99.270396127781879, 19.242276072866062 ], [ -99.273339642432873, 19.237416058115087 ], [ -99.270380230235773, 19.232564806372363 ], [ -99.264477472102087, 19.232573426873365 ], [ -99.261533779180795, 19.237433303802781 ] ] ] } },
{ "type": "Feature", "properties": { "alcaldia": "MAC", "clave": "MAC-015", "n": "015" }, "geometry": { "type": "Polygon", "coordinates": [ [ [ -99.252671946524316, 19.232590097067781 ], [ -99.255630842881473, 19.237441641165375 ], [ -99.261533779180795, 19.237433303802781 ], [ -99.264477472102087, 19.232573426873365 ], [ -99.26151840685479, 19.227722025168045 ], [ -99.255615817506538, 19.227730358000098 ], [ -99.252671946524316, 19.232590097067781 ] ] ] } },
{ "type": "Feature", "properties": { "alcaldia": "TLP", "clave": "TLP-236", "n": "236" }, "geometry": { "type": "Polygon", "coordinates": [ [ [ -99.243824961285284, 19.23745774492593 ], [ -99.246783688542962, 19.24230943137723 ], [ -99.252686802904435, 19.242301377309005 ], [ -99.255630842881473, 19.237441641165375 ], [ -99.252671946524316, 19.232590097067781 ], [ -99.246769179219811, 19.232598146760338 ], [ -99.243824961285284, 19.23745774492593 ] ] ] } },
{ "type": "Feature", "properties": { "alcaldia": "TLP", "clave": "TLP-237", "n": "237" }, "geometry": { "type": "Polygon", "coordinates": [ [ [ -99.234963635928466, 19.232613675334129 ], [ -99.237922016127996, 19.237465511323077 ], [ -99.243824961285284, 19.23745774492593 ], [ -99.246769179219811, 19.232598146760338 ], [ -99.243810629814931, 19.227746453009839 ], [ -99.237908031611113, 19.227754215186707 ], [ -99.234963635928466, 19.232613675334129 ] ] ] } },
{ "type": "Feature", "properties": { "alcaldia": "TLP", "clave": "TLP-238", "n": "238" }, "geometry": { "type": "Polygon", "coordinates": [ [ [ -99.226116117443965, 19.237480473149137 ], [ -99.229074328228791, 19.242332451337877 ], [ -99.234977451135336, 19.242324968392058 ], [ -99.237922016127996, 19.237465511323077 ], [ -99.234963635928466, 19.232613675334129 ], [ -99.229060860081205, 19.232621154214581 ], [ -99.226116117443965, 19.237480473149137 ] ] ] } },
{ "type": "Feature", "properties": { "alcaldia": "TLP", "clave": "TLP-239", "n": "239" }, "geometry": { "type": "Polygon", "coordinates": [ [ [ -99.217255300332354, 19.232635541160665 ], [ -99.220213164056815, 19.237487668577284 ], [ -99.226116117443965, 19.237480473149137 ], [ -99.229060860081205, 19.232621154214581 ], [ -99.226102826836268, 19.227769168882475 ], [ -99.220200220404791, 19.227776360400615 ], [ -99.217255300332354, 19.232635541160665 ] ] ] } },
{ "type": "Feature", "properties": { "alcaldia": "TLP", "clave": "TLP-240", "n": "240" }, "geometry": { "type": "Polygon", "coordinates": [ [ [ -99.208407249541196, 19.237501488462005 ], [ -99.211364943535813, 19.242353757924441 ], [ -99.217268074359225, 19.242346846104432 ], [ -99.220213164056815, 19.237487668577284 ], [ -99.217255300332354, 19.232635541160665 ], [ -99.211352516570358, 19.232642449225573 ], [ -99.208407249541196, 19.237501488462005 ] ] ] } },
{ "type": "Feature", "properties": { "alcaldia": "TLP", "clave": "TLP-241", "n": "241" }, "geometry": { "type": "Polygon", "coordinates": [ [ [ -99.199546941620099, 19.232655694537385 ], [ -99.202504288552319, 19.237508112917876 ], [ -99.208407249541196, 19.237501488462005 ], [ -99.211352516570358, 19.232642449225573 ], [ -99.208394999802636, 19.227790172775578 ], [ -99.202492385771478, 19.227796793631693 ], [ -99.199546941620099, 19.232655694537385 ] ] ] } },
{ "type": "Feature", "properties": { "alcaldia": "TLP", "clave": "TLP-242", "n": "242" }, "geometry": { "type": "Polygon", "coordinates": [ [ [ -99.190698359461351, 19.237520790854948 ], [ -99.193655536348672, 19.242373351127178 ], [ -99.199558674460732, 19.242367010436148 ], [ -99.202504288552319, 19.237508112917876 ], [ -99.199546941620099, 19.232655694537385 ], [ -99.19364415057143, 19.232662031783605 ], [ -99.190698359461351, 19.237520790854948 ] ] ] } },
{ "type": "Feature", "properties": { "alcaldia": "TLP", "clave": "TLP-243", "n": "243" }, "geometry": { "type": "Polygon", "coordinates": [ [ [ -99.18183856167586, 19.232674135455078 ], [ -99.184795391498881, 19.237526844335509 ], [ -99.190698359461351, 19.237520790854948 ], [ -99.19364415057143, 19.232662031783605 ], [ -99.19068715059791, 19.227809464679552 ], [ -99.184784529595049, 19.227815514870635 ], [ -99.18183856167586, 19.232674135455078 ] ] ] } },
{ "type": "Feature", "properties": { "alcaldia": "TLP", "clave": "TLP-244", "n": "244" }, "geometry": { "type": "Polygon", "coordinates": [ [ [ -99.17298944908886, 19.237538380319144 ], [ -99.17594610855204, 19.242391230937134 ], [ -99.181849253324515, 19.242385461377975 ], [ -99.184795391498881, 19.237526844335509 ], [ -99.18183856167586, 19.232674135455078 ], [ -99.175935763968553, 19.23267990187972 ], [ -99.17298944908886, 19.237538380319144 ] ] ] } },
{ "type": "Feature", "properties": { "alcaldia": "TLP", "clave": "TLP-245", "n": "245" }, "geometry": { "type": "Polygon", "coordinates": [ [ [ -99.164130162383756, 19.232690863905336 ], [ -99.16708647478093, 19.237543862821635 ], [ -99.17298944908886, 19.237538380319144 ], [ -99.175935763968553, 19.23267990187972 ], [ -99.172979281106009, 19.227827044585588 ], [ -99.167076653759409, 19.227832524108866 ], [ -99.164130162383756, 19.232690863905336 ] ] ] } },
{ "type": "Feature", "properties": { "alcaldia": "TLP", "clave": "TLP-246", "n": "246" }, "geometry": { "type": "Polygon", "coordinates": [ [ [ -99.155280520308125, 19.237554256846554 ], [ -99.158236662030546, 19.242407397346156 ], [ -99.164139812835231, 19.2424021989215 ], [ -99.16708647478093, 19.237543862821635 ], [ -99.164130162383756, 19.232690863905336 ], [ -99.158227358645888, 19.232696059505752 ], [ -99.155280520308125, 19.237554256846554 ] ] ] } },
{ "type": "Feature", "properties": { "alcaldia": "TLP", "clave": "TLP-247", "n": "247" }, "geometry": { "type": "Polygon", "coordinates": [ [ [ -99.146421745628004, 19.232705879880498 ], [ -99.14937754028287, 19.237559168368463 ], [ -99.155280520308125, 19.237554256846554 ], [ -99.158227358645888, 19.232696059505752 ], [ -99.155271393210853, 19.227842912485649 ], [ -99.149368760148462, 19.227847821338621 ], [ -99.146421745628004, 19.232705879880498 ] ] ] } },
{ "type": "Feature", "properties": { "alcaldia": "XOC", "clave": "XOC-033", "n": "033" }, "geometry": { "type": "Polygon", "coordinates": [ [ [ -99.137571575003577, 19.237568420429934 ], [ -99.140527198668892, 19.242421850346844 ], [ -99.146430354877566, 19.242417223059075 ], [ -99.14937754028287, 19.237559168368463 ], [ -99.146421745628004, 19.232705879880498 ], [ -99.140518936487609, 19.232710504654325 ], [ -99.137571575003577, 19.237568420429934 ] ] ] } },
{ "type": "Feature", "properties": { "alcaldia": "XOC", "clave": "XOC-034", "n": "034" }, "geometry": { "type": "Polygon", "coordinates": [ [ [ -99.128713313292749, 19.232719183373721 ], [ -99.131668589889145, 19.237572760969023 ], [ -99.137571575003577, 19.237568420429934 ], [ -99.140518936487609, 19.232710504654325 ], [ -99.137563488796317, 19.227857068372494 ], [ -99.131660850646128, 19.227861406552918 ], [ -99.128713313292749, 19.232719183373721 ] ] ] } },
{ "type": "Feature", "properties": { "alcaldia": "XOC", "clave": "XOC-035", "n": "035" }, "geometry": { "type": "Polygon", "coordinates": [ [ [ -99.11986261505966, 19.237580871062804 ], [ -99.122817720351776, 19.242434589932593 ], [ -99.128720881336193, 19.242430533783821 ], [ -99.131668589889145, 19.237572760969023 ], [ -99.128713313292749, 19.232719183373721 ], [ -99.122810499377891, 19.23272323731884 ], [ -99.11986261505966, 19.237580871062804 ] ] ] } },
{ "type": "Feature", "properties": { "alcaldia": "XOC", "clave": "XOC-036", "n": "036" }, "geometry": { "type": "Polygon", "coordinates": [ [ [ -99.111004867262182, 19.232730774378908 ], [ -99.113959625484185, 19.237584640617083 ], [ -99.11986261505966, 19.237580871062804 ], [ -99.122810499377891, 19.23272323731884 ], [ -99.119855569746363, 19.22786951223965 ], [ -99.113952927136339, 19.227873279745545 ], [ -99.111004867262182, 19.232730774378908 ] ] ] } },
{ "type": "Feature", "properties": { "alcaldia": "XOC", "clave": "XOC-037", "n": "037" }, "geometry": { "type": "Polygon", "coordinates": [ [ [ -99.10215364236079, 19.237591608739471 ], [ -99.1051082289639, 19.242445616097594 ], [ -99.111011394095812, 19.242442131089671 ], [ -99.113959625484185, 19.237584640617083 ], [ -99.111004867262182, 19.232730774378908 ], [ -99.105102049200937, 19.23273425749348 ], [ -99.10215364236079, 19.237591608739471 ] ] ] } },
{ "type": "Feature", "properties": { "alcaldia": "XOC", "clave": "XOC-038", "n": "038" }, "geometry": { "type": "Polygon", "coordinates": [ [ [ -99.093296409420503, 19.232740652890786 ], [ -99.096250648952434, 19.237594807307225 ], [ -99.10215364236079, 19.237591608739471 ], [ -99.105102049200937, 19.23273425749348 ], [ -99.10214763794491, 19.227880244081437 ], [ -99.096244991503056, 19.227883440911082 ], [ -99.093296409420503, 19.232740652890786 ] ] ] } },
{ "type": "Feature", "properties": { "alcaldia": "XOC", "clave": "XOC-039", "n": "039" }, "geometry": { "type": "Polygon", "coordinates": [ [ [ -99.084444658791426, 19.237600633455045 ], [ -99.087398726389935, 19.242454928836803 ], [ -99.093301895041137, 19.242452014971324 ], [ -99.096250648952434, 19.237594807307225 ], [ -99.093296409420503, 19.232740652890786 ], [ -99.087393587840921, 19.232743565173205 ], [ -99.084444658791426, 19.237600633455045 ] ] ] } },
{ "type": "Feature", "properties": { "alcaldia": "XOC", "clave": "XOC-040", "n": "040" }, "geometry": { "type": "Polygon", "coordinates": [ [ [ -99.075587941651904, 19.232748818904827 ], [ -99.078541662178367, 19.23760326103481 ], [ -99.084444658791426, 19.237600633455045 ], [ -99.087393587840921, 19.232743565173205 ], [ -99.084439695275904, 19.227889263892951 ], [ -99.078537045630185, 19.227891890044884 ], [ -99.075587941651904, 19.232748818904827 ] ] ] } },
{ "type": "Feature", "properties": { "alcaldia": "XOC", "clave": "XOC-041", "n": "041" }, "geometry": { "type": "Polygon", "coordinates": [ [ [ -99.066735666236056, 19.237607945205387 ], [ -99.069689214514611, 19.242462528145968 ], [ -99.075592386056854, 19.242460185424257 ], [ -99.078541662178367, 19.23760326103481 ], [ -99.075587941651904, 19.232748818904827 ], [ -99.069685117182061, 19.232751160353764 ], [ -99.066735666236056, 19.237607945205387 ] ] ] } },
{ "type": "Feature", "properties": { "alcaldia": "XOC", "clave": "XOC-042", "n": "042" }, "geometry": { "type": "Polygon", "coordinates": [ [ [ -99.0578794658406, 19.232755272417307 ], [ -99.060832667046427, 19.237610001795968 ], [ -99.066735666236056, 19.237607945205387 ], [ -99.069685117182061, 19.232751160353764 ], [ -99.066731743623308, 19.227896571670076 ], [ -99.060829091401715, 19.227898627143091 ], [ -99.0578794658406, 19.232755272417307 ] ] ] } },
{ "type": "Feature", "properties": { "alcaldia": "XOC", "clave": "XOC-043", "n": "043" }, "geometry": { "type": "Polygon", "coordinates": [ [ [ -99.049026666579138, 19.23761354398718 ], [ -99.051979695222656, 19.242468414021612 ], [ -99.057882869027694, 19.242466642444747 ], [ -99.060832667046427, 19.237610001795968 ], [ -99.0578794658406, 19.232755272417307 ], [ -99.05197663910856, 19.232757043031697 ], [ -99.049026666579138, 19.23761354398718 ] ] ] } },
{ "type": "Feature", "properties": { "alcaldia": "XOC", "clave": "XOC-044", "n": "044" }, "geometry": { "type": "Polygon", "coordinates": [ [ [ -99.040170983870794, 19.232760013425274 ], [ -99.043123665441072, 19.237615029587626 ], [ -99.049026666579138, 19.23761354398718 ], [ -99.05197663910856, 19.232757043031697 ], [ -99.049023784871068, 19.227902167409461 ], [ -99.043121130701579, 19.227903652202631 ], [ -99.040170983870794, 19.232760013425274 ] ] ] } },
{ "type": "Feature", "properties": { "alcaldia": "XOC", "clave": "XOC-045", "n": "045" }, "geometry": { "type": "Polygon", "coordinates": [ [ [ -99.031317661705117, 19.23761742979784 ], [ -99.03427017039877, 19.242472586461055 ], [ -99.040173345838383, 19.242471386029845 ], [ -99.043123665441072, 19.237615029587626 ], [ -99.040170983870794, 19.232760013425274 ], [ -99.034268155504634, 19.232761213204309 ], [ -99.031317661705117, 19.23761742979784 ] ] ] } },
{ "type": "Feature", "properties": { "alcaldia": "XOC", "clave": "XOC-046", "n": "046" }, "geometry": { "type": "Polygon", "coordinates": [ [ [ -99.022462497626719, 19.232763041926564 ], [ -99.025414659246806, 19.237618344407483 ], [ -99.031317661705117, 19.23761742979784 ], [ -99.034268155504634, 19.232761213204309 ], [ -99.031315820903146, 19.227906051108558 ], [ -99.025413165413752, 19.227906965221205 ], [ -99.022462497626719, 19.232763041926564 ] ] ] } },
{ "type": "Feature", "properties": { "alcaldia": "XOC", "clave": "XOC-047", "n": "047" }, "geometry": { "type": "Polygon", "coordinates": [ [ [ -99.01360865349848, 19.237619602635604 ], [ -99.016560641927725, 19.242475045462381 ], [ -99.022463818373652, 19.24247441617737 ], [ -99.025414659246806, 19.237618344407483 ], [ -99.022462497626719, 19.232763041926564 ], [ -99.016559668254516, 19.232763670869694 ], [ -99.01360865349848, 19.237619602635604 ] ] ] } },
{ "type": "Feature", "properties": { "alcaldia": "TLH", "clave": "TLH-012", "n": "012" }, "geometry": { "type": "Polygon", "coordinates": [ [ [ -99.004754008992606, 19.232764357919795 ], [ -99.007705650348072, 19.237619946254021 ], [ -99.01360865349848, 19.237619602635604 ], [ -99.016559668254516, 19.232763670869694 ], [ -99.013607853603517, 19.227908222765596 ], [ -99.007705197422197, 19.227908566197293 ], [ -99.004754008992606, 19.232764357919795 ] ] ] } },
{ "type": "Feature", "properties": { "alcaldia": "TLH", "clave": "TLH-013", "n": "013" }, "geometry": { "type": "Polygon", "coordinates": [ [ [ -98.995899643843714, 19.237620062499477 ], [ -98.998851111694208, 19.242475791024471 ], [ -99.004754288518214, 19.242475732885953 ], [ -99.007705650348072, 19.237619946254021 ], [ -99.004754008992606, 19.232764357919795 ], [ -98.998851179242422, 19.232764416026733 ], [ -98.995899643843714, 19.237620062499477 ] ] ] } },
{ "type": "Feature", "properties": { "alcaldia": "TLH", "clave": "TLH-014", "n": "014" }, "geometry": { "type": "Polygon", "coordinates": [ [ [ -98.987045519852643, 19.232763961404363 ], [ -98.989996640629343, 19.237619835126512 ], [ -98.995899643843714, 19.237620062499477 ], [ -98.998851179242422, 19.232764416026733 ], [ -98.995899884856115, 19.227908682379582 ], [ -98.989997228610889, 19.227908455130173 ], [ -98.987045519852643, 19.232763961404363 ] ] ] } },
{ "type": "Feature", "properties": { "alcaldia": "TLH", "clave": "TLH-015", "n": "015" }, "geometry": { "type": "Polygon", "coordinates": [ [ [ -98.97819063462525, 19.237618809389254 ], [ -98.98114158158296, 19.242474823146985 ], [ -98.987044758156799, 19.242475336154982 ], [ -98.989996640629343, 19.237619835126512 ], [ -98.987045519852643, 19.232763961404363 ], [ -98.981142690352556, 19.232763448675083 ], [ -98.97819063462525, 19.237618809389254 ] ] ] } },
{ "type": "Feature", "properties": { "alcaldia": "TLH", "clave": "TLH-016", "n": "016" }, "geometry": { "type": "Polygon", "coordinates": [ [ [ -98.969337032091062, 19.232761852380452 ], [ -98.972287631975121, 19.237618011025006 ], [ -98.97819063462525, 19.237618809389254 ], [ -98.981142690352556, 19.232763448675083 ], [ -98.978191916544944, 19.227907429950303 ], [ -98.972289260863775, 19.227906632019891 ], [ -98.969337032091062, 19.232761852380452 ] ] ] } },
{ "type": "Feature", "properties": { "alcaldia": "TLH", "clave": "TLH-017", "n": "017" }, "geometry": { "type": "Polygon", "coordinates": [ [ [ -98.960481627727631, 19.237615843305505 ], [ -98.963432053478726, 19.242472141830365 ], [ -98.969335229174135, 19.242473225984643 ], [ -98.972287631975121, 19.237618011025006 ], [ -98.969337032091062, 19.232761852380452 ], [ -98.963434203469163, 19.232760768815186 ], [ -98.960481627727631, 19.237615843305505 ] ] ] } },
{ "type": "Feature", "properties": { "alcaldia": "TLH", "clave": "TLH-018", "n": "018" }, "geometry": { "type": "Polygon", "coordinates": [ [ [ -98.95162854759208, 19.23275803084903 ], [ -98.954578626269836, 19.237614473950345 ], [ -98.960481627727631, 19.237615843305505 ], [ -98.963434203469163, 19.232760768815186 ], [ -98.96048395055395, 19.227904465478328 ], [ -98.954581296064816, 19.227903096867283 ], [ -98.95162854759208, 19.23275803084903 ] ] ] } },
{ "type": "Feature", "properties": { "alcaldia": "TLH", "clave": "TLH-019", "n": "019" }, "geometry": { "type": "Polygon", "coordinates": [ [ [ -98.942772625035261, 19.237611164249575 ], [ -98.945722529266206, 19.242467747075843 ], [ -98.951625703454965, 19.2424694023759 ], [ -98.954578626269836, 19.237614473950345 ], [ -98.95162854759208, 19.23275803084903 ], [ -98.945725720476432, 19.232756376448268 ], [ -98.942772625035261, 19.237611164249575 ] ] ] } },
{ "type": "Feature", "properties": { "alcaldia": "CUJ", "clave": "CUJ-003", "n": "003" }, "geometry": { "type": "Polygon", "coordinates": [ [ [ -99.332388301075113, 19.247029616437374 ], [ -99.335349785450219, 19.25187982916805 ], [ -99.341253194915652, 19.251868913620548 ], [ -99.344194772683849, 19.247007791270381 ], [ -99.341233120683484, 19.242157721738305 ], [ -99.335330058470333, 19.242168631358101 ], [ -99.332388301075113, 19.247029616437374 ] ] ] } },
{ "type": "Feature", "properties": { "alcaldia": "CUJ", "clave": "CUJ-004", "n": "004" }, "geometry": { "type": "Polygon", "coordinates": [ [ [ -99.323523922218456, 19.242189879497392 ], [ -99.326485059339689, 19.247040243393279 ], [ -99.332388301075113, 19.247029616437374 ], [ -99.335330058470333, 19.242168631358101 ], [ -99.332368753617558, 19.237318410545782 ], [ -99.326465859031302, 19.237329031729466 ], [ -99.323523922218456, 19.242189879497392 ] ] ] } },
{ "type": "Feature", "properties": { "alcaldia": "AOB", "clave": "AOB-001", "n": "001" }, "geometry": { "type": "Polygon", "coordinates": [ [ [ -99.314678564355702, 19.247060926047197 ], [ -99.317639533535939, 19.251911432988237 ], [ -99.323542954690552, 19.251901088852435 ], [ -99.326485059339689, 19.247040243393279 ], [ -99.323523922218456, 19.242189879497392 ], [ -99.31762084831928, 19.2422002180158 ], [ -99.314678564355702, 19.247060926047197 ] ] ] } },
{ "type": "Feature", "properties": { "alcaldia": "MAC", "clave": "MAC-016", "n": "016" }, "geometry": { "type": "Polygon", "coordinates": [ [ [ -99.305814689323483, 19.242220323947521 ], [ -99.308775311246777, 19.247070981744166 ], [ -99.314678564355702, 19.247060926047197 ], [ -99.31762084831928, 19.2422002180158 ], [ -99.314660058348792, 19.237349703149235 ], [ -99.308757152392118, 19.237359753384272 ], [ -99.305814689323483, 19.242220323947521 ] ] ] } },
{ "type": "Feature", "properties": { "alcaldia": "MAC", "clave": "MAC-017", "n": "017" }, "geometry": { "type": "Polygon", "coordinates": [ [ [ -99.296968794144092, 19.24709052187557 ], [ -99.29992924781078, 19.25194132256383 ], [ -99.305832680026228, 19.251931549844446 ], [ -99.308775311246777, 19.247070981744166 ], [ -99.305814689323483, 19.242220323947521 ], [ -99.299911604366443, 19.242230091359815 ], [ -99.296968794144092, 19.24709052187557 ] ] ] } },
{ "type": "Feature", "properties": { "alcaldia": "MAC", "clave": "MAC-018", "n": "018" }, "geometry": { "type": "Polygon", "coordinates": [ [ [ -99.288105423883096, 19.242249055074787 ], [ -99.291065530289927, 19.247100006309008 ], [ -99.296968794144092, 19.24709052187557 ], [ -99.299911604366443, 19.242230091359815 ], [ -99.29695132959688, 19.237379282902097 ], [ -99.291048412897879, 19.237388762183894 ], [ -99.288105423883096, 19.242249055074787 ] ] ] } },
{ "type": "Feature", "properties": { "alcaldia": "MAC", "clave": "MAC-019", "n": "019" }, "geometry": { "type": "Polygon", "coordinates": [ [ [ -99.279258992325083, 19.247118403908967 ], [ -99.282218930159758, 19.25196949788117 ], [ -99.288122372807706, 19.251960296582677 ], [ -99.291065530289927, 19.247100006309008 ], [ -99.288105423883096, 19.242249055074787 ], [ -99.282202328496396, 19.242258251376501 ], [ -99.279258992325083, 19.247118403908967 ] ] ] } },
{ "type": "Feature", "properties": { "alcaldia": "MAC", "clave": "MAC-020", "n": "020" }, "geometry": { "type": "Polygon", "coordinates": [ [ [ -99.270396127781879, 19.242276072866062 ], [ -99.273355718353983, 19.247127317074543 ], [ -99.279258992325083, 19.247118403908967 ], [ -99.282202328496396, 19.242258251376501 ], [ -99.279242569246108, 19.237407149790855 ], [ -99.273339642432873, 19.237416058115087 ], [ -99.270396127781879, 19.242276072866062 ] ] ] } },
{ "type": "Feature", "properties": { "alcaldia": "MAC", "clave": "MAC-021", "n": "021" }, "geometry": { "type": "Polygon", "coordinates": [ [ [ -99.261549160783531, 19.247144572134651 ], [ -99.264508582467997, 19.251995958927392 ], [ -99.270412034920085, 19.251987329053978 ], [ -99.273355718353983, 19.247127317074543 ], [ -99.270396127781879, 19.242276072866062 ], [ -99.264493022593697, 19.242284698053005 ], [ -99.261549160783531, 19.247144572134651 ] ] ] } },
{ "type": "Feature", "properties": { "alcaldia": "MAC", "clave": "MAC-022", "n": "022" }, "geometry": { "type": "Polygon", "coordinates": [ [ [ -99.252686802904435, 19.242301377309005 ], [ -99.255645877323758, 19.247152914028295 ], [ -99.261549160783531, 19.247144572134651 ], [ -99.264493022593697, 19.242284698053005 ], [ -99.261533779180795, 19.237433303802781 ], [ -99.255630842881473, 19.237441641165375 ], [ -99.252686802904435, 19.242301377309005 ] ] ] } },
{ "type": "Feature", "properties": { "alcaldia": "MAC", "clave": "MAC-023", "n": "023" }, "geometry": { "type": "Polygon", "coordinates": [ [ [ -99.24383930140425, 19.247169026540664 ], [ -99.246798206620596, 19.252020705690391 ], [ -99.252701668248434, 19.252012647246016 ], [ -99.255645877323758, 19.247152914028295 ], [ -99.252686802904435, 19.242301377309005 ], [ -99.246783688542962, 19.24230943137723 ], [ -99.24383930140425, 19.247169026540664 ] ] ] } },
{ "type": "Feature", "properties": { "alcaldia": "TLP", "clave": "TLP-248", "n": "248" }, "geometry": { "type": "Polygon", "coordinates": [ [ [ -99.234977451135336, 19.242324968392058 ], [ -99.237936009084123, 19.247176797158566 ], [ -99.24383930140425, 19.247169026540664 ], [ -99.246783688542962, 19.24230943137723 ], [ -99.243824961285284, 19.23745774492593 ], [ -99.237922016127996, 19.237465511323077 ], [ -99.234977451135336, 19.242324968392058 ] ] ] } },
{ "type": "Feature", "properties": { "alcaldia": "TLP", "clave": "TLP-249", "n": "249" }, "geometry": { "type": "Polygon", "coordinates": [ [ [ -99.226129416072155, 19.247191767115837 ], [ -99.229087804502655, 19.252043738158871 ], [ -99.234991274677881, 19.252036251147214 ], [ -99.237936009084123, 19.247176797158566 ], [ -99.234977451135336, 19.242324968392058 ], [ -99.229074328228791, 19.242332451337877 ], [ -99.226129416072155, 19.247191767115837 ] ] ] } },
{ "type": "Feature", "properties": { "alcaldia": "TLP", "clave": "TLP-250", "n": "250" }, "geometry": { "type": "Polygon", "coordinates": [ [ [ -99.217268074359225, 19.242346846104432 ], [ -99.220226115519949, 19.247198966454445 ], [ -99.226129416072155, 19.247191767115837 ], [ -99.229074328228791, 19.242332451337877 ], [ -99.226116117443965, 19.237480473149137 ], [ -99.220213164056815, 19.237487668577284 ], [ -99.217268074359225, 19.242346846104432 ] ] ] } },
{ "type": "Feature", "properties": { "alcaldia": "TLP", "clave": "TLP-251", "n": "251" }, "geometry": { "type": "Polygon", "coordinates": [ [ [ -99.208419506672115, 19.247212793849776 ], [ -99.211377377999327, 19.252065056322316 ], [ -99.217280856093566, 19.25205814074679 ], [ -99.220226115519949, 19.247198966454445 ], [ -99.217268074359225, 19.242346846104432 ], [ -99.211364943535813, 19.242353757924441 ], [ -99.208419506672115, 19.247212793849776 ] ] ] } },
{ "type": "Feature", "properties": { "alcaldia": "TLP", "clave": "TLP-252", "n": "252" }, "geometry": { "type": "Polygon", "coordinates": [ [ [ -99.199558674460732, 19.242367010436148 ], [ -99.202516198516122, 19.247219421905797 ], [ -99.208419506672115, 19.247212793849776 ], [ -99.211364943535813, 19.242353757924441 ], [ -99.208407249541196, 19.237501488462005 ], [ -99.202504288552319, 19.237508112917876 ], [ -99.199558674460732, 19.242367010436148 ] ] ] } },
{ "type": "Feature", "properties": { "alcaldia": "TLP", "clave": "TLP-253", "n": "253" }, "geometry": { "type": "Polygon", "coordinates": [ [ [ -99.190709575089016, 19.247232106732881 ], [ -99.193666928995768, 19.252084660170965 ], [ -99.199570414380602, 19.252078316034737 ], [ -99.202516198516122, 19.247219421905797 ], [ -99.199558674460732, 19.242367010436148 ], [ -99.193655536348672, 19.242373351127178 ], [ -99.190709575089016, 19.247232106732881 ] ] ] } },
{ "type": "Feature", "properties": { "alcaldia": "TLP", "clave": "TLP-254", "n": "254" }, "geometry": { "type": "Polygon", "coordinates": [ [ [ -99.181849253324515, 19.242385461377975 ], [ -99.184806259957554, 19.247238163503297 ], [ -99.190709575089016, 19.247232106732881 ], [ -99.193655536348672, 19.242373351127178 ], [ -99.190698359461351, 19.237520790854948 ], [ -99.184795391498881, 19.237526844335509 ], [ -99.181849253324515, 19.242385461377975 ] ] ] } },
{ "type": "Feature", "properties": { "alcaldia": "TLP", "clave": "TLP-255", "n": "255" }, "geometry": { "type": "Polygon", "coordinates": [ [ [ -99.172999623207801, 19.247249705756325 ], [ -99.175956459377133, 19.252102549695877 ], [ -99.181859951424187, 19.252096777001846 ], [ -99.184806259957554, 19.247238163503297 ], [ -99.181849253324515, 19.242385461377975 ], [ -99.17594610855204, 19.242391230937134 ], [ -99.172999623207801, 19.247249705756325 ] ] ] } },
{ "type": "Feature", "properties": { "alcaldia": "TLP", "clave": "TLP-256", "n": "256" }, "geometry": { "type": "Polygon", "coordinates": [ [ [ -99.164139812835231, 19.2424021989215 ], [ -99.16709630172916, 19.247255191238349 ], [ -99.172999623207801, 19.247249705756325 ], [ -99.17594610855204, 19.242391230937134 ], [ -99.17298944908886, 19.237538380319144 ], [ -99.16708647478093, 19.237543862821635 ], [ -99.164139812835231, 19.2424021989215 ] ] ] } },
{ "type": "Feature", "properties": { "alcaldia": "TLP", "clave": "TLP-257", "n": "257" }, "geometry": { "type": "Polygon", "coordinates": [ [ [ -99.155289652913368, 19.247265590912058 ], [ -99.158245971028592, 19.252118724888877 ], [ -99.164149469109503, 19.252113523639672 ], [ -99.16709630172916, 19.247255191238349 ], [ -99.164139812835231, 19.2424021989215 ], [ -99.158236662030546, 19.242407397346156 ], [ -99.155289652913368, 19.247265590912058 ] ] ] } },
{ "type": "Feature", "properties": { "alcaldia": "TLP", "clave": "TLP-258", "n": "258" }, "geometry": { "type": "Polygon", "coordinates": [ [ [ -99.146430354877566, 19.242417223059075 ], [ -99.149386325715838, 19.247270505103209 ], [ -99.155289652913368, 19.247265590912058 ], [ -99.158236662030546, 19.242407397346156 ], [ -99.155280520308125, 19.237554256846554 ], [ -99.14937754028287, 19.237559168368463 ], [ -99.146430354877566, 19.242417223059075 ] ] ] } },
{ "type": "Feature", "properties": { "alcaldia": "TLP", "clave": "TLP-259", "n": "259" }, "geometry": { "type": "Polygon", "coordinates": [ [ [ -99.137579666090645, 19.247279762192839 ], [ -99.140535465835356, 19.252133185742565 ], [ -99.146438969321693, 19.252128555940573 ], [ -99.149386325715838, 19.247270505103209 ], [ -99.146430354877566, 19.242417223059075 ], [ -99.140527198668892, 19.242421850346844 ], [ -99.137579666090645, 19.247279762192839 ] ] ] } },
{ "type": "Feature", "properties": { "alcaldia": "XOC", "clave": "XOC-048", "n": "048" }, "geometry": { "type": "Polygon", "coordinates": [ [ [ -99.128720881336193, 19.242430533783821 ], [ -99.131676333802574, 19.247284105090859 ], [ -99.137579666090645, 19.247279762192839 ], [ -99.140527198668892, 19.242421850346844 ], [ -99.137571575003577, 19.237568420429934 ], [ -99.131668589889145, 19.237572760969023 ], [ -99.128720881336193, 19.242430533783821 ] ] ] } },
{ "type": "Feature", "properties": { "alcaldia": "XOC", "clave": "XOC-049", "n": "049" }, "geometry": { "type": "Polygon", "coordinates": [ [ [ -99.119869664624574, 19.247292219592186 ], [ -99.122824945682595, 19.252145932250343 ], [ -99.128728453945968, 19.252141873897674 ], [ -99.131676333802574, 19.247284105090859 ], [ -99.128720881336193, 19.242430533783821 ], [ -99.122817720351776, 19.242434589932593 ], [ -99.119869664624574, 19.247292219592186 ] ] ] } },
{ "type": "Feature", "properties": { "alcaldia": "XOC", "clave": "XOC-050", "n": "050" }, "geometry": { "type": "Polygon", "coordinates": [ [ [ -99.111011394095812, 19.242442131089671 ], [ -99.11396632787428, 19.247295991195088 ], [ -99.119869664624574, 19.247292219592186 ], [ -99.122817720351776, 19.242434589932593 ], [ -99.11986261505966, 19.237580871062804 ], [ -99.113959625484185, 19.237584640617083 ], [ -99.111011394095812, 19.242442131089671 ] ] ] } },
{ "type": "Feature", "properties": { "alcaldia": "XOC", "clave": "XOC-051", "n": "051" }, "geometry": { "type": "Polygon", "coordinates": [ [ [ -99.102159650400139, 19.247302963104406 ], [ -99.105114412455535, 19.252156964406392 ], [ -99.111017924867554, 19.252153477504898 ], [ -99.11396632787428, 19.247295991195088 ], [ -99.111011394095812, 19.242442131089671 ], [ -99.1051082289639, 19.242445616097594 ], [ -99.102159650400139, 19.247302963104406 ] ] ] } },
{ "type": "Feature", "properties": { "alcaldia": "XOC", "clave": "XOC-052", "n": "052" }, "geometry": { "type": "Polygon", "coordinates": [ [ [ -99.093301895041137, 19.242452014971324 ], [ -99.096256309815942, 19.247306163410475 ], [ -99.102159650400139, 19.247302963104406 ], [ -99.1051082289639, 19.242445616097594 ], [ -99.10215364236079, 19.237591608739471 ], [ -99.096250648952434, 19.237594807307225 ], [ -99.093301895041137, 19.242452014971324 ] ] ] } },
{ "type": "Feature", "properties": { "alcaldia": "XOC", "clave": "XOC-053", "n": "053" }, "geometry": { "type": "Polygon", "coordinates": [ [ [ -99.084449625302298, 19.247311992724597 ], [ -99.087403868039388, 19.252166282205664 ], [ -99.093307383971634, 19.252163366756939 ], [ -99.096256309815942, 19.247306163410475 ], [ -99.093301895041137, 19.242452014971324 ], [ -99.087398726389935, 19.242454928836803 ], [ -99.084449625302298, 19.247311992724597 ] ] ] } },
{ "type": "Feature", "properties": { "alcaldia": "XOC", "clave": "XOC-054", "n": "054" }, "geometry": { "type": "Polygon", "coordinates": [ [ [ -99.075592386056854, 19.242460185424257 ], [ -99.078546281512502, 19.247314621732357 ], [ -99.084449625302298, 19.247311992724597 ], [ -99.087398726389935, 19.242454928836803 ], [ -99.084444658791426, 19.237600633455045 ], [ -99.078541662178367, 19.23760326103481 ], [ -99.075592386056854, 19.242460185424257 ] ] ] } },
{ "type": "Feature", "properties": { "alcaldia": "XOC", "clave": "XOC-055", "n": "055" }, "geometry": { "type": "Polygon", "coordinates": [ [ [ -99.066739591215992, 19.247319308448624 ], [ -99.06969331431938, 19.252173885643895 ], [ -99.075596833143436, 19.252171541649272 ], [ -99.078546281512502, 19.247314621732357 ], [ -99.075592386056854, 19.242460185424257 ], [ -99.069689214514611, 19.242462528145968 ], [ -99.066739591215992, 19.247319308448624 ] ] ] } },
{ "type": "Feature", "properties": { "alcaldia": "XOC", "clave": "XOC-056", "n": "056" }, "geometry": { "type": "Polygon", "coordinates": [ [ [ -99.057882869027694, 19.242466642444747 ], [ -99.060836244848943, 19.247321366156886 ], [ -99.066739591215992, 19.247319308448624 ], [ -99.069689214514611, 19.242462528145968 ], [ -99.066735666236056, 19.237607945205387 ], [ -99.060832667046427, 19.237610001795968 ], [ -99.057882869027694, 19.242466642444747 ] ] ] } },
{ "type": "Feature", "properties": { "alcaldia": "XOC", "clave": "XOC-057", "n": "057" }, "geometry": { "type": "Polygon", "coordinates": [ [ [ -99.049029550026233, 19.24732491027315 ], [ -99.05198275318071, 19.252179774717622 ], [ -99.057886274268185, 19.252178002178173 ], [ -99.060836244848943, 19.247321366156886 ], [ -99.057882869027694, 19.242466642444747 ], [ -99.051979695222656, 19.242468414021612 ], [ -99.049029550026233, 19.24732491027315 ] ] ] } },
{ "type": "Feature", "properties": { "alcaldia": "XOC", "clave": "XOC-058", "n": "058" }, "geometry": { "type": "Polygon", "coordinates": [ [ [ -99.040173345838383, 19.242471386029845 ], [ -99.043126201710223, 19.247326396680972 ], [ -99.049029550026233, 19.24732491027315 ], [ -99.051979695222656, 19.242468414021612 ], [ -99.049026666579138, 19.23761354398718 ], [ -99.043123665441072, 19.237615029587626 ], [ -99.040173345838383, 19.242471386029845 ] ] ] } },
{ "type": "Feature", "properties": { "alcaldia": "XOC", "clave": "XOC-059", "n": "059" }, "geometry": { "type": "Polygon", "coordinates": [ [ [ -99.031319503617951, 19.247328798195614 ], [ -99.03427218650863, 19.252183949424147 ], [ -99.040175709231121, 19.252182748340683 ], [ -99.043126201710223, 19.247326396680972 ], [ -99.040173345838383, 19.242471386029845 ], [ -99.03427017039877, 19.242472586461055 ], [ -99.031319503617951, 19.247328798195614 ] ] ] } },
{ "type": "Feature", "properties": { "alcaldia": "XOC", "clave": "XOC-060", "n": "060" }, "geometry": { "type": "Polygon", "coordinates": [ [ [ -99.022463818373652, 19.24247441617737 ], [ -99.02541615398134, 19.247329713302314 ], [ -99.031319503617951, 19.247328798195614 ], [ -99.03427017039877, 19.242472586461055 ], [ -99.031317661705117, 19.23761742979784 ], [ -99.025414659246806, 19.237618344407483 ], [ -99.022463818373652, 19.24247441617737 ] ] ] } },
{ "type": "Feature", "properties": { "alcaldia": "XOC", "clave": "XOC-061", "n": "061" }, "geometry": { "type": "Polygon", "coordinates": [ [ [ -99.013609453876171, 19.247330972214236 ], [ -99.016561616188397, 19.252186409761567 ], [ -99.022465139917472, 19.252185780134635 ], [ -99.02541615398134, 19.247329713302314 ], [ -99.022463818373652, 19.24247441617737 ], [ -99.016560641927725, 19.242475045462381 ], [ -99.013609453876171, 19.247330972214236 ] ] ] } },
{ "type": "Feature", "properties": { "alcaldia": "TLH", "clave": "TLH-020", "n": "020" }, "geometry": { "type": "Polygon", "coordinates": [ [ [ -99.004754288518214, 19.242475732885953 ], [ -99.007706103547264, 19.247331316019395 ], [ -99.013609453876171, 19.247330972214236 ], [ -99.016560641927725, 19.242475045462381 ], [ -99.01360865349848, 19.237619602635604 ], [ -99.007705650348072, 19.237619946254021 ], [ -99.004754288518214, 19.242475732885953 ] ] ] } },
{ "type": "Feature", "properties": { "alcaldia": "TLH", "clave": "TLH-021", "n": "021" }, "geometry": { "type": "Polygon", "coordinates": [ [ [ -98.995899402685851, 19.247331432328036 ], [ -98.998851044105237, 19.252187155728759 ], [ -99.004754568212476, 19.25218709755865 ], [ -99.007706103547264, 19.247331316019395 ], [ -99.004754288518214, 19.242475732885953 ], [ -98.998851111694208, 19.242475791024471 ], [ -98.995899402685851, 19.247331432328036 ] ] ] } },
{ "type": "Feature", "properties": { "alcaldia": "TLH", "clave": "TLH-022", "n": "022" }, "geometry": { "type": "Polygon", "coordinates": [ [ [ -98.987044758156799, 19.242475336154982 ], [ -98.98999605229298, 19.2473312048315 ], [ -98.995899402685851, 19.247331432328036 ], [ -98.998851111694208, 19.242475791024471 ], [ -98.995899643843714, 19.237620062499477 ], [ -98.989996640629343, 19.237619835126512 ], [ -98.987044758156799, 19.242475336154982 ] ] ] } },
{ "type": "Feature", "properties": { "alcaldia": "TLH", "clave": "TLH-023", "n": "023" }, "geometry": { "type": "Polygon", "coordinates": [ [ [ -98.978189351931974, 19.247330178536785 ], [ -98.981140472144361, 19.252186187325382 ], [ -98.987043996001375, 19.252186700612114 ], [ -98.98999605229298, 19.2473312048315 ], [ -98.987044758156799, 19.242475336154982 ], [ -98.98114158158296, 19.242474823146985 ], [ -98.978189351931974, 19.247330178536785 ] ] ] } },
{ "type": "Feature", "properties": { "alcaldia": "TLH", "clave": "TLH-024", "n": "024" }, "geometry": { "type": "Polygon", "coordinates": [ [ [ -98.969335229174135, 19.242473225984643 ], [ -98.972286002103473, 19.247329379738659 ], [ -98.978189351931974, 19.247330178536785 ], [ -98.98114158158296, 19.242474823146985 ], [ -98.97819063462525, 19.237618809389254 ], [ -98.972287631975121, 19.237618011025006 ], [ -98.969335229174135, 19.242473225984643 ] ] ] } },
{ "type": "Feature", "properties": { "alcaldia": "TLH", "clave": "TLH-025", "n": "025" }, "geometry": { "type": "Polygon", "coordinates": [ [ [ -98.96047930349954, 19.247327210841075 ], [ -98.963429902191038, 19.252183504551869 ], [ -98.969333425169395, 19.252184589295219 ], [ -98.972286002103473, 19.247329379738659 ], [ -98.969335229174135, 19.242473225984643 ], [ -98.963432053478726, 19.242472141830365 ], [ -98.96047930349954, 19.247327210841075 ] ] ] } },
{ "type": "Feature", "properties": { "alcaldia": "TLH", "clave": "TLH-026", "n": "026" }, "geometry": { "type": "Polygon", "coordinates": [ [ [ -98.951625703454965, 19.2424694023759 ], [ -98.954575954863728, 19.24732584074172 ], [ -98.96047930349954, 19.247327210841075 ], [ -98.963432053478726, 19.242472141830365 ], [ -98.960481627727631, 19.237615843305505 ], [ -98.954578626269836, 19.237614473950345 ], [ -98.951625703454965, 19.2424694023759 ] ] ] } },
{ "type": "Feature", "properties": { "alcaldia": "TLH", "clave": "TLH-027", "n": "027" }, "geometry": { "type": "Polygon", "coordinates": [ [ [ -98.942769259273518, 19.247322529242247 ], [ -98.945719336130495, 19.252179107409464 ], [ -98.951622857601777, 19.252180763608923 ], [ -98.954575954863728, 19.24732584074172 ], [ -98.951625703454965, 19.2424694023759 ], [ -98.945722529266206, 19.242467747075843 ], [ -98.942769259273518, 19.247322529242247 ] ] ] } },
{ "type": "Feature", "properties": { "alcaldia": "CUJ", "clave": "CUJ-005", "n": "005" }, "geometry": { "type": "Polygon", "coordinates": [ [ [ -99.332407860325006, 19.256740812014684 ], [ -99.33536952432874, 19.261591016661171 ], [ -99.341273281255909, 19.261580095185298 ], [ -99.344215026647746, 19.256718974991621 ], [ -99.341253194915652, 19.251868913620548 ], [ -99.335349785450219, 19.25187982916805 ], [ -99.332407860325006, 19.256740812014684 ] ] ] } },
{ "type": "Feature", "properties": { "alcaldia": "CUJ", "clave": "CUJ-006", "n": "006" }, "geometry": { "type": "Polygon", "coordinates": [ [ [ -99.323542954690552, 19.251901088852435 ], [ -99.326504271230974, 19.256751444743465 ], [ -99.332407860325006, 19.256740812014684 ], [ -99.335349785450219, 19.25187982916805 ], [ -99.332388301075113, 19.247029616437374 ], [ -99.326485059339689, 19.247040243393279 ], [ -99.323542954690552, 19.251901088852435 ] ] ] } },
{ "type": "Feature", "properties": { "alcaldia": "AOB", "clave": "AOB-002", "n": "002" }, "geometry": { "type": "Polygon", "coordinates": [ [ [ -99.314697081526674, 19.256772138632815 ], [ -99.317658230022914, 19.261622637645804 ], [ -99.323561998642418, 19.261612287891964 ], [ -99.326504271230974, 19.256751444743465 ], [ -99.323542954690552, 19.251901088852435 ], [ -99.317639533535939, 19.251911432988237 ], [ -99.314697081526674, 19.256772138632815 ] ] ] } },
{ "type": "Feature", "properties": { "alcaldia": "MAC", "clave": "MAC-024", "n": "024" }, "geometry": { "type": "Polygon", "coordinates": [ [ [ -99.305832680026228, 19.251931549844446 ], [ -99.308793481056071, 19.25678219979234 ], [ -99.314697081526674, 19.256772138632815 ], [ -99.317639533535939, 19.251911432988237 ], [ -99.314678564355702, 19.247060926047197 ], [ -99.308775311246777, 19.247070981744166 ], [ -99.305832680026228, 19.251931549844446 ] ] ] } },
{ "type": "Feature", "properties": { "alcaldia": "MAC", "clave": "MAC-025", "n": "025" }, "geometry": { "type": "Polygon", "coordinates": [ [ [ -99.296986269227091, 19.256801750538525 ], [ -99.299946901897044, 19.261652543454819 ], [ -99.305850681580381, 19.261642765427741 ], [ -99.308793481056071, 19.25678219979234 ], [ -99.305832680026228, 19.251931549844446 ], [ -99.29992924781078, 19.25194132256383 ], [ -99.296986269227091, 19.256801750538525 ] ] ] } },
{ "type": "Feature", "properties": { "alcaldia": "MAC", "clave": "MAC-026", "n": "026" }, "geometry": { "type": "Polygon", "coordinates": [ [ [ -99.288122372807706, 19.251960296582677 ], [ -99.291082658008364, 19.256811240124197 ], [ -99.296986269227091, 19.256801750538525 ], [ -99.29992924781078, 19.25194132256383 ], [ -99.296968794144092, 19.24709052187557 ], [ -99.291065530289927, 19.247100006309008 ], [ -99.288122372807706, 19.251960296582677 ] ] ] } },
{ "type": "Feature", "properties": { "alcaldia": "MAC", "clave": "MAC-027", "n": "027" }, "geometry": { "type": "Polygon", "coordinates": [ [ [ -99.279275425311582, 19.256829647718281 ], [ -99.282235541836712, 19.261680734074549 ], [ -99.288139331955364, 19.261671527778706 ], [ -99.291082658008364, 19.256811240124197 ], [ -99.288122372807706, 19.251960296582677 ], [ -99.282218930159758, 19.25196949788117 ], [ -99.279275425311582, 19.256829647718281 ] ] ] } },
{ "type": "Feature", "properties": { "alcaldia": "MAC", "clave": "MAC-028", "n": "028" }, "geometry": { "type": "Polygon", "coordinates": [ [ [ -99.270412034920085, 19.251987329053978 ], [ -99.273371803973163, 19.256838565725758 ], [ -99.279275425311582, 19.256829647718281 ], [ -99.282218930159758, 19.25196949788117 ], [ -99.279258992325083, 19.247118403908967 ], [ -99.273355718353983, 19.247127317074543 ], [ -99.270412034920085, 19.251987329053978 ] ] ] } },
{ "type": "Feature", "properties": { "alcaldia": "MAC", "clave": "MAC-029", "n": "029" }, "geometry": { "type": "Polygon", "coordinates": [ [ [ -99.261564551665487, 19.256855830159335 ], [ -99.264524151727514, 19.261707209492119 ], [ -99.270427951652948, 19.261698574931707 ], [ -99.273371803973163, 19.256838565725758 ], [ -99.270412034920085, 19.251987329053978 ], [ -99.264508582467997, 19.251995958927392 ], [ -99.261564551665487, 19.256855830159335 ] ] ] } },
{ "type": "Feature", "properties": { "alcaldia": "MAC", "clave": "MAC-030", "n": "030" }, "geometry": { "type": "Polygon", "coordinates": [ [ [ -99.252701668248434, 19.252012647246016 ], [ -99.255660920835837, 19.256864176584546 ], [ -99.261564551665487, 19.256855830159335 ], [ -99.264508582467997, 19.251995958927392 ], [ -99.261549160783531, 19.247144572134651 ], [ -99.255645877323758, 19.247152914028295 ], [ -99.252701668248434, 19.252012647246016 ] ] ] } },
{ "type": "Feature", "properties": { "alcaldia": "MAC", "clave": "MAC-031", "n": "031" }, "geometry": { "type": "Polygon", "coordinates": [ [ [ -99.243853650174159, 19.256880297849722 ], [ -99.246812733455059, 19.261731969695425 ], [ -99.252716542558716, 19.261723906874401 ], [ -99.255660920835837, 19.256864176584546 ], [ -99.252701668248434, 19.252012647246016 ], [ -99.246798206620596, 19.252020705690391 ], [ -99.243853650174159, 19.256880297849722 ] ] ] } },
{ "type": "Feature", "properties": { "alcaldia": "TLP", "clave": "TLP-260", "n": "260" }, "geometry": { "type": "Polygon", "coordinates": [ [ [ -99.234991274677881, 19.252036251147214 ], [ -99.237950010481768, 19.256888072688863 ], [ -99.243853650174159, 19.256880297849722 ], [ -99.246798206620596, 19.252020705690391 ], [ -99.24383930140425, 19.247169026540664 ], [ -99.237936009084123, 19.247176797158566 ], [ -99.234991274677881, 19.252036251147214 ] ] ] } },
{ "type": "Feature", "properties": { "alcaldia": "TLP", "clave": "TLP-261", "n": "261" }, "geometry": { "type": "Polygon", "coordinates": [ [ [ -99.226142722722997, 19.25690305077827 ], [ -99.229101288904971, 19.261755014673163 ], [ -99.235005106558347, 19.261747523595201 ], [ -99.237950010481768, 19.256888072688863 ], [ -99.234991274677881, 19.252036251147214 ], [ -99.229087804502655, 19.252043738158871 ], [ -99.226142722722997, 19.25690305077827 ] ] ] } },
{ "type": "Feature", "properties": { "alcaldia": "TLP", "clave": "TLP-262", "n": "262" }, "geometry": { "type": "Polygon", "coordinates": [ [ [ -99.217280856093566, 19.25205814074679 ], [ -99.220239074796311, 19.256910254027776 ], [ -99.226142722722997, 19.25690305077827 ], [ -99.229087804502655, 19.252043738158871 ], [ -99.226129416072155, 19.247191767115837 ], [ -99.220226115519949, 19.247198966454445 ], [ -99.217280856093566, 19.25205814074679 ] ] ] } },
{ "type": "Feature", "properties": { "alcaldia": "TLP", "clave": "TLP-263", "n": "263" }, "geometry": { "type": "Polygon", "coordinates": [ [ [ -99.208431771197397, 19.256924088934579 ], [ -99.211389819962918, 19.261776344414788 ], [ -99.217293645537438, 19.261769425083319 ], [ -99.220239074796311, 19.256910254027776 ], [ -99.217280856093566, 19.25205814074679 ], [ -99.211377377999327, 19.252065056322316 ], [ -99.208431771197397, 19.256924088934579 ] ] ] } },
{ "type": "Feature", "properties": { "alcaldia": "TLP", "clave": "TLP-264", "n": "264" }, "geometry": { "type": "Polygon", "coordinates": [ [ [ -99.199570414380602, 19.252078316034737 ], [ -99.202528115664848, 19.256930720591164 ], [ -99.208431771197397, 19.256924088934579 ], [ -99.211377377999327, 19.252065056322316 ], [ -99.208419506672115, 19.247212793849776 ], [ -99.202516198516122, 19.247219421905797 ], [ -99.199570414380602, 19.252078316034737 ] ] ] } },
{ "type": "Feature", "properties": { "alcaldia": "TLP", "clave": "TLP-265", "n": "265" }, "geometry": { "type": "Polygon", "coordinates": [ [ [ -99.19072079748274, 19.256943412309035 ], [ -99.193678328514551, 19.261795958910572 ], [ -99.199582161381642, 19.261789611328751 ], [ -99.202528115664848, 19.256930720591164 ], [ -99.199570414380602, 19.252078316034737 ], [ -99.193666928995768, 19.252084660170965 ], [ -99.19072079748274, 19.256943412309035 ] ] ] } },
{ "type": "Feature", "properties": { "alcaldia": "TLP", "clave": "TLP-266", "n": "266" }, "geometry": { "type": "Polygon", "coordinates": [ [ [ -99.181859951424187, 19.252096777001846 ], [ -99.184817134972832, 19.256949472369669 ], [ -99.19072079748274, 19.256943412309035 ], [ -99.193666928995768, 19.252084660170965 ], [ -99.190709575089016, 19.247232106732881 ], [ -99.184806259957554, 19.247238163503297 ], [ -99.181859951424187, 19.252096777001846 ] ] ] } },
{ "type": "Feature", "properties": { "alcaldia": "TLP", "clave": "TLP-267", "n": "267" }, "geometry": { "type": "Polygon", "coordinates": [ [ [ -99.173009803464467, 19.256961020892806 ], [ -99.175966816445523, 19.261813858151537 ], [ -99.181870655976653, 19.261808082322275 ], [ -99.184817134972832, 19.256949472369669 ], [ -99.181859951424187, 19.252096777001846 ], [ -99.175956459377133, 19.252102549695877 ], [ -99.173009803464467, 19.256961020892806 ] ] ] } },
{ "type": "Feature", "properties": { "alcaldia": "TLP", "clave": "TLP-268", "n": "268" }, "geometry": { "type": "Polygon", "coordinates": [ [ [ -99.164149469109503, 19.252113523639672 ], [ -99.167106134605675, 19.256966509354726 ], [ -99.173009803464467, 19.256961020892806 ], [ -99.175956459377133, 19.252102549695877 ], [ -99.172999623207801, 19.247249705756325 ], [ -99.16709630172916, 19.247255191238349 ], [ -99.164149469109503, 19.252113523639672 ] ] ] } },
{ "type": "Feature", "properties": { "alcaldia": "TLP", "clave": "TLP-269", "n": "269" }, "geometry": { "type": "Polygon", "coordinates": [ [ [ -99.155298791028002, 19.256976914677857 ], [ -99.158255285641559, 19.261830042129517 ], [ -99.164159131208137, 19.261824838055436 ], [ -99.167106134605675, 19.256966509354726 ], [ -99.164149469109503, 19.252113523639672 ], [ -99.158245971028592, 19.252118724888877 ], [ -99.155298791028002, 19.256976914677857 ] ] ] } },
{ "type": "Feature", "properties": { "alcaldia": "TLP", "clave": "TLP-270", "n": "270" }, "geometry": { "type": "Polygon", "coordinates": [ [ [ -99.146438969321693, 19.252128555940573 ], [ -99.149395116448801, 19.256981831538546 ], [ -99.155298791028002, 19.256976914677857 ], [ -99.158245971028592, 19.252118724888877 ], [ -99.155289652913368, 19.247265590912058 ], [ -99.149386325715838, 19.247270505103209 ], [ -99.146438969321693, 19.252128555940573 ] ] ] } },
{ "type": "Feature", "properties": { "alcaldia": "TLP", "clave": "TLP-271", "n": "271" }, "geometry": { "type": "Polygon", "coordinates": [ [ [ -99.1375877620588, 19.256991093656922 ], [ -99.14054373798831, 19.261844510837104 ], [ -99.146447588961777, 19.2618398785206 ], [ -99.149395116448801, 19.256981831538546 ], [ -99.146438969321693, 19.252128555940573 ], [ -99.140535465835356, 19.252133185742565 ], [ -99.1375877620588, 19.256991093656922 ] ] ] } },
{ "type": "Feature", "properties": { "alcaldia": "XOC", "clave": "XOC-062", "n": "062" }, "geometry": { "type": "Polygon", "coordinates": [ [ [ -99.128728453945968, 19.252141873897674 ], [ -99.131684082387679, 19.256995438914132 ], [ -99.1375877620588, 19.256991093656922 ], [ -99.140535465835356, 19.252133185742565 ], [ -99.137579666090645, 19.247279762192839 ], [ -99.131676333802574, 19.247284105090859 ], [ -99.128728453945968, 19.252141873897674 ] ] ] } },
{ "type": "Feature", "properties": { "alcaldia": "XOC", "clave": "XOC-063", "n": "063" }, "geometry": { "type": "Polygon", "coordinates": [ [ [ -99.119876718442313, 19.257003557823516 ], [ -99.122832175371514, 19.2618572642677 ], [ -99.128736031123324, 19.261853203710878 ], [ -99.131684082387679, 19.256995438914132 ], [ -99.128728453945968, 19.252141873897674 ], [ -99.122824945682595, 19.252145932250343 ], [ -99.119876718442313, 19.257003557823516 ] ] ] } },
{ "type": "Feature", "properties": { "alcaldia": "XOC", "clave": "XOC-064", "n": "064" }, "geometry": { "type": "Polygon", "coordinates": [ [ [ -99.111017924867554, 19.252153477504898 ], [ -99.113973034307747, 19.257007331475268 ], [ -99.119876718442313, 19.257003557823516 ], [ -99.122824945682595, 19.252145932250343 ], [ -99.119869664624574, 19.247292219592186 ], [ -99.11396632787428, 19.247295991195088 ], [ -99.111017924867554, 19.252153477504898 ] ] ] } },
{ "type": "Feature", "properties": { "alcaldia": "XOC", "clave": "XOC-065", "n": "065" }, "geometry": { "type": "Polygon", "coordinates": [ [ [ -99.102165662063982, 19.257014307171943 ], [ -99.105120599676894, 19.261868302415472 ], [ -99.111024459578445, 19.261864813620189 ], [ -99.113973034307747, 19.257007331475268 ], [ -99.111017924867554, 19.252153477504898 ], [ -99.105114412455535, 19.252156964406392 ], [ -99.102165662063982, 19.257014307171943 ] ] ] } },
{ "type": "Feature", "properties": { "alcaldia": "XOC", "clave": "XOC-066", "n": "066" }, "geometry": { "type": "Polygon", "coordinates": [ [ [ -99.093307383971634, 19.252163366756939 ], [ -99.096261974094475, 19.257017509216517 ], [ -99.102165662063982, 19.257014307171943 ], [ -99.105114412455535, 19.252156964406392 ], [ -99.102159650400139, 19.247302963104406 ], [ -99.096256309815942, 19.247306163410475 ], [ -99.093307383971634, 19.252163366756939 ] ] ] } },
{ "type": "Feature", "properties": { "alcaldia": "XOC", "clave": "XOC-067", "n": "067" }, "geometry": { "type": "Polygon", "coordinates": [ [ [ -99.084454594809316, 19.257023341697302 ], [ -99.087409012790147, 19.261877625275378 ], [ -99.093312876212877, 19.261874708243226 ], [ -99.096261974094475, 19.257017509216517 ], [ -99.093307383971634, 19.252163366756939 ], [ -99.087403868039388, 19.252166282205664 ], [ -99.084454594809316, 19.257023341697302 ] ] ] } },
{ "type": "Feature", "properties": { "alcaldia": "XOC", "clave": "XOC-068", "n": "068" }, "geometry": { "type": "Polygon", "coordinates": [ [ [ -99.075596833143436, 19.252171541649272 ], [ -99.078550903633342, 19.257025972133231 ], [ -99.084454594809316, 19.257023341697302 ], [ -99.087403868039388, 19.252166282205664 ], [ -99.084449625302298, 19.247311992724597 ], [ -99.078546281512502, 19.247314621732357 ], [ -99.075596833143436, 19.252171541649272 ] ] ] } },
{ "type": "Feature", "properties": { "alcaldia": "XOC", "clave": "XOC-069", "n": "069" }, "geometry": { "type": "Polygon", "coordinates": [ [ [ -99.066743518563769, 19.257030661395465 ], [ -99.069697416597023, 19.261885232843145 ], [ -99.075601282912359, 19.261882887575467 ], [ -99.078550903633342, 19.257025972133231 ], [ -99.075596833143436, 19.252171541649272 ], [ -99.06969331431938, 19.252173885643895 ], [ -99.066743518563769, 19.257030661395465 ] ] ] } },
{ "type": "Feature", "properties": { "alcaldia": "XOC", "clave": "XOC-070", "n": "070" }, "geometry": { "type": "Polygon", "coordinates": [ [ [ -99.057886274268185, 19.252178002178173 ], [ -99.060839824809833, 19.257032720221538 ], [ -99.066743518563769, 19.257030661395465 ], [ -99.06969331431938, 19.252173885643895 ], [ -99.066739591215992, 19.247319308448624 ], [ -99.060836244848943, 19.247321366156886 ], [ -99.057886274268185, 19.252178002178173 ] ] ] } },
{ "type": "Feature", "properties": { "alcaldia": "XOC", "clave": "XOC-071", "n": "071" }, "geometry": { "type": "Polygon", "coordinates": [ [ [ -99.049032435212823, 19.257036266263075 ], [ -99.051985812983247, 19.261891125115312 ], [ -99.057889681562614, 19.261889351613171 ], [ -99.060839824809833, 19.257032720221538 ], [ -99.057886274268185, 19.252178002178173 ], [ -99.05198275318071, 19.252179774717622 ], [ -99.049032435212823, 19.257036266263075 ] ] ] } },
{ "type": "Feature", "properties": { "alcaldia": "XOC", "clave": "XOC-072", "n": "072" }, "geometry": { "type": "Polygon", "coordinates": [ [ [ -99.040175709231121, 19.252182748340683 ], [ -99.043128739509413, 19.257037753478357 ], [ -99.049032435212823, 19.257036266263075 ], [ -99.05198275318071, 19.252179774717622 ], [ -99.049029550026233, 19.24732491027315 ], [ -99.043126201710223, 19.247326396680972 ], [ -99.040175709231121, 19.252182748340683 ] ] ] } },
{ "type": "Feature", "properties": { "alcaldia": "XOC", "clave": "XOC-073", "n": "073" }, "geometry": { "type": "Polygon", "coordinates": [ [ [ -99.031321346641974, 19.257040156297581 ], [ -99.03427420383457, 19.261895302089194 ], [ -99.040178074049379, 19.261894100353395 ], [ -99.043128739509413, 19.257037753478357 ], [ -99.040175709231121, 19.252182748340683 ], [ -99.03427218650863, 19.252183949424147 ], [ -99.031321346641974, 19.257040156297581 ] ] ] } },
{ "type": "Feature", "properties": { "alcaldia": "XOC", "clave": "XOC-074", "n": "074" }, "geometry": { "type": "Polygon", "coordinates": [ [ [ -99.022465139917472, 19.252185780134635 ], [ -99.025417649617594, 19.257041071901394 ], [ -99.031321346641974, 19.257040156297581 ], [ -99.03427218650863, 19.252183949424147 ], [ -99.031319503617951, 19.247328798195614 ], [ -99.02541615398134, 19.247329713302314 ], [ -99.022465139917472, 19.252185780134635 ] ] ] } },
{ "type": "Feature", "properties": { "alcaldia": "XOC", "clave": "XOC-075", "n": "075" }, "geometry": { "type": "Polygon", "coordinates": [ [ [ -99.013610254736705, 19.257042331497203 ], [ -99.016562591036731, 19.261897763762853 ], [ -99.022466462258407, 19.261897133793958 ], [ -99.025417649617594, 19.257041071901394 ], [ -99.022465139917472, 19.252185780134635 ], [ -99.016561616188397, 19.252186409761567 ], [ -99.013610254736705, 19.257042331497203 ] ] ] } },
{ "type": "Feature", "properties": { "alcaldia": "XOC", "clave": "XOC-076", "n": "076" }, "geometry": { "type": "Polygon", "coordinates": [ [ [ -99.004754568212476, 19.25218709755865 ], [ -99.007706557019858, 19.257042675489128 ], [ -99.013610254736705, 19.257042331497203 ], [ -99.016561616188397, 19.252186409761567 ], [ -99.013609453876171, 19.247330972214236 ], [ -99.007706103547264, 19.247331316019395 ], [ -99.004754568212476, 19.25218709755865 ] ] ] } },
{ "type": "Feature", "properties": { "alcaldia": "TLH", "clave": "TLH-028", "n": "028" }, "geometry": { "type": "Polygon", "coordinates": [ [ [ -98.995899161382511, 19.25704279186094 ], [ -98.998850976475495, 19.261898510135193 ], [ -99.00475484807545, 19.261898451933483 ], [ -99.007706557019858, 19.257042675489128 ], [ -99.004754568212476, 19.25218709755865 ], [ -98.998851044105237, 19.252187155728759 ], [ -98.995899161382511, 19.25704279186094 ] ] ] } },
{ "type": "Feature", "properties": { "alcaldia": "TLH", "clave": "TLH-029", "n": "029" }, "geometry": { "type": "Polygon", "coordinates": [ [ [ -98.987043996001375, 19.252186700612114 ], [ -98.989995463601687, 19.257042564240827 ], [ -98.995899161382511, 19.25704279186094 ], [ -98.998851044105237, 19.252187155728759 ], [ -98.995899402685851, 19.247331432328036 ], [ -98.98999605229298, 19.2473312048315 ], [ -98.987043996001375, 19.252186700612114 ] ] ] } },
{ "type": "Feature", "properties": { "alcaldia": "TLH", "clave": "TLH-030", "n": "030" }, "geometry": { "type": "Polygon", "coordinates": [ [ [ -98.978188068464888, 19.257041537388602 ], [ -98.981139362036586, 19.261897541205858 ], [ -98.987043233386245, 19.261898054771361 ], [ -98.989995463601687, 19.257042564240827 ], [ -98.987043996001375, 19.252186700612114 ], [ -98.981140472144361, 19.252186187325382 ], [ -98.978188068464888, 19.257041537388602 ] ] ] } },
{ "type": "Feature", "properties": { "alcaldia": "TLH", "clave": "TLH-031", "n": "031" }, "geometry": { "type": "Polygon", "coordinates": [ [ [ -98.969333425169395, 19.252184589295219 ], [ -98.972284371248577, 19.257040738156537 ], [ -98.978188068464888, 19.257041537388602 ], [ -98.981140472144361, 19.252186187325382 ], [ -98.978189351931974, 19.247330178536785 ], [ -98.972286002103473, 19.247329379738659 ], [ -98.969333425169395, 19.252184589295219 ] ] ] } },
{ "type": "Feature", "properties": { "alcaldia": "TLH", "clave": "TLH-032", "n": "032" }, "geometry": { "type": "Polygon", "coordinates": [ [ [ -98.96047697786932, 19.257038568080738 ], [ -98.963427749605771, 19.261894856975296 ], [ -98.969331620076531, 19.261895942307785 ], [ -98.972284371248577, 19.257040738156537 ], [ -98.969333425169395, 19.252184589295219 ], [ -98.963429902191038, 19.252183504551869 ], [ -98.96047697786932, 19.257038568080738 ] ] ] } },
{ "type": "Feature", "properties": { "alcaldia": "TLH", "clave": "TLH-033", "n": "033" }, "geometry": { "type": "Polygon", "coordinates": [ [ [ -98.951622857601777, 19.252180763608923 ], [ -98.954573281846024, 19.257037197237103 ], [ -98.96047697786932, 19.257038568080738 ], [ -98.963429902191038, 19.252183504551869 ], [ -98.96047930349954, 19.247327210841075 ], [ -98.954575954863728, 19.24732584074172 ], [ -98.951622857601777, 19.252180763608923 ] ] ] } },
{ "type": "Feature", "properties": { "alcaldia": "TLH", "clave": "TLH-034", "n": "034" }, "geometry": { "type": "Polygon", "coordinates": [ [ [ -98.942765891481301, 19.257033883938721 ], [ -98.945716141068786, 19.261890457444732 ], [ -98.951620010032059, 19.261892114543702 ], [ -98.954573281846024, 19.257037197237103 ], [ -98.951622857601777, 19.252180763608923 ], [ -98.945719336130495, 19.252179107409464 ], [ -98.942765891481301, 19.257033883938721 ] ] ] } },
{ "type": "Feature", "properties": { "alcaldia": "CUJ", "clave": "CUJ-007", "n": "007" }, "geometry": { "type": "Polygon", "coordinates": [ [ [ -99.332427431370419, 19.266451997273304 ], [ -99.335389275109122, 19.271302193833108 ], [ -99.341293379707537, 19.271291266428186 ], [ -99.344235292826113, 19.266430148392814 ], [ -99.341273281255909, 19.261580095185298 ], [ -99.33536952432874, 19.261591016661171 ], [ -99.332427431370419, 19.266451997273304 ] ] ] } },
{ "type": "Feature", "properties": { "alcaldia": "CUJ", "clave": "CUJ-008", "n": "008" }, "geometry": { "type": "Polygon", "coordinates": [ [ [ -99.323561998642418, 19.261612287891964 ], [ -99.326523494708312, 19.266462635775618 ], [ -99.332427431370419, 19.266451997273304 ], [ -99.33536952432874, 19.261591016661171 ], [ -99.332407860325006, 19.256740812014684 ], [ -99.326504271230974, 19.256751444743465 ], [ -99.323561998642418, 19.261612287891964 ] ] ] } },
{ "type": "Feature", "properties": { "alcaldia": "AOB", "clave": "AOB-003", "n": "003" }, "geometry": { "type": "Polygon", "coordinates": [ [ [ -99.314715609864749, 19.266483340901683 ], [ -99.317676937783233, 19.271333831984144 ], [ -99.323581054077124, 19.271323476611627 ], [ -99.326523494708312, 19.266462635775618 ], [ -99.323561998642418, 19.261612287891964 ], [ -99.317658230022914, 19.261622637645804 ], [ -99.314715609864749, 19.266483340901683 ] ] ] } },
{ "type": "Feature", "properties": { "alcaldia": "AOB", "clave": "AOB-004", "n": "004" }, "geometry": { "type": "Polygon", "coordinates": [ [ [ -99.305850681580381, 19.261642765427741 ], [ -99.308811661822972, 19.266493407524379 ], [ -99.314715609864749, 19.266483340901683 ], [ -99.317658230022914, 19.261622637645804 ], [ -99.314697081526674, 19.256772138632815 ], [ -99.308793481056071, 19.25678219979234 ], [ -99.305850681580381, 19.261642765427741 ] ] ] } },
{ "type": "Feature", "properties": { "alcaldia": "AOB", "clave": "AOB-005", "n": "005" }, "geometry": { "type": "Polygon", "coordinates": [ [ [ -99.297003754848745, 19.266512968886556 ], [ -99.299964566628134, 19.271363754028421 ], [ -99.30586869398887, 19.271353970693049 ], [ -99.308811661822972, 19.266493407524379 ], [ -99.305850681580381, 19.261642765427741 ], [ -99.299946901897044, 19.261652543454819 ], [ -99.297003754848745, 19.266512968886556 ] ] ] } },
{ "type": "Feature", "properties": { "alcaldia": "MAC", "clave": "MAC-032", "n": "032" }, "geometry": { "type": "Polygon", "coordinates": [ [ [ -99.288139331955364, 19.261671527778706 ], [ -99.29109979605596, 19.266522463625041 ], [ -99.297003754848745, 19.266512968886556 ], [ -99.299946901897044, 19.261652543454819 ], [ -99.296986269227091, 19.256801750538525 ], [ -99.291082658008364, 19.256811240124197 ], [ -99.288139331955364, 19.261671527778706 ] ] ] } },
{ "type": "Feature", "properties": { "alcaldia": "MAC", "clave": "MAC-033", "n": "033" }, "geometry": { "type": "Polygon", "coordinates": [ [ [ -99.279291868208276, 19.266540881214389 ], [ -99.282252163529961, 19.271391959952293 ], [ -99.288156301328826, 19.271382748658528 ], [ -99.29109979605596, 19.266522463625041 ], [ -99.288139331955364, 19.261671527778706 ], [ -99.282235541836712, 19.261680734074549 ], [ -99.279291868208276, 19.266540881214389 ] ] ] } },
{ "type": "Feature", "properties": { "alcaldia": "MAC", "clave": "MAC-034", "n": "034" }, "geometry": { "type": "Polygon", "coordinates": [ [ [ -99.270427951652948, 19.261698574931707 ], [ -99.273387899293056, 19.266549804064319 ], [ -99.279291868208276, 19.266540881214389 ], [ -99.282235541836712, 19.261680734074549 ], [ -99.279275425311582, 19.256829647718281 ], [ -99.273371803973163, 19.256838565725758 ], [ -99.270427951652948, 19.261698574931707 ] ] ] } },
{ "type": "Feature", "properties": { "alcaldia": "MAC", "clave": "MAC-035", "n": "035" }, "geometry": { "type": "Polygon", "coordinates": [ [ [ -99.261579951829205, 19.266567077872427 ], [ -99.264539730374779, 19.271418449742843 ], [ -99.270443877983084, 19.271409810494902 ], [ -99.273387899293056, 19.266549804064319 ], [ -99.270427951652948, 19.261698574931707 ], [ -99.264524151727514, 19.261707209492119 ], [ -99.261579951829205, 19.266567077872427 ] ] ] } },
{ "type": "Feature", "properties": { "alcaldia": "MAC", "clave": "MAC-036", "n": "036" }, "geometry": { "type": "Polygon", "coordinates": [ [ [ -99.252716542558716, 19.261723906874401 ], [ -99.255675973420196, 19.266575428829732 ], [ -99.261579951829205, 19.266567077872427 ], [ -99.264524151727514, 19.261707209492119 ], [ -99.261564551665487, 19.256855830159335 ], [ -99.255660920835837, 19.256864176584546 ], [ -99.252716542558716, 19.261723906874401 ] ] ] } },
{ "type": "Feature", "properties": { "alcaldia": "MAC", "clave": "MAC-037", "n": "037" }, "geometry": { "type": "Polygon", "coordinates": [ [ [ -99.243868007597356, 19.26659155884871 ], [ -99.246827269048737, 19.271443223387987 ], [ -99.252731425837752, 19.271435156189813 ], [ -99.255675973420196, 19.266575428829732 ], [ -99.252716542558716, 19.261723906874401 ], [ -99.246812733455059, 19.261731969695425 ], [ -99.243868007597356, 19.26659155884871 ] ] ] } },
{ "type": "Feature", "properties": { "alcaldia": "TLP", "clave": "TLP-272", "n": "272" }, "geometry": { "type": "Polygon", "coordinates": [ [ [ -99.235005106558347, 19.261747523595201 ], [ -99.237964020323204, 19.266599337909557 ], [ -99.243868007597356, 19.26659155884871 ], [ -99.246812733455059, 19.261731969695425 ], [ -99.243853650174159, 19.256880297849722 ], [ -99.237950010481768, 19.256888072688863 ], [ -99.235005106558347, 19.261747523595201 ] ] ] } },
{ "type": "Feature", "properties": { "alcaldia": "TLP", "clave": "TLP-273", "n": "273" }, "geometry": { "type": "Polygon", "coordinates": [ [ [ -99.226156037398653, 19.266614324132032 ], [ -99.229114781437971, 19.271466280876403 ], [ -99.235018946778993, 19.271458785731678 ], [ -99.237964020323204, 19.266599337909557 ], [ -99.235005106558347, 19.261747523595201 ], [ -99.229101288904971, 19.261755014673163 ], [ -99.226156037398653, 19.266614324132032 ] ] ] } },
{ "type": "Feature", "properties": { "alcaldia": "TLP", "clave": "TLP-274", "n": "274" }, "geometry": { "type": "Polygon", "coordinates": [ [ [ -99.217293645537438, 19.261769425083319 ], [ -99.220252041887989, 19.266621531292884 ], [ -99.226156037398653, 19.266614324132032 ], [ -99.229101288904971, 19.261755014673163 ], [ -99.226142722722997, 19.25690305077827 ], [ -99.220239074796311, 19.256910254027776 ], [ -99.217293645537438, 19.261769425083319 ] ] ] } },
{ "type": "Feature", "properties": { "alcaldia": "TLP", "clave": "TLP-275", "n": "275" }, "geometry": { "type": "Polygon", "coordinates": [ [ [ -99.208444043119016, 19.266635373712006 ], [ -99.211402269428632, 19.27148762219754 ], [ -99.21730644269293, 19.271480699109699 ], [ -99.220252041887989, 19.266621531292884 ], [ -99.217293645537438, 19.261769425083319 ], [ -99.211389819962918, 19.261776344414788 ], [ -99.208444043119016, 19.266635373712006 ] ] ] } },
{ "type": "Feature", "properties": { "alcaldia": "TLP", "clave": "TLP-276", "n": "276" }, "geometry": { "type": "Polygon", "coordinates": [ [ [ -99.199582161381642, 19.261789611328751 ], [ -99.202540040000443, 19.266642008969562 ], [ -99.208444043119016, 19.266635373712006 ], [ -99.211389819962918, 19.261776344414788 ], [ -99.208431771197397, 19.256924088934579 ], [ -99.202528115664848, 19.256930720591164 ], [ -99.199582161381642, 19.261789611328751 ] ] ] } },
{ "type": "Feature", "properties": { "alcaldia": "TLP", "clave": "TLP-277", "n": "277" }, "geometry": { "type": "Polygon", "coordinates": [ [ [ -99.190732026644326, 19.266654707579008 ], [ -99.193689734906869, 19.271507247341656 ], [ -99.199593915465726, 19.271500896313857 ], [ -99.202540040000443, 19.266642008969562 ], [ -99.199582161381642, 19.261789611328751 ], [ -99.193678328514551, 19.261795958910572 ], [ -99.190732026644326, 19.266654707579008 ] ] ] } },
{ "type": "Feature", "properties": { "alcaldia": "TLP", "clave": "TLP-278", "n": "278" }, "geometry": { "type": "Polygon", "coordinates": [ [ [ -99.181870655976653, 19.261808082322275 ], [ -99.184828016546504, 19.26666077093024 ], [ -99.190732026644326, 19.266654707579008 ], [ -99.193678328514551, 19.261795958910572 ], [ -99.19072079748274, 19.256943412309035 ], [ -99.184817134972832, 19.256949472369669 ], [ -99.181870655976653, 19.261808082322275 ] ] ] } },
{ "type": "Feature", "properties": { "alcaldia": "TLP", "clave": "TLP-279", "n": "279" }, "geometry": { "type": "Polygon", "coordinates": [ [ [ -99.173019989860535, 19.266672325724194 ], [ -99.175977179758917, 19.271525156299788 ], [ -99.181881366983589, 19.271519377334936 ], [ -99.184828016546504, 19.26666077093024 ], [ -99.181870655976653, 19.261808082322275 ], [ -99.175966816445523, 19.261813858151537 ], [ -99.173019989860535, 19.266672325724194 ] ] ] } },
{ "type": "Feature", "properties": { "alcaldia": "TLP", "clave": "TLP-280", "n": "280" }, "geometry": { "type": "Polygon", "coordinates": [ [ [ -99.164159131208137, 19.261824838055436 ], [ -99.167115973412095, 19.26667781716634 ], [ -99.173019989860535, 19.266672325724194 ], [ -99.175966816445523, 19.261813858151537 ], [ -99.173009803464467, 19.256961020892806 ], [ -99.167106134605675, 19.256966509354726 ], [ -99.164159131208137, 19.261824838055436 ] ] ] } },
{ "type": "Feature", "properties": { "alcaldia": "TLP", "clave": "TLP-281", "n": "281" }, "geometry": { "type": "Polygon", "coordinates": [ [ [ -99.155307934653564, 19.266688228139543 ], [ -99.158264605870926, 19.271541349063746 ], [ -99.16416879913271, 19.271536142164475 ], [ -99.167115973412095, 19.26667781716634 ], [ -99.164159131208137, 19.261824838055436 ], [ -99.158255285641559, 19.261830042129517 ], [ -99.155307934653564, 19.266688228139543 ] ] ] } },
{ "type": "Feature", "properties": { "alcaldia": "TLP", "clave": "TLP-282", "n": "282" }, "geometry": { "type": "Polygon", "coordinates": [ [ [ -99.146447588961777, 19.2618398785206 ], [ -99.14940391248318, 19.266693147670072 ], [ -99.155307934653564, 19.266688228139543 ], [ -99.158255285641559, 19.261830042129517 ], [ -99.155298791028002, 19.256976914677857 ], [ -99.149395116448801, 19.256981831538546 ], [ -99.146447588961777, 19.2618398785206 ] ] ] } },
{ "type": "Feature", "properties": { "alcaldia": "TLP", "clave": "TLP-283", "n": "283" }, "geometry": { "type": "Polygon", "coordinates": [ [ [ -99.137595862909407, 19.266702414817761 ], [ -99.140552015129117, 19.271555825626127 ], [ -99.146456213799269, 19.27155119079482 ], [ -99.14940391248318, 19.266693147670072 ], [ -99.146447588961777, 19.2618398785206 ], [ -99.14054373798831, 19.261844510837104 ], [ -99.137595862909407, 19.266702414817761 ] ] ] } },
{ "type": "Feature", "properties": { "alcaldia": "XOC", "clave": "XOC-077", "n": "077" }, "geometry": { "type": "Polygon", "coordinates": [ [ [ -99.128736031123324, 19.261853203710878 ], [ -99.131691835645711, 19.266706762434438 ], [ -99.137595862909407, 19.266702414817761 ], [ -99.14054373798831, 19.261844510837104 ], [ -99.1375877620588, 19.256991093656922 ], [ -99.131684082387679, 19.256995438914132 ], [ -99.128736031123324, 19.261853203710878 ] ] ] } },
{ "type": "Feature", "properties": { "alcaldia": "XOC", "clave": "XOC-078", "n": "078" }, "geometry": { "type": "Polygon", "coordinates": [ [ [ -99.119883776513973, 19.266714885752375 ], [ -99.122839409419726, 19.271568585980322 ], [ -99.128743612869471, 19.271564523219105 ], [ -99.131691835645711, 19.266706762434438 ], [ -99.128736031123324, 19.261853203710878 ], [ -99.122832175371514, 19.2618572642677 ], [ -99.119883776513973, 19.266714885752375 ] ] ] } },
{ "type": "Feature", "properties": { "alcaldia": "XOC", "clave": "XOC-079", "n": "079" }, "geometry": { "type": "Polygon", "coordinates": [ [ [ -99.111024459578445, 19.261864813620189 ], [ -99.113979744785638, 19.266718661453208 ], [ -99.119883776513973, 19.266714885752375 ], [ -99.122832175371514, 19.2618572642677 ], [ -99.119876718442313, 19.257003557823516 ], [ -99.113973034307747, 19.257007331475268 ], [ -99.111024459578445, 19.261864813620189 ] ] ] } },
{ "type": "Feature", "properties": { "alcaldia": "XOC", "clave": "XOC-080", "n": "080" }, "geometry": { "type": "Polygon", "coordinates": [ [ [ -99.102171677353283, 19.266725640937683 ], [ -99.105126790628944, 19.271579630120502 ], [ -99.11103099822958, 19.271576139431211 ], [ -99.113979744785638, 19.266718661453208 ], [ -99.111024459578445, 19.261864813620189 ], [ -99.105120599676894, 19.261868302415472 ], [ -99.102171677353283, 19.266725640937683 ] ] ] } },
{ "type": "Feature", "properties": { "alcaldia": "XOC", "clave": "XOC-081", "n": "081" }, "geometry": { "type": "Polygon", "coordinates": [ [ [ -99.093312876212877, 19.261874708243226 ], [ -99.09626764178897, 19.266728844720955 ], [ -99.102171677353283, 19.266725640937683 ], [ -99.105120599676894, 19.261868302415472 ], [ -99.102165662063982, 19.257014307171943 ], [ -99.096261974094475, 19.257017509216517 ], [ -99.093312876212877, 19.261874708243226 ] ] ] } },
{ "type": "Feature", "properties": { "alcaldia": "XOC", "clave": "XOC-082", "n": "082" }, "geometry": { "type": "Polygon", "coordinates": [ [ [ -99.084459567313289, 19.266734680368767 ], [ -99.087414160643036, 19.271588958041612 ], [ -99.09331837176579, 19.271586039425859 ], [ -99.09626764178897, 19.266728844720955 ], [ -99.093312876212877, 19.261874708243226 ], [ -99.087409012790147, 19.261877625275378 ], [ -99.084459567313289, 19.266734680368767 ] ] ] } },
{ "type": "Feature", "properties": { "alcaldia": "XOC", "clave": "XOC-083", "n": "083" }, "geometry": { "type": "Polygon", "coordinates": [ [ [ -99.075601282912359, 19.261882887575467 ], [ -99.078555528541656, 19.266737312233015 ], [ -99.084459567313289, 19.266734680368767 ], [ -99.087409012790147, 19.261877625275378 ], [ -99.084454594809316, 19.257023341697302 ], [ -99.078550903633342, 19.257025972133231 ], [ -99.075601282912359, 19.261882887575467 ] ] ] } },
{ "type": "Feature", "properties": { "alcaldia": "XOC", "clave": "XOC-084", "n": "084" }, "geometry": { "type": "Polygon", "coordinates": [ [ [ -99.066747448280012, 19.266742004041504 ], [ -99.069701521348208, 19.271596569739394 ], [ -99.075605735364363, 19.271594223198509 ], [ -99.078555528541656, 19.266737312233015 ], [ -99.075601282912359, 19.261882887575467 ], [ -99.069697416597023, 19.261885232843145 ], [ -99.066747448280012, 19.266742004041504 ] ] ] } },
{ "type": "Feature", "properties": { "alcaldia": "XOC", "clave": "XOC-085", "n": "085" }, "geometry": { "type": "Polygon", "coordinates": [ [ [ -99.057889681562614, 19.261889351613171 ], [ -99.060843406929706, 19.266744063985524 ], [ -99.066747448280012, 19.266742004041504 ], [ -99.069697416597023, 19.261885232843145 ], [ -99.066743518563769, 19.257030661395465 ], [ -99.060839824809833, 19.257032720221538 ], [ -99.057889681562614, 19.261889351613171 ] ] ] } },
{ "type": "Feature", "properties": { "alcaldia": "XOC", "clave": "XOC-086", "n": "086" }, "geometry": { "type": "Polygon", "coordinates": [ [ [ -99.049035322139389, 19.266747611952553 ], [ -99.051988874630737, 19.271602465210368 ], [ -99.057893090911534, 19.271600690745423 ], [ -99.060843406929706, 19.266744063985524 ], [ -99.057889681562614, 19.261889351613171 ], [ -99.051985812983247, 19.261891125115312 ], [ -99.049035322139389, 19.266747611952553 ] ] ] } },
{ "type": "Feature", "properties": { "alcaldia": "XOC", "clave": "XOC-087", "n": "087" }, "geometry": { "type": "Polygon", "coordinates": [ [ [ -99.040178074049379, 19.261894100353395 ], [ -99.043131278839084, 19.266749099975392 ], [ -99.049035322139389, 19.266747611952553 ], [ -99.051985812983247, 19.261891125115312 ], [ -99.049032435212823, 19.257036266263075 ], [ -99.043128739509413, 19.257037753478357 ], [ -99.040178074049379, 19.261894100353395 ] ] ] } },
{ "type": "Feature", "properties": { "alcaldia": "XOC", "clave": "XOC-088", "n": "088" }, "geometry": { "type": "Polygon", "coordinates": [ [ [ -99.031323190777456, 19.266751504099343 ], [ -99.034276222376874, 19.271606644451843 ], [ -99.040180440293554, 19.271605442063652 ], [ -99.043131278839084, 19.266749099975392 ], [ -99.040178074049379, 19.261894100353395 ], [ -99.03427420383457, 19.261895302089194 ], [ -99.031323190777456, 19.266751504099343 ] ] ] } },
{ "type": "Feature", "properties": { "alcaldia": "XOC", "clave": "XOC-089", "n": "089" }, "geometry": { "type": "Polygon", "coordinates": [ [ [ -99.022466462258407, 19.261897133793958 ], [ -99.025419146155841, 19.26675242020033 ], [ -99.031323190777456, 19.266751504099343 ], [ -99.03427420383457, 19.261895302089194 ], [ -99.031321346641974, 19.257040156297581 ], [ -99.025417649617594, 19.257041071901394 ], [ -99.022466462258407, 19.261897133793958 ] ] ] } },
{ "type": "Feature", "properties": { "alcaldia": "TLH", "clave": "TLH-035", "n": "035" }, "geometry": { "type": "Polygon", "coordinates": [ [ [ -99.013611056080208, 19.266753680480093 ], [ -99.016563566472868, 19.271609107461913 ], [ -99.022467785396685, 19.271608477151023 ], [ -99.025419146155841, 19.26675242020033 ], [ -99.022466462258407, 19.261897133793958 ], [ -99.016562591036731, 19.261897763762853 ], [ -99.013611056080208, 19.266753680480093 ] ] ] } },
{ "type": "Feature", "properties": { "alcaldia": "TLH", "clave": "TLH-036", "n": "036" }, "geometry": { "type": "Polygon", "coordinates": [ [ [ -99.00475484807545, 19.261898451933483 ], [ -99.007707010765927, 19.266754024658805 ], [ -99.013611056080208, 19.266753680480093 ], [ -99.016562591036731, 19.261897763762853 ], [ -99.013610254736705, 19.257042331497203 ], [ -99.007706557019858, 19.257042675489128 ], [ -99.00475484807545, 19.261898451933483 ] ] ] } },
{ "type": "Feature", "properties": { "alcaldia": "TLH", "clave": "TLH-037", "n": "037" }, "geometry": { "type": "Polygon", "coordinates": [ [ [ -98.995898919933651, 19.266754141093809 ], [ -98.998850908804968, 19.27160985423944 ], [ -99.004755128107163, 19.271609796006139 ], [ -99.007707010765927, 19.266754024658805 ], [ -99.00475484807545, 19.261898451933483 ], [ -98.998850976475495, 19.261898510135193 ], [ -98.995898919933651, 19.266754141093809 ] ] ] } },
{ "type": "Feature", "properties": { "alcaldia": "TLH", "clave": "TLH-038", "n": "038" }, "geometry": { "type": "Polygon", "coordinates": [ [ [ -98.987043233386245, 19.261898054771361 ], [ -98.989994874555364, 19.266753913350097 ], [ -98.995898919933651, 19.266754141093809 ], [ -98.998850976475495, 19.261898510135193 ], [ -98.995899161382511, 19.25704279186094 ], [ -98.989995463601687, 19.257042564240827 ], [ -98.987043233386245, 19.261898054771361 ] ] ] } },
{ "type": "Feature", "properties": { "alcaldia": "TLH", "clave": "TLH-039", "n": "039" }, "geometry": { "type": "Polygon", "coordinates": [ [ [ -98.97818678422378, 19.266752885940289 ], [ -98.981138251259452, 19.271608884784094 ], [ -98.98704247031128, 19.271609398628403 ], [ -98.989994874555364, 19.266753913350097 ], [ -98.987043233386245, 19.261898054771361 ], [ -98.981139362036586, 19.261897541205858 ], [ -98.97818678422378, 19.266752885940289 ] ] ] } },
{ "type": "Feature", "properties": { "alcaldia": "TLH", "clave": "TLH-040", "n": "040" }, "geometry": { "type": "Polygon", "coordinates": [ [ [ -98.969331620076531, 19.261895942307785 ], [ -98.972282739410161, 19.266752086274252 ], [ -98.97818678422378, 19.266752885940289 ], [ -98.981139362036586, 19.261897541205858 ], [ -98.978188068464888, 19.257041537388602 ], [ -98.972284371248577, 19.257040738156537 ], [ -98.969331620076531, 19.261895942307785 ] ] ] } },
{ "type": "Feature", "properties": { "alcaldia": "TLH", "clave": "TLH-041", "n": "041" }, "geometry": { "type": "Polygon", "coordinates": [ [ [ -98.960474650836574, 19.2667499150201 ], [ -98.963425595722555, 19.271606199096308 ], [ -98.969329813895243, 19.271607285018007 ], [ -98.972282739410161, 19.266752086274252 ], [ -98.969331620076531, 19.261895942307785 ], [ -98.963427749605771, 19.261894856975296 ], [ -98.960474650836574, 19.2667499150201 ] ] ] } },
{ "type": "Feature", "properties": { "alcaldia": "TLH", "clave": "TLH-042", "n": "042" }, "geometry": { "type": "Polygon", "coordinates": [ [ [ -98.951620010032059, 19.261892114543702 ], [ -98.954570607216297, 19.266748543432101 ], [ -98.960474650836574, 19.2667499150201 ], [ -98.963427749605771, 19.261894856975296 ], [ -98.96047697786932, 19.257038568080738 ], [ -98.954573281846024, 19.257037197237103 ], [ -98.951620010032059, 19.261892114543702 ] ] ] } },
{ "type": "Feature", "properties": { "alcaldia": "CUJ", "clave": "CUJ-009", "n": "009" }, "geometry": { "type": "Polygon", "coordinates": [ [ [ -99.350159843650502, 19.276130095007936 ], [ -99.353122383044379, 19.280979988336508 ], [ -99.359026823196047, 19.280968482664044 ], [ -99.361968376006473, 19.276107089903455 ], [ -99.359005668993987, 19.271257340157451 ], [ -99.353101576719794, 19.271268839589794 ], [ -99.350159843650502, 19.276130095007936 ] ] ] } },
{ "type": "Feature", "properties": { "alcaldia": "CUJ", "clave": "CUJ-010", "n": "010" }, "geometry": { "type": "Polygon", "coordinates": [ [ [ -99.341293379707523, 19.271291266428186 ], [ -99.344255571222249, 19.276141311469587 ], [ -99.350159843650502, 19.276130095007936 ], [ -99.353101576719794, 19.271268839589794 ], [ -99.350139217480006, 19.266418938015754 ], [ -99.344235292826113, 19.266430148392814 ], [ -99.341293379707523, 19.271291266428186 ] ] ] } },
{ "type": "Feature", "properties": { "alcaldia": "CUJ", "clave": "CUJ-011", "n": "011" }, "geometry": { "type": "Polygon", "coordinates": [ [ [ -99.332447014214551, 19.276163172208847 ], [ -99.335409037794605, 19.281013360679413 ], [ -99.341313490273805, 19.281002427344763 ], [ -99.344255571222249, 19.276141311469587 ], [ -99.341293379707537, 19.271291266428186 ], [ -99.335389275109122, 19.271302193833108 ], [ -99.332447014214551, 19.276163172208847 ] ] ] } },
{ "type": "Feature", "properties": { "alcaldia": "CUJ", "clave": "CUJ-012", "n": "012" }, "geometry": { "type": "Polygon", "coordinates": [ [ [ -99.323581054077124, 19.271323476611627 ], [ -99.3265427297748, 19.27617381648535 ], [ -99.332447014214551, 19.276163172208847 ], [ -99.335389275109122, 19.271302193833108 ], [ -99.332427431370419, 19.266451997273304 ], [ -99.326523494708312, 19.266462635775618 ], [ -99.323581054077124, 19.271323476611627 ] ] ] } },
{ "type": "Feature", "properties": { "alcaldia": "CUJ", "clave": "CUJ-013", "n": "013" }, "geometry": { "type": "Polygon", "coordinates": [ [ [ -99.314734149372896, 19.276194532849399 ], [ -99.317695656819936, 19.281045015998792 ], [ -99.323600120997796, 19.281034655006962 ], [ -99.3265427297748, 19.27617381648535 ], [ -99.323581054077124, 19.271323476611627 ], [ -99.317676937783233, 19.271333831984144 ], [ -99.314734149372896, 19.276194532849399 ] ] ] } },
{ "type": "Feature", "properties": { "alcaldia": "AOB", "clave": "AOB-006", "n": "006" }, "geometry": { "type": "Polygon", "coordinates": [ [ [ -99.30586869398887, 19.271353970693049 ], [ -99.308829853550435, 19.276204604935895 ], [ -99.314734149372896, 19.276194532849399 ], [ -99.317676937783233, 19.271333831984144 ], [ -99.314715609864749, 19.266483340901683 ], [ -99.308811661822972, 19.266493407524379 ], [ -99.30586869398887, 19.271353970693049 ] ] ] } },
{ "type": "Feature", "properties": { "alcaldia": "AOB", "clave": "AOB-007", "n": "007" }, "geometry": { "type": "Polygon", "coordinates": [ [ [ -99.297021251011884, 19.276224176915271 ], [ -99.299982242006934, 19.281074954280196 ], [ -99.305886717254623, 19.281065165635923 ], [ -99.308829853550435, 19.276204604935895 ], [ -99.30586869398887, 19.271353970693049 ], [ -99.299964566628134, 19.271363754028421 ], [ -99.297021251011884, 19.276224176915271 ] ] ] } },
{ "type": "Feature", "properties": { "alcaldia": "AOB", "clave": "AOB-008", "n": "008" }, "geometry": { "type": "Polygon", "coordinates": [ [ [ -99.288156301328826, 19.271382748658528 ], [ -99.291116944435487, 19.276233676807156 ], [ -99.297021251011884, 19.276224176915271 ], [ -99.299964566628134, 19.271363754028421 ], [ -99.297003754848745, 19.266512968886556 ], [ -99.29109979605596, 19.266522463625041 ], [ -99.288156301328826, 19.271382748658528 ] ] ] } },
{ "type": "Feature", "properties": { "alcaldia": "AOB", "clave": "AOB-009", "n": "009" }, "geometry": { "type": "Polygon", "coordinates": [ [ [ -99.279308321017851, 19.276252104392906 ], [ -99.282268795242203, 19.281103175509934 ], [ -99.288173280930835, 19.281093959217685 ], [ -99.291116944435487, 19.276233676807156 ], [ -99.288156301328826, 19.271382748658528 ], [ -99.282252163529961, 19.271391959952293 ], [ -99.279308321017851, 19.276252104392906 ] ] ] } },
{ "type": "Feature", "properties": { "alcaldia": "MAC", "clave": "MAC-038", "n": "038" }, "geometry": { "type": "Polygon", "coordinates": [ [ [ -99.270443877983084, 19.271409810494902 ], [ -99.273404004316305, 19.276261032085838 ], [ -99.279308321017851, 19.276252104392906 ], [ -99.282252163529961, 19.271391959952293 ], [ -99.279291868208276, 19.266540881214389 ], [ -99.273387899293056, 19.266549804064319 ], [ -99.270443877983084, 19.271409810494902 ] ] ] } },
{ "type": "Feature", "properties": { "alcaldia": "MAC", "clave": "MAC-039", "n": "039" }, "geometry": { "type": "Polygon", "coordinates": [ [ [ -99.261595361277145, 19.27627831526955 ], [ -99.264555318412334, 19.281129679675111 ], [ -99.270459813913064, 19.281121035739101 ], [ -99.273404004316305, 19.276261032085838 ], [ -99.270443877983084, 19.271409810494902 ], [ -99.264539730374779, 19.271418449742843 ], [ -99.261595361277145, 19.27627831526955 ] ] ] } },
{ "type": "Feature", "properties": { "alcaldia": "MAC", "clave": "MAC-040", "n": "040" }, "geometry": { "type": "Polygon", "coordinates": [ [ [ -99.252731425837752, 19.271435156189813 ], [ -99.255691035079252, 19.276286670759454 ], [ -99.261595361277145, 19.27627831526955 ], [ -99.264539730374779, 19.271418449742843 ], [ -99.261579951829205, 19.266567077872427 ], [ -99.255675973420196, 19.266575428829732 ], [ -99.252731425837752, 19.271435156189813 ] ] ] } },
{ "type": "Feature", "properties": { "alcaldia": "MAC", "clave": "MAC-041", "n": "041" }, "geometry": { "type": "Polygon", "coordinates": [ [ [ -99.243882373676158, 19.276302809533224 ], [ -99.246841813404004, 19.281154466763621 ], [ -99.252746318087929, 19.281146395187797 ], [ -99.255691035079252, 19.276286670759454 ], [ -99.252731425837752, 19.271435156189813 ], [ -99.246827269048737, 19.271443223387987 ], [ -99.243882373676158, 19.276302809533224 ] ] ] } },
{ "type": "Feature", "properties": { "alcaldia": "TLP", "clave": "TLP-284", "n": "284" }, "geometry": { "type": "Polygon", "coordinates": [ [ [ -99.235018946778993, 19.271458785731678 ], [ -99.23797803861072, 19.276310592816273 ], [ -99.243882373676158, 19.276302809533224 ], [ -99.246827269048737, 19.271443223387987 ], [ -99.243868007597356, 19.26659155884871 ], [ -99.237964020323204, 19.266599337909557 ], [ -99.235018946778993, 19.271458785731678 ] ] ] } },
{ "type": "Feature", "properties": { "alcaldia": "TLP", "clave": "TLP-285", "n": "285" }, "geometry": { "type": "Polygon", "coordinates": [ [ [ -99.226169360101309, 19.276325587172735 ], [ -99.229128282103815, 19.281177536764133 ], [ -99.235032795342065, 19.281170037552187 ], [ -99.23797803861072, 19.276310592816273 ], [ -99.235018946778993, 19.271458785731678 ], [ -99.229114781437971, 19.271466280876403 ], [ -99.226169360101309, 19.276325587172735 ] ] ] } },
{ "type": "Feature", "properties": { "alcaldia": "TLP", "clave": "TLP-286", "n": "286" }, "geometry": { "type": "Polygon", "coordinates": [ [ [ -99.21730644269293, 19.271480699109699 ], [ -99.2202650167971, 19.276332798245377 ], [ -99.226169360101309, 19.276325587172735 ], [ -99.229114781437971, 19.271466280876403 ], [ -99.226156037398653, 19.266614324132032 ], [ -99.220252041887989, 19.266621531292884 ], [ -99.21730644269293, 19.271480699109699 ] ] ] } },
{ "type": "Feature", "properties": { "alcaldia": "TLP", "clave": "TLP-287", "n": "287" }, "geometry": { "type": "Polygon", "coordinates": [ [ [ -99.208456322438991, 19.276346648177675 ], [ -99.211414726398459, 19.281198889666097 ], [ -99.217319247562131, 19.281191962821456 ], [ -99.2202650167971, 19.276332798245377 ], [ -99.21730644269293, 19.271480699109699 ], [ -99.211402269428632, 19.27148762219754 ], [ -99.208456322438991, 19.276346648177675 ] ] ] } },
{ "type": "Feature", "properties": { "alcaldia": "TLP", "clave": "TLP-288", "n": "288" }, "geometry": { "type": "Polygon", "coordinates": [ [ [ -99.199593915465726, 19.271500896313857 ], [ -99.202551971524827, 19.276353287036617 ], [ -99.208456322438991, 19.276346648177675 ], [ -99.211402269428632, 19.27148762219754 ], [ -99.208444043119016, 19.266635373712006 ], [ -99.202540040000443, 19.266642008969562 ], [ -99.199593915465726, 19.271500896313857 ] ] ] } },
{ "type": "Feature", "properties": { "alcaldia": "TLP", "clave": "TLP-289", "n": "289" }, "geometry": { "type": "Polygon", "coordinates": [ [ [ -99.190743262575609, 19.276365992538416 ], [ -99.193701148174611, 19.281218525459771 ], [ -99.199605676634803, 19.281212170985594 ], [ -99.202551971524827, 19.276353287036617 ], [ -99.199593915465726, 19.271500896313857 ], [ -99.193689734906869, 19.271507247341656 ], [ -99.190743262575609, 19.276365992538416 ] ] ] } },
{ "type": "Feature", "properties": { "alcaldia": "TLP", "clave": "TLP-290", "n": "290" }, "geometry": { "type": "Polygon", "coordinates": [ [ [ -99.181881366983589, 19.271519377334936 ], [ -99.184838904680319, 19.276372059180623 ], [ -99.190743262575609, 19.276365992538416 ], [ -99.193689734906869, 19.271507247341656 ], [ -99.190732026644326, 19.266654707579008 ], [ -99.184828016546504, 19.26666077093024 ], [ -99.181881366983589, 19.271519377334936 ] ] ] } },
{ "type": "Feature", "properties": { "alcaldia": "TLP", "clave": "TLP-291", "n": "291" }, "geometry": { "type": "Polygon", "coordinates": [ [ [ -99.173030182397653, 19.276383620246122 ], [ -99.175987549318961, 19.281236444136166 ], [ -99.181892084446801, 19.281230662035359 ], [ -99.184838904680319, 19.276372059180623 ], [ -99.181881366983589, 19.271519377334936 ], [ -99.175977179758917, 19.271525156299788 ], [ -99.173030182397653, 19.276383620246122 ] ] ] } },
{ "type": "Feature", "properties": { "alcaldia": "TLP", "clave": "TLP-292", "n": "292" }, "geometry": { "type": "Polygon", "coordinates": [ [ [ -99.16416879913271, 19.271536142164475 ], [ -99.167125818150026, 19.27638911466882 ], [ -99.173030182397653, 19.276383620246122 ], [ -99.175977179758917, 19.271525156299788 ], [ -99.173019989860535, 19.266672325724194 ], [ -99.167115973412095, 19.26667781716634 ], [ -99.16416879913271, 19.271536142164475 ] ] ] } },
{ "type": "Feature", "properties": { "alcaldia": "TLP", "clave": "TLP-293", "n": "293" }, "geometry": { "type": "Polygon", "coordinates": [ [ [ -99.155317083791545, 19.276399531292736 ], [ -99.158273931718227, 19.281252645687101 ], [ -99.164178472884785, 19.281247435962314 ], [ -99.167125818150026, 19.27638911466882 ], [ -99.16416879913271, 19.271536142164475 ], [ -99.158264605870926, 19.271541349063746 ], [ -99.155317083791545, 19.276399531292736 ] ] ] } },
{ "type": "Feature", "properties": { "alcaldia": "TLP", "clave": "TLP-294", "n": "294" }, "geometry": { "type": "Polygon", "coordinates": [ [ [ -99.146456213799269, 19.27155119079482 ], [ -99.149412713820411, 19.276404453493413 ], [ -99.155317083791545, 19.276399531292736 ], [ -99.158264605870926, 19.271541349063746 ], [ -99.155307934653564, 19.266688228139543 ], [ -99.14940391248318, 19.266693147670072 ], [ -99.146456213799269, 19.27155119079482 ] ] ] } },
{ "type": "Feature", "properties": { "alcaldia": "TLP", "clave": "TLP-295", "n": "295" }, "geometry": { "type": "Polygon", "coordinates": [ [ [ -99.137603968643745, 19.276413725670981 ], [ -99.140560297259128, 19.281267130105171 ], [ -99.146464843835517, 19.281262492758781 ], [ -99.149412713820411, 19.276404453493413 ], [ -99.146456213799269, 19.27155119079482 ], [ -99.140552015129117, 19.271555825626127 ], [ -99.137603968643745, 19.276413725670981 ] ] ] } },
{ "type": "Feature", "properties": { "alcaldia": "XOC", "clave": "XOC-090", "n": "090" }, "geometry": { "type": "Polygon", "coordinates": [ [ [ -99.128743612869471, 19.271564523219105 ], [ -99.131699593577949, 19.276418075647396 ], [ -99.137603968643745, 19.276413725670981 ], [ -99.140552015129117, 19.271555825626127 ], [ -99.137595862909407, 19.266702414817761 ], [ -99.131691835645711, 19.266706762434438 ], [ -99.128743612869471, 19.271564523219105 ] ] ] } },
{ "type": "Feature", "properties": { "alcaldia": "XOC", "clave": "XOC-091", "n": "091" }, "geometry": { "type": "Polygon", "coordinates": [ [ [ -99.119890838840746, 19.276426203374381 ], [ -99.122846647828382, 19.281279897383751 ], [ -99.128751199185658, 19.281275832417883 ], [ -99.131699593577949, 19.276418075647396 ], [ -99.128743612869471, 19.271564523219105 ], [ -99.122839409419726, 19.271568585980322 ], [ -99.119890838840746, 19.276426203374381 ] ] ] } },
{ "type": "Feature", "properties": { "alcaldia": "XOC", "clave": "XOC-092", "n": "092" }, "geometry": { "type": "Polygon", "coordinates": [ [ [ -99.11103099822958, 19.271576139431211 ], [ -99.113986459309089, 19.27642998112454 ], [ -99.119890838840746, 19.276426203374381 ], [ -99.122839409419726, 19.271568585980322 ], [ -99.119883776513973, 19.266714885752375 ], [ -99.113979744785638, 19.266718661453208 ], [ -99.11103099822958, 19.271576139431211 ] ] ] } },
{ "type": "Feature", "properties": { "alcaldia": "XOC", "clave": "XOC-093", "n": "093" }, "geometry": { "type": "Polygon", "coordinates": [ [ [ -99.10217769626901, 19.276436964397231 ], [ -99.105132985312707, 19.281290947517025 ], [ -99.111037540821997, 19.281287454933519 ], [ -99.113986459309089, 19.27642998112454 ], [ -99.11103099822958, 19.271576139431211 ], [ -99.105126790628944, 19.271579630120502 ], [ -99.10217769626901, 19.276436964397231 ] ] ] } },
{ "type": "Feature", "properties": { "alcaldia": "XOC", "clave": "XOC-094", "n": "094" }, "geometry": { "type": "Polygon", "coordinates": [ [ [ -99.09331837176579, 19.271586039425859 ], [ -99.096273312900337, 19.276440169919407 ], [ -99.10217769626901, 19.276436964397231 ], [ -99.105126790628944, 19.271579630120502 ], [ -99.102171677353283, 19.266725640937683 ], [ -99.09626764178897, 19.266728844720955 ], [ -99.09331837176579, 19.271586039425859 ] ] ] } },
{ "type": "Feature", "properties": { "alcaldia": "XOC", "clave": "XOC-095", "n": "095" }, "geometry": { "type": "Polygon", "coordinates": [ [ [ -99.084464542815041, 19.276446008734606 ], [ -99.087419311598865, 19.281300280499917 ], [ -99.093323870631252, 19.281297360300385 ], [ -99.096273312900337, 19.276440169919407 ], [ -99.09331837176579, 19.271586039425859 ], [ -99.087414160643036, 19.271588958041612 ], [ -99.084464542815041, 19.276446008734606 ] ] ] } },
{ "type": "Feature", "properties": { "alcaldia": "XOC", "clave": "XOC-096", "n": "096" }, "geometry": { "type": "Polygon", "coordinates": [ [ [ -99.075605735364363, 19.271594223198509 ], [ -99.078560156238169, 19.276448642027336 ], [ -99.084464542815041, 19.276446008734606 ], [ -99.087414160643036, 19.271588958041612 ], [ -99.084459567313289, 19.266734680368767 ], [ -99.078555528541656, 19.266737312233015 ], [ -99.075605735364363, 19.271594223198509 ] ] ] } },
{ "type": "Feature", "properties": { "alcaldia": "XOC", "clave": "XOC-097", "n": "097" }, "geometry": { "type": "Polygon", "coordinates": [ [ [ -99.066751380365332, 19.276453336382382 ], [ -99.069705628573629, 19.281307896328183 ], [ -99.075610190500171, 19.281305548513949 ], [ -99.078560156238169, 19.276448642027336 ], [ -99.075605735364363, 19.271594223198509 ], [ -99.069701521348208, 19.271596569739394 ], [ -99.066751380365332, 19.276453336382382 ] ] ] } },
{ "type": "Feature", "properties": { "alcaldia": "XOC", "clave": "XOC-098", "n": "098" }, "geometry": { "type": "Polygon", "coordinates": [ [ [ -99.057893090911534, 19.271600690745423 ], [ -99.060846991209118, 19.276455397444462 ], [ -99.066751380365332, 19.276453336382382 ], [ -99.069701521348208, 19.271596569739394 ], [ -99.066747448280012, 19.266742004041504 ], [ -99.060843406929706, 19.266744063985524 ], [ -99.057893090911534, 19.271600690745423 ] ] ] } },
{ "type": "Feature", "properties": { "alcaldia": "XOC", "clave": "XOC-099", "n": "099" }, "geometry": { "type": "Polygon", "coordinates": [ [ [ -99.049038210806401, 19.276458947337208 ], [ -99.051991938123706, 19.281313794998329 ], [ -99.057896502315501, 19.281312019570475 ], [ -99.060846991209118, 19.276455397444462 ], [ -99.057893090911534, 19.271600690745423 ], [ -99.051988874630737, 19.271602465210368 ], [ -99.049038210806401, 19.276458947337208 ] ] ] } },
{ "type": "Feature", "properties": { "alcaldia": "XOC", "clave": "XOC-100", "n": "100" }, "geometry": { "type": "Polygon", "coordinates": [ [ [ -99.040180440293554, 19.271605442063652 ], [ -99.043133819699648, 19.276460436167699 ], [ -99.049038210806401, 19.276458947337208 ], [ -99.051988874630737, 19.271602465210368 ], [ -99.049035322139389, 19.266747611952553 ], [ -99.043131278839084, 19.266749099975392 ], [ -99.040180440293554, 19.271605442063652 ] ] ] } },
{ "type": "Feature", "properties": { "alcaldia": "TLH", "clave": "TLH-043", "n": "043" }, "geometry": { "type": "Polygon", "coordinates": [ [ [ -99.031325036024711, 19.276462841596519 ], [ -99.034278242135898, 19.281317976507665 ], [ -99.04018280796403, 19.281316773466997 ], [ -99.043133819699648, 19.276460436167699 ], [ -99.040180440293554, 19.271605442063652 ], [ -99.034276222376874, 19.271606644451843 ], [ -99.031325036024711, 19.276462841596519 ] ] ] } },
{ "type": "Feature", "properties": { "alcaldia": "TLH", "clave": "TLH-044", "n": "044" }, "geometry": { "type": "Polygon", "coordinates": [ [ [ -99.022467785396685, 19.271608477151023 ], [ -99.025420643596291, 19.276463758194733 ], [ -99.031325036024711, 19.276462841596519 ], [ -99.034276222376874, 19.271606644451843 ], [ -99.031323190777456, 19.266751504099343 ], [ -99.025419146155841, 19.26675242020033 ], [ -99.022467785396685, 19.271608477151023 ] ] ] } },
{ "type": "Feature", "properties": { "alcaldia": "TLH", "clave": "TLH-045", "n": "045" }, "geometry": { "type": "Polygon", "coordinates": [ [ [ -99.013611857906824, 19.276465019158532 ], [ -99.016564542496951, 19.28132044085428 ], [ -99.022469109332505, 19.281319810201349 ], [ -99.025420643596291, 19.276463758194733 ], [ -99.022467785396685, 19.271608477151023 ], [ -99.016563566472868, 19.271609107461913 ], [ -99.013611857906824, 19.276465019158532 ] ] ] } },
{ "type": "Feature", "properties": { "alcaldia": "TLH", "clave": "TLH-046", "n": "046" }, "geometry": { "type": "Polygon", "coordinates": [ [ [ -99.004755128107163, 19.271609796006139 ], [ -99.00770746478554, 19.276465363524057 ], [ -99.013611857906824, 19.276465019158532 ], [ -99.016563566472868, 19.271609107461913 ], [ -99.013611056080208, 19.266753680480093 ], [ -99.007707010765927, 19.266754024658805 ], [ -99.004755128107163, 19.271609796006139 ] ] ] } },
{ "type": "Feature", "properties": { "alcaldia": "TLH", "clave": "TLH-047", "n": "047" }, "geometry": { "type": "Polygon", "coordinates": [ [ [ -98.995898678339231, 19.276465480022257 ], [ -98.998850841093656, 19.281321188037047 ], [ -99.004755408307688, 19.281321129772145 ], [ -99.00770746478554, 19.276465363524057 ], [ -99.004755128107163, 19.271609796006139 ], [ -98.998850908804968, 19.27160985423944 ], [ -98.995898678339231, 19.276465480022257 ] ] ] } },
{ "type": "Feature", "properties": { "alcaldia": "TLH", "clave": "TLH-048", "n": "048" }, "geometry": { "type": "Polygon", "coordinates": [ [ [ -98.98704247031128, 19.271609398628403 ], [ -98.989994285153927, 19.276465252154935 ], [ -98.995898678339231, 19.276465480022257 ], [ -98.998850908804968, 19.27160985423944 ], [ -98.995898919933651, 19.266754141093809 ], [ -98.989994874555364, 19.266753913350097 ], [ -98.98704247031128, 19.271609398628403 ] ] ] } },
{ "type": "Feature", "properties": { "alcaldia": "TLH", "clave": "TLH-049", "n": "049" }, "geometry": { "type": "Polygon", "coordinates": [ [ [ -98.978185499208422, 19.276464224187482 ], [ -98.981137139812759, 19.281320218055622 ], [ -98.987041706776353, 19.281320732178774 ], [ -98.989994285153927, 19.276465252154935 ], [ -98.98704247031128, 19.271609398628403 ], [ -98.981138251259452, 19.271608884784094 ], [ -98.978185499208422, 19.276464224187482 ] ] ] } },
{ "type": "Feature", "properties": { "alcaldia": "TLH", "clave": "TLH-050", "n": "050" }, "geometry": { "type": "Polygon", "coordinates": [ [ [ -98.969329813895243, 19.271607285018007 ], [ -98.972281106587957, 19.276463424087414 ], [ -98.978185499208422, 19.276464224187482 ], [ -98.981138251259452, 19.271608884784094 ], [ -98.97818678422378, 19.266752885940289 ], [ -98.972282739410161, 19.266752086274252 ], [ -98.969329813895243, 19.271607285018007 ] ] ] } },
{ "type": "Feature", "properties": { "alcaldia": "TLH", "clave": "TLH-051", "n": "051" }, "geometry": { "type": "Polygon", "coordinates": [ [ [ -98.960472322400946, 19.276461251654776 ], [ -98.963423440541035, 19.28131753091046 ], [ -98.969328006625247, 19.281318617421423 ], [ -98.972281106587957, 19.276463424087414 ], [ -98.969329813895243, 19.271607285018007 ], [ -98.963425595722555, 19.271606199096308 ], [ -98.960472322400946, 19.276461251654776 ] ] ] } },
{ "type": "Feature", "properties": { "alcaldia": "CUJ", "clave": "CUJ-014", "n": "014" }, "geometry": { "type": "Polygon", "coordinates": [ [ [ -99.359026823196047, 19.280968482664044 ], [ -99.361989710572161, 19.285818224085187 ], [ -99.367894318340703, 19.285806429047827 ], [ -99.370835690682668, 19.28094489898535 ], [ -99.36787263579447, 19.27609530126179 ], [ -99.361968376006473, 19.276107089903455 ], [ -99.359026823196047, 19.280968482664044 ] ] ] } },
{ "type": "Feature", "properties": { "alcaldia": "CUJ", "clave": "CUJ-015", "n": "015" }, "geometry": { "type": "Polygon", "coordinates": [ [ [ -99.350180482251673, 19.285841241670639 ], [ -99.353143201906107, 19.290691126751202 ], [ -99.359047990144859, 19.290679614837899 ], [ -99.361989710572161, 19.285818224085187 ], [ -99.359026823196047, 19.280968482664044 ], [ -99.353122383044379, 19.280979988336508 ], [ -99.350180482251673, 19.285841241670639 ] ] ] } },
{ "type": "Feature", "properties": { "alcaldia": "CUJ", "clave": "CUJ-016", "n": "016" }, "geometry": { "type": "Polygon", "coordinates": [ [ [ -99.341313490273791, 19.281002427344763 ], [ -99.344275861839463, 19.285852464217559 ], [ -99.350180482251673, 19.285841241670639 ], [ -99.353122383044379, 19.280979988336508 ], [ -99.350159843650502, 19.276130095007936 ], [ -99.344255571222249, 19.276141311469587 ], [ -99.341313490273791, 19.281002427344763 ] ] ] } },
{ "type": "Feature", "properties": { "alcaldia": "CUJ", "clave": "CUJ-017", "n": "017" }, "geometry": { "type": "Polygon", "coordinates": [ [ [ -99.332466608860571, 19.285874336816942 ], [ -99.335428812388372, 19.290724517195741 ], [ -99.341333612957996, 19.290713577930696 ], [ -99.344275861839463, 19.285852464217559 ], [ -99.341313490273805, 19.281002427344763 ], [ -99.335409037794605, 19.281013360679413 ], [ -99.332466608860571, 19.285874336816942 ] ] ] } },
{ "type": "Feature", "properties": { "alcaldia": "CUJ", "clave": "CUJ-018", "n": "018" }, "geometry": { "type": "Polygon", "coordinates": [ [ [ -99.323600120997796, 19.281034655006962 ], [ -99.326561976433609, 19.285884986868293 ], [ -99.332466608860571, 19.285874336816942 ], [ -99.335409037794605, 19.281013360679413 ], [ -99.332447014214551, 19.276163172208847 ], [ -99.3265427297748, 19.27617381648535 ], [ -99.323600120997796, 19.281034655006962 ] ] ] } },
{ "type": "Feature", "properties": { "alcaldia": "CUJ", "clave": "CUJ-019", "n": "019" }, "geometry": { "type": "Polygon", "coordinates": [ [ [ -99.314752700054186, 19.285905714471614 ], [ -99.317714387136078, 19.290756189685432 ], [ -99.323619199407531, 19.290745823073649 ], [ -99.326561976433609, 19.285884986868293 ], [ -99.323600120997796, 19.281034655006962 ], [ -99.317695656819936, 19.281045015998792 ], [ -99.314752700054186, 19.285905714471614 ] ] ] } },
{ "type": "Feature", "properties": { "alcaldia": "AOB", "clave": "AOB-010", "n": "010" }, "geometry": { "type": "Polygon", "coordinates": [ [ [ -99.305886717254623, 19.281065165635923 ], [ -99.30884805624143, 19.285915792022525 ], [ -99.314752700054186, 19.285905714471614 ], [ -99.317695656819936, 19.281045015998792 ], [ -99.314734149372896, 19.276194532849399 ], [ -99.308829853550435, 19.276204604935895 ], [ -99.305886717254623, 19.281065165635923 ] ] ] } },
{ "type": "Feature", "properties": { "alcaldia": "AOB", "clave": "AOB-011", "n": "011" }, "geometry": { "type": "Polygon", "coordinates": [ [ [ -99.297038757719363, 19.285935374620308 ], [ -99.2999999280363, 19.2907861442058 ], [ -99.305904751380567, 19.290776350252017 ], [ -99.30884805624143, 19.285915792022525 ], [ -99.305886717254623, 19.281065165635923 ], [ -99.299982242006934, 19.281074954280196 ], [ -99.297038757719363, 19.285935374620308 ] ] ] } },
{ "type": "Feature", "properties": { "alcaldia": "AOB", "clave": "AOB-012", "n": "012" }, "geometry": { "type": "Polygon", "coordinates": [ [ [ -99.288173280930835, 19.281093959217685 ], [ -99.291134103149773, 19.285944879666179 ], [ -99.297038757719363, 19.285935374620308 ], [ -99.299982242006934, 19.281074954280196 ], [ -99.297021251011884, 19.276224176915271 ], [ -99.291116944435487, 19.276233676807156 ], [ -99.288173280930835, 19.281093959217685 ] ] ] } },
{ "type": "Feature", "properties": { "alcaldia": "AOB", "clave": "AOB-013", "n": "013" }, "geometry": { "type": "Polygon", "coordinates": [ [ [ -99.279324783742979, 19.285963317249475 ], [ -99.282285436976139, 19.290814380743157 ], [ -99.28819027076419, 19.29080515945185 ], [ -99.291134103149773, 19.285944879666179 ], [ -99.288173280930835, 19.281093959217685 ], [ -99.282268795242203, 19.281103175509934 ], [ -99.279324783742979, 19.285963317249475 ] ] ] } },
{ "type": "Feature", "properties": { "alcaldia": "MAC", "clave": "MAC-042", "n": "042" }, "geometry": { "type": "Polygon", "coordinates": [ [ [ -99.270459813913064, 19.281121035739101 ], [ -99.273420119045483, 19.28597224978596 ], [ -99.279324783742979, 19.285963317249475 ], [ -99.282268795242203, 19.281103175509934 ], [ -99.279308321017851, 19.276252104392906 ], [ -99.273404004316305, 19.276261032085838 ], [ -99.270459813913064, 19.281121035739101 ] ] ] } },
{ "type": "Feature", "properties": { "alcaldia": "MAC", "clave": "MAC-043", "n": "043" }, "geometry": { "type": "Polygon", "coordinates": [ [ [ -99.261610780011878, 19.285989542346343 ], [ -99.264570915842725, 19.290840899284593 ], [ -99.270475759445503, 19.290832250659978 ], [ -99.273420119045483, 19.28597224978596 ], [ -99.270459813913064, 19.281121035739101 ], [ -99.264555318412334, 19.281129679675111 ], [ -99.261610780011878, 19.285989542346343 ] ] ] } },
{ "type": "Feature", "properties": { "alcaldia": "MAC", "clave": "MAC-044", "n": "044" }, "geometry": { "type": "Polygon", "coordinates": [ [ [ -99.252746318087929, 19.281146395187797 ], [ -99.255706105815463, 19.28599790236936 ], [ -99.261610780011878, 19.285989542346343 ], [ -99.264555318412334, 19.281129679675111 ], [ -99.261595361277145, 19.27627831526955 ], [ -99.255691035079252, 19.276286670759454 ], [ -99.252746318087929, 19.281146395187797 ] ] ] } },
{ "type": "Feature", "properties": { "alcaldia": "MAC", "clave": "MAC-045", "n": "045" }, "geometry": { "type": "Polygon", "coordinates": [ [ [ -99.243896748412936, 19.286014049898927 ], [ -99.246856366523204, 19.290865699817999 ], [ -99.252761219311679, 19.290857623864028 ], [ -99.255706105815463, 19.28599790236936 ], [ -99.252746318087929, 19.281146395187797 ], [ -99.246841813404004, 19.281154466763621 ], [ -99.243896748412936, 19.286014049898927 ] ] ] } },
{ "type": "Feature", "properties": { "alcaldia": "TLP", "clave": "TLP-296", "n": "296" }, "geometry": { "type": "Polygon", "coordinates": [ [ [ -99.235032795342065, 19.281170037552187 ], [ -99.237992065346575, 19.286021837404657 ], [ -99.243896748412936, 19.286014049898927 ], [ -99.246841813404004, 19.281154466763621 ], [ -99.243882373676158, 19.276302809533224 ], [ -99.23797803861072, 19.276310592816273 ], [ -99.235032795342065, 19.281170037552187 ] ] ] } },
{ "type": "Feature", "properties": { "alcaldia": "TLP", "clave": "TLP-297", "n": "297" }, "geometry": { "type": "Polygon", "coordinates": [ [ [ -99.226182690833113, 19.286036839896028 ], [ -99.22914179090472, 19.290888782332036 ], [ -99.235046652249821, 19.290881279052403 ], [ -99.237992065346575, 19.286021837404657 ], [ -99.235032795342065, 19.281170037552187 ], [ -99.229128282103815, 19.281177536764133 ], [ -99.226182690833113, 19.286036839896028 ] ] ] } },
{ "type": "Feature", "properties": { "alcaldia": "TLP", "clave": "TLP-298", "n": "298" }, "geometry": { "type": "Polygon", "coordinates": [ [ [ -99.217319247562131, 19.281191962821456 ], [ -99.220277999525777, 19.286044054880911 ], [ -99.226182690833113, 19.286036839896028 ], [ -99.229128282103815, 19.281177536764133 ], [ -99.226169360101309, 19.276325587172735 ], [ -99.2202650167971, 19.276332798245377 ], [ -99.217319247562131, 19.281191962821456 ] ] ] } },
{ "type": "Feature", "properties": { "alcaldia": "TLP", "clave": "TLP-299", "n": "299" }, "geometry": { "type": "Polygon", "coordinates": [ [ [ -99.208468609159311, 19.286057912327237 ], [ -99.21142719087446, 19.290910146816149 ], [ -99.217332060147129, 19.290903216214279 ], [ -99.220277999525777, 19.286044054880911 ], [ -99.217319247562131, 19.281191962821456 ], [ -99.211414726398459, 19.281198889666097 ], [ -99.208468609159311, 19.286057912327237 ] ] ] } },
{ "type": "Feature", "properties": { "alcaldia": "TLP", "clave": "TLP-300", "n": "300" }, "geometry": { "type": "Polygon", "coordinates": [ [ [ -99.199605676634803, 19.281212170985594 ], [ -99.202563910239945, 19.28606455478797 ], [ -99.208468609159311, 19.286057912327237 ], [ -99.211414726398459, 19.281198889666097 ], [ -99.208456322438991, 19.276346648177675 ], [ -99.202551971524827, 19.276353287036617 ], [ -99.199605676634803, 19.281212170985594 ] ] ] } },
{ "type": "Feature", "properties": { "alcaldia": "TLP", "clave": "TLP-301", "n": "301" }, "geometry": { "type": "Polygon", "coordinates": [ [ [ -99.190754505278449, 19.286077267182911 ], [ -99.193712568319611, 19.290929793260588 ], [ -99.199617444890791, 19.290923435339639 ], [ -99.202563910239945, 19.28606455478797 ], [ -99.199605676634803, 19.281212170985594 ], [ -99.193701148174611, 19.281218525459771 ], [ -99.190754505278449, 19.286077267182911 ] ] ] } },
{ "type": "Feature", "properties": { "alcaldia": "TLP", "clave": "TLP-302", "n": "302" }, "geometry": { "type": "Polygon", "coordinates": [ [ [ -99.181892084446801, 19.281230662035359 ], [ -99.184849799376067, 19.286083337116473 ], [ -99.190754505278449, 19.286077267182911 ], [ -99.193701148174611, 19.281218525459771 ], [ -99.190743262575609, 19.276365992538416 ], [ -99.184838904680319, 19.276372059180623 ], [ -99.181892084446801, 19.281230662035359 ] ] ] } },
{ "type": "Feature", "properties": { "alcaldia": "TLP", "clave": "TLP-303", "n": "303" }, "geometry": { "type": "Polygon", "coordinates": [ [ [ -99.173040381077499, 19.286094904454217 ], [ -99.17599792512739, 19.290947721656352 ], [ -99.181902808367994, 19.290941936419248 ], [ -99.184849799376067, 19.286083337116473 ], [ -99.181892084446801, 19.281230662035359 ], [ -99.175987549318961, 19.281236444136166 ], [ -99.173040381077499, 19.286094904454217 ] ] ] } },
{ "type": "Feature", "properties": { "alcaldia": "TLP", "clave": "TLP-304", "n": "304" }, "geometry": { "type": "Polygon", "coordinates": [ [ [ -99.164178472884785, 19.281247435962314 ], [ -99.167135668821075, 19.286100401857816 ], [ -99.173040381077499, 19.286094904454217 ], [ -99.175987549318961, 19.281236444136166 ], [ -99.173030182397653, 19.276383620246122 ], [ -99.167125818150026, 19.27638911466882 ], [ -99.164178472884785, 19.281247435962314 ] ] ] } },
{ "type": "Feature", "properties": { "alcaldia": "TLP", "clave": "TLP-305", "n": "305" }, "geometry": { "type": "Polygon", "coordinates": [ [ [ -99.155326238443408, 19.286110824133083 ], [ -99.158283263184998, 19.290963931995272 ], [ -99.164188152465982, 19.290958719444649 ], [ -99.167135668821075, 19.286100401857816 ], [ -99.164178472884785, 19.281247435962314 ], [ -99.158273931718227, 19.281252645687101 ], [ -99.155326238443408, 19.286110824133083 ] ] ] } },
{ "type": "Feature", "properties": { "alcaldia": "TLP", "clave": "TLP-306", "n": "306" }, "geometry": { "type": "Polygon", "coordinates": [ [ [ -99.146464843835517, 19.281262492758781 ], [ -99.149421520461942, 19.286115749004217 ], [ -99.155326238443408, 19.286110824133083 ], [ -99.158273931718227, 19.281252645687101 ], [ -99.155317083791545, 19.276399531292736 ], [ -99.149412713820411, 19.276404453493413 ], [ -99.146464843835517, 19.281262492758781 ] ] ] } },
{ "type": "Feature", "properties": { "alcaldia": "TLP", "clave": "TLP-307", "n": "307" }, "geometry": { "type": "Polygon", "coordinates": [ [ [ -99.137612079263164, 19.28612502621224 ], [ -99.140568584379679, 19.29097842426992 ], [ -99.146473479071943, 19.290973784408159 ], [ -99.149421520461942, 19.286115749004217 ], [ -99.146464843835517, 19.281262492758781 ], [ -99.140560297259128, 19.281267130105171 ], [ -99.137612079263164, 19.28612502621224 ] ] ] } },
{ "type": "Feature", "properties": { "alcaldia": "XOC", "clave": "XOC-101", "n": "101" }, "geometry": { "type": "Polygon", "coordinates": [ [ [ -99.128751199185658, 19.281275832417883 ], [ -99.131707356185629, 19.286129378548662 ], [ -99.137612079263164, 19.28612502621224 ], [ -99.140560297259128, 19.281267130105171 ], [ -99.137603968643745, 19.276413725670981 ], [ -99.131699593577949, 19.276418075647396 ], [ -99.128751199185658, 19.281275832417883 ] ] ] } },
{ "type": "Feature", "properties": { "alcaldia": "TLP", "clave": "TLP-308", "n": "308" }, "geometry": { "type": "Polygon", "coordinates": [ [ [ -99.119897905423741, 19.286137510685201 ], [ -99.122853890598662, 19.290991198473687 ], [ -99.128758790073135, 19.290987131302913 ], [ -99.131707356185629, 19.286129378548662 ], [ -99.128751199185658, 19.281275832417883 ], [ -99.122846647828382, 19.281279897383751 ], [ -99.119897905423741, 19.286137510685201 ] ] ] } },
{ "type": "Feature", "properties": { "alcaldia": "XOC", "clave": "XOC-102", "n": "102" }, "geometry": { "type": "Polygon", "coordinates": [ [ [ -99.111037540821997, 19.281287454933519 ], [ -99.113993177879166, 19.286141290484906 ], [ -99.119897905423741, 19.286137510685201 ], [ -99.122846647828382, 19.281279897383751 ], [ -99.119890838840746, 19.276426203374381 ], [ -99.113986459309089, 19.27642998112454 ], [ -99.111037540821997, 19.281287454933519 ] ] ] } },
{ "type": "Feature", "properties": { "alcaldia": "XOC", "clave": "XOC-103", "n": "103" }, "geometry": { "type": "Polygon", "coordinates": [ [ [ -99.102183718812157, 19.28614827754625 ], [ -99.105139183729193, 19.29100225460072 ], [ -99.111044087356788, 19.290998760122783 ], [ -99.113993177879166, 19.286141290484906 ], [ -99.111037540821997, 19.281287454933519 ], [ -99.105132985312707, 19.281290947517025 ], [ -99.102183718812157, 19.28614827754625 ] ] ] } },
{ "type": "Feature", "properties": { "alcaldia": "XOC", "clave": "XOC-104", "n": "104" }, "geometry": { "type": "Polygon", "coordinates": [ [ [ -99.093323870631252, 19.281297360300385 ], [ -99.0962789874295, 19.286151484807526 ], [ -99.102183718812157, 19.28614827754625 ], [ -99.105132985312707, 19.281290947517025 ], [ -99.10217769626901, 19.276436964397231 ], [ -99.096273312900337, 19.276440169919407 ], [ -99.093323870631252, 19.281297360300385 ] ] ] } },
{ "type": "Feature", "properties": { "alcaldia": "XOC", "clave": "XOC-105", "n": "105" }, "geometry": { "type": "Polygon", "coordinates": [ [ [ -99.08446952131537, 19.286157326790477 ], [ -99.087424465658515, 19.291011592645976 ], [ -99.09332937281016, 19.291008670862485 ], [ -99.0962789874295, 19.286151484807526 ], [ -99.093323870631252, 19.281297360300385 ], [ -99.087419311598865, 19.281300280499917 ], [ -99.08446952131537, 19.286157326790477 ] ] ] } },
{ "type": "Feature", "properties": { "alcaldia": "XOC", "clave": "XOC-106", "n": "106" }, "geometry": { "type": "Polygon", "coordinates": [ [ [ -99.075610190500171, 19.281305548513949 ], [ -99.078564786723661, 19.286159961511853 ], [ -99.08446952131537, 19.286157326790477 ], [ -99.087419311598865, 19.281300280499917 ], [ -99.084464542815041, 19.276446008734606 ], [ -99.078560156238169, 19.276448642027336 ], [ -99.075610190500171, 19.281305548513949 ] ] ] } },
{ "type": "Feature", "properties": { "alcaldia": "XOC", "clave": "XOC-107", "n": "107" }, "geometry": { "type": "Polygon", "coordinates": [ [ [ -99.066755314820412, 19.286164658413743 ], [ -99.069709738273929, 19.291019212605192 ], [ -99.075614648320496, 19.29101686351747 ], [ -99.078564786723661, 19.286159961511853 ], [ -99.075610190500171, 19.281305548513949 ], [ -99.069705628573629, 19.281307896328183 ], [ -99.066755314820412, 19.286164658413743 ] ] ] } },
{ "type": "Feature", "properties": { "alcaldia": "XOC", "clave": "XOC-108", "n": "108" }, "geometry": { "type": "Polygon", "coordinates": [ [ [ -99.057896502315501, 19.281312019570475 ], [ -99.060850577648665, 19.286166720594014 ], [ -99.066755314820412, 19.286164658413743 ], [ -99.069705628573629, 19.281307896328183 ], [ -99.066751380365332, 19.276453336382382 ], [ -99.060846991209118, 19.276455397444462 ], [ -99.057896502315501, 19.281312019570475 ] ] ] } },
{ "type": "Feature", "properties": { "alcaldia": "TLH", "clave": "TLH-052", "n": "052" }, "geometry": { "type": "Polygon", "coordinates": [ [ [ -99.0490411012143, 19.286170272412694 ], [ -99.051995003462636, 19.291025114474873 ], [ -99.057899915775081, 19.291023338083999 ], [ -99.060850577648665, 19.286166720594014 ], [ -99.057896502315501, 19.281312019570475 ], [ -99.051991938123706, 19.281313794998329 ], [ -99.0490411012143, 19.286170272412694 ] ] ] } },
{ "type": "Feature", "properties": { "alcaldia": "TLH", "clave": "TLH-053", "n": "053" }, "geometry": { "type": "Polygon", "coordinates": [ [ [ -99.04018280796403, 19.281316773466997 ], [ -99.043136362091502, 19.286171762050916 ], [ -99.0490411012143, 19.286170272412694 ], [ -99.051991938123706, 19.281313794998329 ], [ -99.049038210806401, 19.276458947337208 ], [ -99.043133819699648, 19.276460436167699 ], [ -99.04018280796403, 19.281316773466997 ] ] ] } },
{ "type": "Feature", "properties": { "alcaldia": "TLH", "clave": "TLH-054", "n": "054" }, "geometry": { "type": "Polygon", "coordinates": [ [ [ -99.03132688238405, 19.286174168784768 ], [ -99.034280263111967, 19.291029298252329 ], [ -99.04018517706119, 19.291028094559113 ], [ -99.043136362091502, 19.286171762050916 ], [ -99.04018280796403, 19.281316773466997 ], [ -99.034278242135898, 19.281317976507665 ], [ -99.03132688238405, 19.286174168784768 ] ] ] } },
{ "type": "Feature", "properties": { "alcaldia": "TLH", "clave": "TLH-055", "n": "055" }, "geometry": { "type": "Polygon", "coordinates": [ [ [ -99.022469109332505, 19.281319810201349 ], [ -99.025422141939202, 19.286175085880259 ], [ -99.03132688238405, 19.286174168784768 ], [ -99.034278242135898, 19.281317976507665 ], [ -99.031325036024711, 19.276462841596519 ], [ -99.025420643596291, 19.276463758194733 ], [ -99.022469109332505, 19.281319810201349 ] ] ] } },
{ "type": "Feature", "properties": { "alcaldia": "TLH", "clave": "TLH-056", "n": "056" }, "geometry": { "type": "Polygon", "coordinates": [ [ [ -99.013612660216666, 19.28617634752818 ], [ -99.016565519109179, 19.291031763935649 ], [ -99.022470434066079, 19.291031132940642 ], [ -99.025422141939202, 19.286175085880259 ], [ -99.022469109332505, 19.281319810201349 ], [ -99.016564542496951, 19.28132044085428 ], [ -99.013612660216666, 19.28617634752818 ] ] ] } },
{ "type": "Feature", "properties": { "alcaldia": "TLH", "clave": "TLH-057", "n": "057" }, "geometry": { "type": "Polygon", "coordinates": [ [ [ -99.004755408307688, 19.281321129772145 ], [ -99.007707919078783, 19.286176692080531 ], [ -99.013612660216666, 19.28617634752818 ], [ -99.016564542496951, 19.28132044085428 ], [ -99.013611857906824, 19.276465019158532 ], [ -99.00770746478554, 19.276465363524057 ], [ -99.004755408307688, 19.281321129772145 ] ] ] } },
{ "type": "Feature", "properties": { "alcaldia": "TLH", "clave": "TLH-058", "n": "058" }, "geometry": { "type": "Polygon", "coordinates": [ [ [ -98.995898436599191, 19.286176808641933 ], [ -98.998850773341559, 19.291032511523699 ], [ -99.004755688677037, 19.291032453227192 ], [ -99.007707919078783, 19.286176692080531 ], [ -99.004755408307688, 19.281321129772145 ], [ -98.998850841093656, 19.281321188037047 ], [ -98.995898436599191, 19.286176808641933 ] ] ] } },
{ "type": "Feature", "properties": { "alcaldia": "TLH", "clave": "TLH-059", "n": "059" }, "geometry": { "type": "Polygon", "coordinates": [ [ [ -98.987041706776353, 19.281320732178774 ], [ -98.989993695397288, 19.286176580650984 ], [ -98.995898436599191, 19.286176808641933 ], [ -98.998850841093656, 19.281321188037047 ], [ -98.995898678339231, 19.276465480022257 ], [ -98.989994285153927, 19.276465252154935 ], [ -98.987041706776353, 19.281320732178774 ] ] ] } },
{ "type": "Feature", "properties": { "alcaldia": "TLH", "clave": "TLH-060", "n": "060" }, "geometry": { "type": "Polygon", "coordinates": [ [ [ -98.978184213418643, 19.28617555212583 ], [ -98.981136027696365, 19.291031541016142 ], [ -98.987040942781348, 19.29103205541816 ], [ -98.989993695397288, 19.286176580650984 ], [ -98.987041706776353, 19.281320732178774 ], [ -98.981137139812759, 19.281320218055622 ], [ -98.978184213418643, 19.28617555212583 ] ] ] } },
{ "type": "Feature", "properties": { "alcaldia": "TLH", "clave": "TLH-061", "n": "061" }, "geometry": { "type": "Polygon", "coordinates": [ [ [ -98.969328006625247, 19.281318617421423 ], [ -98.972279472781707, 19.286174751591677 ], [ -98.978184213418643, 19.28617555212583 ], [ -98.981137139812759, 19.281320218055622 ], [ -98.978185499208422, 19.276464224187482 ], [ -98.972281106587957, 19.276463424087414 ], [ -98.969328006625247, 19.281318617421423 ] ] ] } },
{ "type": "Feature", "properties": { "alcaldia": "CUJ", "clave": "CUJ-020", "n": "020" }, "geometry": { "type": "Polygon", "coordinates": [ [ [ -99.350201133286873, 19.295552377999496 ], [ -99.353164033308374, 19.300402254829461 ], [ -99.359069169843877, 19.300390736674604 ], [ -99.362011057991182, 19.295529347931655 ], [ -99.359047990144859, 19.290679614837899 ], [ -99.353143201906107, 19.290691126751202 ], [ -99.350201133286873, 19.295552377999496 ] ] ] } },
{ "type": "Feature", "properties": { "alcaldia": "CUJ", "clave": "CUJ-021", "n": "021" }, "geometry": { "type": "Polygon", "coordinates": [ [ [ -99.341333612957982, 19.290713577930696 ], [ -99.344296164681069, 19.295563606632385 ], [ -99.350201133286873, 19.295552377999496 ], [ -99.353143201906107, 19.290691126751202 ], [ -99.350180482251673, 19.285841241670639 ], [ -99.344275861839463, 19.285852464217559 ], [ -99.341333612957982, 19.290713577930696 ] ] ] } },
{ "type": "Feature", "properties": { "alcaldia": "CUJ", "clave": "CUJ-022", "n": "022" }, "geometry": { "type": "Polygon", "coordinates": [ [ [ -99.332486215311675, 19.295585491093242 ], [ -99.335448598893677, 19.300435663377701 ], [ -99.341353747763392, 19.300424718181585 ], [ -99.344296164681069, 19.295563606632385 ], [ -99.341333612957996, 19.290713577930696 ], [ -99.335428812388372, 19.290724517195741 ], [ -99.332486215311675, 19.295585491093242 ] ] ] } },
{ "type": "Feature", "properties": { "alcaldia": "CUJ", "clave": "CUJ-023", "n": "023" }, "geometry": { "type": "Polygon", "coordinates": [ [ [ -99.323619199407531, 19.290745823073649 ], [ -99.326581234687879, 19.295596146920101 ], [ -99.332486215311675, 19.295585491093242 ], [ -99.335428812388372, 19.290724517195741 ], [ -99.332466608860571, 19.285874336816942 ], [ -99.326561976433609, 19.285884986868293 ], [ -99.323619199407531, 19.290745823073649 ] ] ] } },
{ "type": "Feature", "properties": { "alcaldia": "CUJ", "clave": "CUJ-024", "n": "024" }, "geometry": { "type": "Polygon", "coordinates": [ [ [ -99.314771261911602, 19.295616885763963 ], [ -99.31773312873473, 19.300467353039654 ], [ -99.323638289309457, 19.300456980807279 ], [ -99.326581234687879, 19.295596146920101 ], [ -99.323619199407531, 19.290745823073649 ], [ -99.317714387136078, 19.290756189685432 ], [ -99.314771261911602, 19.295616885763963 ] ] ] } },
{ "type": "Feature", "properties": { "alcaldia": "AOB", "clave": "AOB-014", "n": "014" }, "geometry": { "type": "Polygon", "coordinates": [ [ [ -99.305904751380567, 19.290776350252017 ], [ -99.308866269898928, 19.295626968779917 ], [ -99.314771261911602, 19.295616885763963 ], [ -99.317714387136078, 19.290756189685432 ], [ -99.314752700054186, 19.285905714471614 ], [ -99.30884805624143, 19.285915792022525 ], [ -99.305904751380567, 19.290776350252017 ] ] ] } },
{ "type": "Feature", "properties": { "alcaldia": "AOB", "clave": "AOB-015", "n": "015" }, "geometry": { "type": "Polygon", "coordinates": [ [ [ -99.297056274974054, 19.295646561997316 ], [ -99.300017624719146, 19.300497323800833 ], [ -99.305922796369657, 19.300487524536944 ], [ -99.308866269898928, 19.295626968779917 ], [ -99.305904751380567, 19.290776350252017 ], [ -99.2999999280363, 19.2907861442058 ], [ -99.297056274974054, 19.295646561997316 ] ] ] } },
{ "type": "Feature", "properties": { "alcaldia": "AOB", "clave": "AOB-016", "n": "016" }, "geometry": { "type": "Polygon", "coordinates": [ [ [ -99.28819027076419, 19.29080515945185 ], [ -99.291151272201603, 19.295656072197765 ], [ -99.297056274974054, 19.295646561997316 ], [ -99.2999999280363, 19.2907861442058 ], [ -99.297038757719363, 19.285935374620308 ], [ -99.291134103149773, 19.285944879666179 ], [ -99.28819027076419, 19.29080515945185 ] ] ] } },
{ "type": "Feature", "properties": { "alcaldia": "AOB", "clave": "AOB-017", "n": "017" }, "geometry": { "type": "Polygon", "coordinates": [ [ [ -99.279341256386331, 19.295674519779741 ], [ -99.282302088734511, 19.300525575647555 ], [ -99.288207270831634, 19.300516349356627 ], [ -99.291151272201603, 19.295656072197765 ], [ -99.28819027076419, 19.29080515945185 ], [ -99.282285436976139, 19.290814380743157 ], [ -99.279341256386331, 19.295674519779741 ] ] ] } },
{ "type": "Feature", "properties": { "alcaldia": "AOB", "clave": "AOB-018", "n": "018" }, "geometry": { "type": "Polygon", "coordinates": [ [ [ -99.270475759445503, 19.290832250659978 ], [ -99.27343624348326, 19.29568345716033 ], [ -99.279341256386331, 19.295674519779741 ], [ -99.282285436976139, 19.290814380743157 ], [ -99.279324783742979, 19.285963317249475 ], [ -99.273420119045483, 19.28597224978596 ], [ -99.270475759445503, 19.290832250659978 ] ] ] } },
{ "type": "Feature", "properties": { "alcaldia": "MAC", "clave": "MAC-046", "n": "046" }, "geometry": { "type": "Polygon", "coordinates": [ [ [ -99.261626208035864, 19.295700759098452 ], [ -99.26458652266848, 19.300552108566894 ], [ -99.270491714583002, 19.300543455253145 ], [ -99.27343624348326, 19.29568345716033 ], [ -99.270475759445503, 19.290832250659978 ], [ -99.264570915842725, 19.290840899284593 ], [ -99.261626208035864, 19.295700759098452 ] ] ] } },
{ "type": "Feature", "properties": { "alcaldia": "MAC", "clave": "MAC-047", "n": "047" }, "geometry": { "type": "Polygon", "coordinates": [ [ [ -99.252761219311679, 19.290857623864028 ], [ -99.255721185631288, 19.295709123655101 ], [ -99.261626208035864, 19.295700759098452 ], [ -99.264570915842725, 19.290840899284593 ], [ -99.261610780011878, 19.285989542346343 ], [ -99.255706105815463, 19.28599790236936 ], [ -99.252761219311679, 19.290857623864028 ] ] ] } },
{ "type": "Feature", "properties": { "alcaldia": "MAC", "clave": "MAC-048", "n": "048" }, "geometry": { "type": "Polygon", "coordinates": [ [ [ -99.243911131810009, 19.295725279941461 ], [ -99.246870928408725, 19.300576922546725 ], [ -99.252776129511417, 19.300568842214108 ], [ -99.255721185631288, 19.295709123655101 ], [ -99.252761219311679, 19.290857623864028 ], [ -99.246856366523204, 19.290865699817999 ], [ -99.243911131810009, 19.295725279941461 ] ] ] } },
{ "type": "Feature", "properties": { "alcaldia": "TLP", "clave": "TLP-309", "n": "309" }, "geometry": { "type": "Polygon", "coordinates": [ [ [ -99.235046652249821, 19.290881279052403 ], [ -99.238006100533099, 19.295733071670348 ], [ -99.243911131810009, 19.295725279941461 ], [ -99.246856366523204, 19.290865699817999 ], [ -99.243896748412936, 19.286014049898927 ], [ -99.237992065346575, 19.286021837404657 ], [ -99.235046652249821, 19.290881279052403 ] ] ] } },
{ "type": "Feature", "properties": { "alcaldia": "TLP", "clave": "TLP-310", "n": "310" }, "geometry": { "type": "Polygon", "coordinates": [ [ [ -99.226196029596238, 19.295748082297564 ], [ -99.229155307842873, 19.300600017575714 ], [ -99.235060517504522, 19.300592510227922 ], [ -99.238006100533099, 19.295733071670348 ], [ -99.235046652249821, 19.290881279052403 ], [ -99.22914179090472, 19.290888782332036 ], [ -99.226196029596238, 19.295748082297564 ] ] ] } },
{ "type": "Feature", "properties": { "alcaldia": "TLP", "clave": "TLP-311", "n": "311" }, "geometry": { "type": "Polygon", "coordinates": [ [ [ -99.217332060147129, 19.290903216214279 ], [ -99.220290990076109, 19.295755301195125 ], [ -99.226196029596238, 19.295748082297564 ], [ -99.22914179090472, 19.290888782332036 ], [ -99.226182690833113, 19.286036839896028 ], [ -99.220277999525777, 19.286044054880911 ], [ -99.217332060147129, 19.290903216214279 ] ] ] } },
{ "type": "Feature", "properties": { "alcaldia": "TLP", "clave": "TLP-312", "n": "312" }, "geometry": { "type": "Polygon", "coordinates": [ [ [ -99.208480903281966, 19.29576916615634 ], [ -99.211439662858652, 19.300621393643294 ], [ -99.217344880450014, 19.300614459283771 ], [ -99.220290990076109, 19.295755301195125 ], [ -99.217332060147129, 19.290903216214279 ], [ -99.21142719087446, 19.290910146816149 ], [ -99.208480903281966, 19.29576916615634 ] ] ] } },
{ "type": "Feature", "properties": { "alcaldia": "TLP", "clave": "TLP-313", "n": "313" }, "geometry": { "type": "Polygon", "coordinates": [ [ [ -99.199617444890791, 19.290923435339639 ], [ -99.202575856147774, 19.295775812219279 ], [ -99.208480903281966, 19.29576916615634 ], [ -99.21142719087446, 19.290910146816149 ], [ -99.208468609159311, 19.286057912327237 ], [ -99.202563910239945, 19.28606455478797 ], [ -99.199617444890791, 19.290923435339639 ] ] ] } },
{ "type": "Feature", "properties": { "alcaldia": "TLP", "clave": "TLP-314", "n": "314" }, "geometry": { "type": "Polygon", "coordinates": [ [ [ -99.190765754754636, 19.295788531508144 ], [ -99.193723995343746, 19.30064105073971 ], [ -99.199629220235579, 19.300634689371606 ], [ -99.202575856147774, 19.295775812219279 ], [ -99.199617444890791, 19.290923435339639 ], [ -99.193712568319611, 19.290929793260588 ], [ -99.190765754754636, 19.295788531508144 ] ] ] } },
{ "type": "Feature", "properties": { "alcaldia": "TLP", "clave": "TLP-315", "n": "315" }, "geometry": { "type": "Polygon", "coordinates": [ [ [ -99.181902808367994, 19.290941936419248 ], [ -99.184860700635511, 19.295794604733423 ], [ -99.190765754754636, 19.295788531508144 ], [ -99.193712568319611, 19.290929793260588 ], [ -99.190754505278449, 19.286077267182911 ], [ -99.184849799376067, 19.286083337116473 ], [ -99.181902808367994, 19.290941936419248 ] ] ] } },
{ "type": "Feature", "properties": { "alcaldia": "TLP", "clave": "TLP-316", "n": "316" }, "geometry": { "type": "Polygon", "coordinates": [ [ [ -99.173050585901706, 19.295806178344133 ], [ -99.176008307185882, 19.300658988855957 ], [ -99.181913538748944, 19.300653200482191 ], [ -99.184860700635511, 19.295794604733423 ], [ -99.181902808367994, 19.290941936419248 ], [ -99.17599792512739, 19.290947721656352 ], [ -99.173050585901706, 19.295806178344133 ] ] ] } },
{ "type": "Feature", "properties": { "alcaldia": "TLP", "clave": "TLP-317", "n": "317" }, "geometry": { "type": "Polygon", "coordinates": [ [ [ -99.164188152465982, 19.290958719444649 ], [ -99.167145525426832, 19.295811678728974 ], [ -99.173050585901706, 19.295806178344133 ], [ -99.17599792512739, 19.290947721656352 ], [ -99.173040381077499, 19.286094904454217 ], [ -99.167135668821075, 19.286100401857816 ], [ -99.164188152465982, 19.290958719444649 ] ] ] } },
{ "type": "Feature", "properties": { "alcaldia": "TLP", "clave": "TLP-318", "n": "318" }, "geometry": { "type": "Polygon", "coordinates": [ [ [ -99.155335398610646, 19.295822106656239 ], [ -99.158292600272759, 19.300675207983854 ], [ -99.164197837877836, 19.300669992607073 ], [ -99.167145525426832, 19.295811678728974 ], [ -99.164188152465982, 19.290958719444649 ], [ -99.158283263184998, 19.290963931995272 ], [ -99.155335398610646, 19.295822106656239 ] ] ] } },
{ "type": "Feature", "properties": { "alcaldia": "TLP", "clave": "TLP-319", "n": "319" }, "geometry": { "type": "Polygon", "coordinates": [ [ [ -99.146473479071943, 19.290973784408159 ], [ -99.149430332409182, 19.29582703419813 ], [ -99.155335398610646, 19.295822106656239 ], [ -99.158283263184998, 19.290963931995272 ], [ -99.155326238443408, 19.286110824133083 ], [ -99.149421520461942, 19.286115749004217 ], [ -99.146473479071943, 19.290973784408159 ] ] ] } },
{ "type": "Feature", "properties": { "alcaldia": "TLP", "clave": "TLP-320", "n": "320" }, "geometry": { "type": "Polygon", "coordinates": [ [ [ -99.137620194768971, 19.295836316437185 ], [ -99.140576876492148, 19.300689708115986 ], [ -99.146482119509983, 19.300685065738563 ], [ -99.149430332409182, 19.29582703419813 ], [ -99.146473479071943, 19.290973784408159 ], [ -99.140568584379679, 19.29097842426992 ], [ -99.137620194768971, 19.295836316437185 ] ] ] } },
{ "type": "Feature", "properties": { "alcaldia": "TLP", "clave": "TLP-321", "n": "321" }, "geometry": { "type": "Polygon", "coordinates": [ [ [ -99.128758790073135, 19.290987131302913 ], [ -99.131715123470059, 19.29584067113387 ], [ -99.137620194768971, 19.295836316437185 ], [ -99.140568584379679, 19.29097842426992 ], [ -99.137612079263164, 19.28612502621224 ], [ -99.131707356185629, 19.286129378548662 ], [ -99.128758790073135, 19.290987131302913 ] ] ] } },
{ "type": "Feature", "properties": { "alcaldia": "TLP", "clave": "TLP-322", "n": "322" }, "geometry": { "type": "Polygon", "coordinates": [ [ [ -99.119904976264138, 19.295848807680475 ], [ -99.122861137731775, 19.300702489245712 ], [ -99.128766385533112, 19.300698419869782 ], [ -99.131715123470059, 19.29584067113387 ], [ -99.128758790073135, 19.290987131302913 ], [ -99.122853890598662, 19.290991198473687 ], [ -99.119904976264138, 19.295848807680475 ] ] ] } },
{ "type": "Feature", "properties": { "alcaldia": "TLP", "clave": "TLP-323", "n": "323" }, "geometry": { "type": "Polygon", "coordinates": [ [ [ -99.111044087356788, 19.290998760122783 ], [ -99.113999900496964, 19.295852589529968 ], [ -99.119904976264138, 19.295848807680475 ], [ -99.122853890598662, 19.290991198473687 ], [ -99.119897905423741, 19.286137510685201 ], [ -99.113993177879166, 19.286141290484906 ], [ -99.111044087356788, 19.290998760122783 ] ] ] } },
{ "type": "Feature", "properties": { "alcaldia": "TLP", "clave": "TLP-324", "n": "324" }, "geometry": { "type": "Polygon", "coordinates": [ [ [ -99.102189744983676, 19.295859580380395 ], [ -99.10514538587941, 19.30071355136721 ], [ -99.111050637834992, 19.300710054994617 ], [ -99.113999900496964, 19.295852589529968 ], [ -99.111044087356788, 19.290998760122783 ], [ -99.105139183729193, 19.29100225460072 ], [ -99.102189744983676, 19.295859580380395 ] ] ] } },
{ "type": "Feature", "properties": { "alcaldia": "XOC", "clave": "XOC-109", "n": "109" }, "geometry": { "type": "Polygon", "coordinates": [ [ [ -99.09332937281016, 19.291008670862485 ], [ -99.096284665377397, 19.295862789380966 ], [ -99.102189744983676, 19.295859580380395 ], [ -99.105139183729193, 19.29100225460072 ], [ -99.102183718812157, 19.28614827754625 ], [ -99.0962789874295, 19.286151484807526 ], [ -99.09332937281016, 19.291008670862485 ] ] ] } },
{ "type": "Feature", "properties": { "alcaldia": "XOC", "clave": "XOC-110", "n": "110" }, "geometry": { "type": "Polygon", "coordinates": [ [ [ -99.084474502815084, 19.295868634532024 ], [ -99.087429622822825, 19.300722894475403 ], [ -99.093334878303395, 19.300719971107764 ], [ -99.096284665377397, 19.295862789380966 ], [ -99.09332937281016, 19.291008670862485 ], [ -99.087424465658515, 19.291011592645976 ], [ -99.084474502815084, 19.295868634532024 ] ] ] } },
{ "type": "Feature", "properties": { "alcaldia": "XOC", "clave": "XOC-111", "n": "111" }, "geometry": { "type": "Polygon", "coordinates": [ [ [ -99.075614648320496, 19.29101686351747 ], [ -99.078569419998885, 19.295871270682213 ], [ -99.084474502815084, 19.295868634532024 ], [ -99.087424465658515, 19.291011592645976 ], [ -99.08446952131537, 19.286157326790477 ], [ -99.078564786723661, 19.286159961511853 ], [ -99.075614648320496, 19.29101686351747 ] ] ] } },
{ "type": "Feature", "properties": { "alcaldia": "IZP", "clave": "IZP-001", "n": "001" }, "geometry": { "type": "Polygon", "coordinates": [ [ [ -99.066759251645891, 19.295875970131231 ], [ -99.069713850449787, 19.300730518566034 ], [ -99.075619108826075, 19.300728168204675 ], [ -99.078569419998885, 19.295871270682213 ], [ -99.075614648320496, 19.29101686351747 ], [ -99.069709738273929, 19.291019212605192 ], [ -99.066759251645891, 19.295875970131231 ] ] ] } },
{ "type": "Feature", "properties": { "alcaldia": "IZP", "clave": "IZP-002", "n": "002" }, "geometry": { "type": "Polygon", "coordinates": [ [ [ -99.057899915775081, 19.291023338083999 ], [ -99.06085416624893, 19.29587803342983 ], [ -99.066759251645891, 19.295875970131231 ], [ -99.069709738273929, 19.291019212605192 ], [ -99.066755314820412, 19.286164658413743 ], [ -99.060850577648665, 19.286166720594014 ], [ -99.057899915775081, 19.291023338083999 ] ] ] } },
{ "type": "Feature", "properties": { "alcaldia": "TLH", "clave": "TLH-062", "n": "062" }, "geometry": { "type": "Polygon", "coordinates": [ [ [ -99.049043993363597, 19.295881587174655 ], [ -99.05199807064804, 19.300736423635623 ], [ -99.057903331290831, 19.300734646281615 ], [ -99.06085416624893, 19.29587803342983 ], [ -99.057899915775081, 19.291023338083999 ], [ -99.051995003462636, 19.291025114474873 ], [ -99.049043993363597, 19.295881587174655 ] ] ] } },
{ "type": "Feature", "properties": { "alcaldia": "TLH", "clave": "TLH-063", "n": "063" }, "geometry": { "type": "Polygon", "coordinates": [ [ [ -99.04018517706119, 19.291028094559113 ], [ -99.043138906015059, 19.295883077620712 ], [ -99.049043993363597, 19.295881587174655 ], [ -99.051995003462636, 19.291025114474873 ], [ -99.0490411012143, 19.286170272412694 ], [ -99.043136362091502, 19.286171762050916 ], [ -99.04018517706119, 19.291028094559113 ] ] ] } },
{ "type": "Feature", "properties": { "alcaldia": "TLH", "clave": "TLH-064", "n": "064" }, "geometry": { "type": "Polygon", "coordinates": [ [ [ -99.031328729855758, 19.295885485659731 ], [ -99.034282285305409, 19.300740609681455 ], [ -99.040187547585418, 19.300739405335612 ], [ -99.043138906015059, 19.295883077620712 ], [ -99.04018517706119, 19.291028094559113 ], [ -99.034280263111967, 19.291029298252329 ], [ -99.031328729855758, 19.295885485659731 ] ] ] } },
{ "type": "Feature", "properties": { "alcaldia": "TLH", "clave": "TLH-065", "n": "065" }, "geometry": { "type": "Polygon", "coordinates": [ [ [ -99.022470434066079, 19.291031132940642 ], [ -99.025423641184815, 19.29588640325257 ], [ -99.031328729855758, 19.295885485659731 ], [ -99.034280263111967, 19.291029298252329 ], [ -99.03132688238405, 19.286174168784768 ], [ -99.025422141939202, 19.286175085880259 ], [ -99.022470434066079, 19.291031132940642 ] ] ] } },
{ "type": "Feature", "properties": { "alcaldia": "TLH", "clave": "TLH-066", "n": "066" }, "geometry": { "type": "Polygon", "coordinates": [ [ [ -99.013613463009889, 19.295887665584676 ], [ -99.016566496309679, 19.300743076701622 ], [ -99.02247175959765, 19.300742445364506 ], [ -99.025423641184815, 19.29588640325257 ], [ -99.022470434066079, 19.291031132940642 ], [ -99.016565519109179, 19.291031763935649 ], [ -99.013613463009889, 19.295887665584676 ] ] ] } },
{ "type": "Feature", "properties": { "alcaldia": "TLH", "clave": "TLH-067", "n": "067" }, "geometry": { "type": "Polygon", "coordinates": [ [ [ -99.004755688677037, 19.291032453227192 ], [ -99.007708373645727, 19.295888010323882 ], [ -99.013613463009889, 19.295887665584676 ], [ -99.016565519109179, 19.291031763935649 ], [ -99.013612660216666, 19.28617634752818 ], [ -99.007707919078783, 19.286176692080531 ], [ -99.004755688677037, 19.291032453227192 ] ] ] } },
{ "type": "Feature", "properties": { "alcaldia": "TLH", "clave": "TLH-068", "n": "068" }, "geometry": { "type": "Polygon", "coordinates": [ [ [ -98.995898194713533, 19.295888126948498 ], [ -98.998850705548634, 19.300743824695004 ], [ -99.004755969215282, 19.300743766366889 ], [ -99.007708373645727, 19.295888010323882 ], [ -99.004755688677037, 19.291032453227192 ], [ -98.998850773341559, 19.291032511523699 ], [ -98.995898194713533, 19.295888126948498 ] ] ] } },
{ "type": "Feature", "properties": { "alcaldia": "TLH", "clave": "TLH-069", "n": "069" }, "geometry": { "type": "Polygon", "coordinates": [ [ [ -98.987040942781348, 19.29103205541816 ], [ -98.989993105285322, 19.295887898833911 ], [ -98.995898194713533, 19.295888126948498 ], [ -98.998850773341559, 19.291032511523699 ], [ -98.995898436599191, 19.286176808641933 ], [ -98.989993695397288, 19.286176580650984 ], [ -98.987040942781348, 19.29103205541816 ] ] ] } },
{ "type": "Feature", "properties": { "alcaldia": "TLH", "clave": "TLH-070", "n": "070" }, "geometry": { "type": "Polygon", "coordinates": [ [ [ -98.978182926854203, 19.29588686975098 ], [ -98.981134914910058, 19.300742853661259 ], [ -98.987040178326126, 19.300743368342179 ], [ -98.989993105285322, 19.295887898833911 ], [ -98.987040942781348, 19.29103205541816 ], [ -98.981136027696365, 19.291031541016142 ], [ -98.978182926854203, 19.29588686975098 ] ] ] } },
{ "type": "Feature", "properties": { "alcaldia": "TLH", "clave": "TLH-071", "n": "071" }, "geometry": { "type": "Polygon", "coordinates": [ [ [ -98.969326198266259, 19.291029939513731 ], [ -98.972277837991129, 19.2958860687827 ], [ -98.978182926854203, 19.29588686975098 ], [ -98.981136027696365, 19.291031541016142 ], [ -98.978184213418643, 19.28617555212583 ], [ -98.972279472781707, 19.286174751591677 ], [ -98.969326198266259, 19.291029939513731 ] ] ] } },
{ "type": "Feature", "properties": { "alcaldia": "TLH", "clave": "TLH-072", "n": "072" }, "geometry": { "type": "Polygon", "coordinates": [ [ [ -98.96046766131947, 19.295883893992706 ], [ -98.963419126281735, 19.300740163600825 ], [ -98.969324388817967, 19.300741251290539 ], [ -98.972277837991129, 19.2958860687827 ], [ -98.969326198266259, 19.291029939513731 ], [ -98.963421284060885, 19.291028852413422 ], [ -98.96046766131947, 19.295883893992706 ] ] ] } },
{ "type": "Feature", "properties": { "alcaldia": "CUJ", "clave": "CUJ-025", "n": "025" }, "geometry": { "type": "Polygon", "coordinates": [ [ [ -99.35022179675947, 19.305263503990041 ], [ -99.353184877254591, 19.310113372566931 ], [ -99.359090362296584, 19.310101848169811 ], [ -99.362032418266992, 19.305240461438384 ], [ -99.359069169843877, 19.300390736674604 ], [ -99.353164033308374, 19.300402254829461 ], [ -99.35022179675947, 19.305263503990041 ] ] ] } },
{ "type": "Feature", "properties": { "alcaldia": "CUJ", "clave": "CUJ-026", "n": "026" }, "geometry": { "type": "Polygon", "coordinates": [ [ [ -99.341353747763378, 19.300424718181585 ], [ -99.344316479750361, 19.305274738709592 ], [ -99.35022179675947, 19.305263503990041 ], [ -99.353164033308374, 19.300402254829461 ], [ -99.350201133286873, 19.295552377999496 ], [ -99.344296164681069, 19.295563606632385 ], [ -99.341353747763378, 19.300424718181585 ] ] ] } },
{ "type": "Feature", "properties": { "alcaldia": "CUJ", "clave": "CUJ-027", "n": "027" }, "geometry": { "type": "Polygon", "coordinates": [ [ [ -99.332505833571062, 19.305296635033269 ], [ -99.335468397313733, 19.310146799220938 ], [ -99.341373894693263, 19.310135848093065 ], [ -99.344316479750361, 19.305274738709592 ], [ -99.341353747763392, 19.300424718181585 ], [ -99.335448598893677, 19.300435663377701 ], [ -99.332505833571062, 19.305296635033269 ] ] ] } },
{ "type": "Feature", "properties": { "alcaldia": "CUJ", "clave": "CUJ-028", "n": "028" }, "geometry": { "type": "Polygon", "coordinates": [ [ [ -99.323638289309457, 19.300456980807279 ], [ -99.326600504540707, 19.305307296636293 ], [ -99.332505833571062, 19.305296635033269 ], [ -99.335448598893677, 19.300435663377701 ], [ -99.332486215311675, 19.295585491093242 ], [ -99.326581234687879, 19.295596146920101 ], [ -99.323638289309457, 19.300456980807279 ] ] ] } },
{ "type": "Feature", "properties": { "alcaldia": "CUJ", "clave": "CUJ-029", "n": "029" }, "geometry": { "type": "Polygon", "coordinates": [ [ [ -99.314789834948215, 19.305328046721986 ], [ -99.317751881618932, 19.310178506057113 ], [ -99.323657390706643, 19.310168128203504 ], [ -99.326600504540707, 19.305307296636293 ], [ -99.323638289309457, 19.300456980807279 ], [ -99.31773312873473, 19.300467353039654 ], [ -99.314789834948215, 19.305328046721986 ] ] ] } },
{ "type": "Feature", "properties": { "alcaldia": "AOB", "clave": "AOB-019", "n": "019" }, "geometry": { "type": "Polygon", "coordinates": [ [ [ -99.305922796369657, 19.300487524536944 ], [ -99.308884494525898, 19.305338135203602 ], [ -99.314789834948215, 19.305328046721986 ], [ -99.31773312873473, 19.300467353039654 ], [ -99.314771261911602, 19.295616885763963 ], [ -99.308866269898928, 19.295626968779917 ], [ -99.305922796369657, 19.300487524536944 ] ] ] } },
{ "type": "Feature", "properties": { "alcaldia": "AOB", "clave": "AOB-020", "n": "020" }, "geometry": { "type": "Polygon", "coordinates": [ [ [ -99.297073802778769, 19.305357739041831 ], [ -99.300035332058314, 19.310208493060966 ], [ -99.305940852224836, 19.310198688486359 ], [ -99.308884494525898, 19.305338135203602 ], [ -99.305922796369657, 19.300487524536944 ], [ -99.300017624719146, 19.300497323800833 ], [ -99.297073802778769, 19.305357739041831 ] ] ] } },
{ "type": "Feature", "properties": { "alcaldia": "AOB", "clave": "AOB-021", "n": "021" }, "geometry": { "type": "Polygon", "coordinates": [ [ [ -99.288207270831634, 19.300516349356627 ], [ -99.291168451593791, 19.305367254397439 ], [ -99.297073802778769, 19.305357739041831 ], [ -99.300017624719146, 19.300497323800833 ], [ -99.297056274974054, 19.295646561997316 ], [ -99.291151272201603, 19.295656072197765 ], [ -99.288207270831634, 19.300516349356627 ] ] ] } },
{ "type": "Feature", "properties": { "alcaldia": "AOB", "clave": "AOB-022", "n": "022" }, "geometry": { "type": "Polygon", "coordinates": [ [ [ -99.279357738950608, 19.305385711979238 ], [ -99.282318750520005, 19.310236760218789 ], [ -99.288224281135967, 19.310227528927665 ], [ -99.291168451593791, 19.305367254397439 ], [ -99.288207270831634, 19.300516349356627 ], [ -99.282302088734511, 19.300525575647555 ], [ -99.279357738950608, 19.305385711979238 ] ] ] } },
{ "type": "Feature", "properties": { "alcaldia": "AOB", "clave": "AOB-023", "n": "023" }, "geometry": { "type": "Polygon", "coordinates": [ [ [ -99.270491714583002, 19.300543455253145 ], [ -99.273452377632239, 19.305394654204488 ], [ -99.279357738950608, 19.305385711979238 ], [ -99.282302088734511, 19.300525575647555 ], [ -99.279341256386331, 19.295674519779741 ], [ -99.27343624348326, 19.29568345716033 ], [ -99.270491714583002, 19.300543455253145 ] ] ] } },
{ "type": "Feature", "properties": { "alcaldia": "MAC", "clave": "MAC-049", "n": "049" }, "geometry": { "type": "Polygon", "coordinates": [ [ [ -99.261641645351645, 19.305411965521412 ], [ -99.264602138892144, 19.310263307517669 ], [ -99.270507679328162, 19.310254649514246 ], [ -99.273452377632239, 19.305394654204488 ], [ -99.270491714583002, 19.300543455253145 ], [ -99.26458652266848, 19.300552108566894 ], [ -99.261641645351645, 19.305411965521412 ] ] ] } },
{ "type": "Feature", "properties": { "alcaldia": "MAC", "clave": "MAC-050", "n": "050" }, "geometry": { "type": "Polygon", "coordinates": [ [ [ -99.252776129511417, 19.300568842214108 ], [ -99.255736274529198, 19.305420334612215 ], [ -99.261641645351645, 19.305411965521412 ], [ -99.26458652266848, 19.300552108566894 ], [ -99.261626208035864, 19.295700759098452 ], [ -99.255721185631288, 19.295709123655101 ], [ -99.252776129511417, 19.300568842214108 ] ] ] } },
{ "type": "Feature", "properties": { "alcaldia": "MAC", "clave": "MAC-051", "n": "051" }, "geometry": { "type": "Polygon", "coordinates": [ [ [ -99.243925523869748, 19.305436499656363 ], [ -99.246885499062927, 19.310288134945466 ], [ -99.252791048689602, 19.3102800502337 ], [ -99.255736274529198, 19.305420334612215 ], [ -99.252776129511417, 19.300568842214108 ], [ -99.246870928408725, 19.300576922546725 ], [ -99.243925523869748, 19.305436499656363 ] ] ] } },
{ "type": "Feature", "properties": { "alcaldia": "MAC", "clave": "MAC-052", "n": "052" }, "geometry": { "type": "Polygon", "coordinates": [ [ [ -99.235060517504522, 19.300592510227922 ], [ -99.238020144172552, 19.305444295608897 ], [ -99.243925523869748, 19.305436499656363 ], [ -99.246870928408725, 19.300576922546725 ], [ -99.243911131810009, 19.295725279941461 ], [ -99.238006100533099, 19.295733071670348 ], [ -99.235060517504522, 19.300592510227922 ] ] ] } },
{ "type": "Feature", "properties": { "alcaldia": "MAC", "clave": "MAC-053", "n": "053" }, "geometry": { "type": "Polygon", "coordinates": [ [ [ -99.226209376392873, 19.305459314372875 ], [ -99.229168832920493, 19.310311242490826 ], [ -99.235074391108441, 19.310303731074423 ], [ -99.238020144172552, 19.305444295608897 ], [ -99.235060517504522, 19.300592510227922 ], [ -99.229155307842873, 19.300600017575714 ], [ -99.226209376392873, 19.305459314372875 ] ] ] } },
{ "type": "Feature", "properties": { "alcaldia": "TLP", "clave": "TLP-325", "n": "325" }, "geometry": { "type": "Polygon", "coordinates": [ [ [ -99.217344880450014, 19.300614459283771 ], [ -99.22030398845024, 19.305466537183566 ], [ -99.226209376392873, 19.305459314372875 ], [ -99.229155307842873, 19.300600017575714 ], [ -99.226196029596238, 19.295748082297564 ], [ -99.220290990076109, 19.295755301195125 ], [ -99.217344880450014, 19.300614459283771 ] ] ] } },
{ "type": "Feature", "properties": { "alcaldia": "TLP", "clave": "TLP-326", "n": "326" }, "geometry": { "type": "Polygon", "coordinates": [ [ [ -99.208493204808988, 19.305480409660518 ], [ -99.211452142353068, 19.310332630143197 ], [ -99.217357708472875, 19.310325692025579 ], [ -99.22030398845024, 19.305466537183566 ], [ -99.217344880450014, 19.300614459283771 ], [ -99.211439662858652, 19.300621393643294 ], [ -99.208493204808988, 19.305480409660518 ] ] ] } },
{ "type": "Feature", "properties": { "alcaldia": "TLP", "clave": "TLP-327", "n": "327" }, "geometry": { "type": "Polygon", "coordinates": [ [ [ -99.199629220235579, 19.300634689371606 ], [ -99.202587809250218, 19.305487059326076 ], [ -99.208493204808988, 19.305480409660518 ], [ -99.211439662858652, 19.300621393643294 ], [ -99.208480903281966, 19.29576916615634 ], [ -99.202575856147774, 19.295775812219279 ], [ -99.199629220235579, 19.300634689371606 ] ] ] } },
{ "type": "Feature", "properties": { "alcaldia": "COY", "clave": "COY-001", "n": "001" }, "geometry": { "type": "Polygon", "coordinates": [ [ [ -99.19077701100602, 19.305499785509657 ], [ -99.193735429248861, 19.310352297892802 ], [ -99.199641002671129, 19.310345933077144 ], [ -99.202587809250218, 19.305487059326076 ], [ -99.199629220235579, 19.300634689371606 ], [ -99.193723995343746, 19.30064105073971 ], [ -99.19077701100602, 19.305499785509657 ] ] ] } },
{ "type": "Feature", "properties": { "alcaldia": "TLP", "clave": "TLP-328", "n": "328" }, "geometry": { "type": "Polygon", "coordinates": [ [ [ -99.181913538748944, 19.300653200482191 ], [ -99.184871608460455, 19.305505862027026 ], [ -99.19077701100602, 19.305499785509657 ], [ -99.193723995343746, 19.30064105073971 ], [ -99.190765754754636, 19.295788531508144 ], [ -99.184860700635511, 19.295794604733423 ], [ -99.181913538748944, 19.300653200482191 ] ] ] } },
{ "type": "Feature", "properties": { "alcaldia": "COY", "clave": "COY-002", "n": "002" }, "geometry": { "type": "Polygon", "coordinates": [ [ [ -99.173060796871965, 19.305517441911419 ], [ -99.176018695496097, 19.310370245730642 ], [ -99.181924275591399, 19.310364454219858 ], [ -99.184871608460455, 19.305505862027026 ], [ -99.181913538748944, 19.300653200482191 ], [ -99.176008307185882, 19.300658988855957 ], [ -99.173060796871965, 19.305517441911419 ] ] ] } },
{ "type": "Feature", "properties": { "alcaldia": "TLP", "clave": "TLP-329", "n": "329" }, "geometry": { "type": "Polygon", "coordinates": [ [ [ -99.164197837877836, 19.300669992607073 ], [ -99.167155387968904, 19.30552294527784 ], [ -99.173060796871965, 19.305517441911419 ], [ -99.176008307185882, 19.300658988855957 ], [ -99.173050585901706, 19.295806178344133 ], [ -99.167145525426832, 19.295811678728974 ], [ -99.164197837877836, 19.300669992607073 ] ] ] } },
{ "type": "Feature", "properties": { "alcaldia": "COY", "clave": "COY-003", "n": "003" }, "geometry": { "type": "Polygon", "coordinates": [ [ [ -99.155344564294793, 19.305533378857746 ], [ -99.158301942983002, 19.310386473648524 ], [ -99.164207529121953, 19.310381255445257 ], [ -99.167155387968904, 19.30552294527784 ], [ -99.164197837877836, 19.300669992607073 ], [ -99.158292600272759, 19.300675207983854 ], [ -99.155344564294793, 19.305533378857746 ] ] ] } },
{ "type": "Feature", "properties": { "alcaldia": "COY", "clave": "COY-004", "n": "004" }, "geometry": { "type": "Polygon", "coordinates": [ [ [ -99.146482119509983, 19.300685065738563 ], [ -99.149439149663579, 19.305538309070702 ], [ -99.155344564294793, 19.305533378857746 ], [ -99.158292600272759, 19.300675207983854 ], [ -99.155335398610646, 19.295822106656239 ], [ -99.149430332409182, 19.29582703419813 ], [ -99.146482119509983, 19.300685065738563 ] ] ] } },
{ "type": "Feature", "properties": { "alcaldia": "COY", "clave": "COY-005", "n": "005" }, "geometry": { "type": "Polygon", "coordinates": [ [ [ -99.137628315162502, 19.305547596341359 ], [ -99.140585173597856, 19.310400981639024 ], [ -99.146490765151, 19.310396336745658 ], [ -99.149439149663579, 19.305538309070702 ], [ -99.146482119509983, 19.300685065738563 ], [ -99.140576876492148, 19.300689708115986 ], [ -99.137628315162502, 19.305547596341359 ] ] ] } },
{ "type": "Feature", "properties": { "alcaldia": "TLP", "clave": "TLP-330", "n": "330" }, "geometry": { "type": "Polygon", "coordinates": [ [ [ -99.128766385533112, 19.300698419869782 ], [ -99.131722895432475, 19.305551953398588 ], [ -99.137628315162502, 19.305547596341359 ], [ -99.140576876492148, 19.300689708115986 ], [ -99.137620194768971, 19.295836316437185 ], [ -99.131715123470059, 19.29584067113387 ], [ -99.128766385533112, 19.300698419869782 ] ] ] } },
{ "type": "Feature", "properties": { "alcaldia": "COY", "clave": "COY-006", "n": "006" }, "geometry": { "type": "Polygon", "coordinates": [ [ [ -99.119912051363087, 19.305560094355748 ], [ -99.122868389228884, 19.310413769695508 ], [ -99.128773985566838, 19.310409698114174 ], [ -99.131722895432475, 19.305551953398588 ], [ -99.128766385533112, 19.300698419869782 ], [ -99.122861137731775, 19.300702489245712 ], [ -99.119912051363087, 19.305560094355748 ] ] ] } },
{ "type": "Feature", "properties": { "alcaldia": "TLP", "clave": "TLP-331", "n": "331" }, "geometry": { "type": "Polygon", "coordinates": [ [ [ -99.111050637834992, 19.300710054994617 ], [ -99.11400662716359, 19.30556387825526 ], [ -99.119912051363087, 19.305560094355748 ], [ -99.122861137731775, 19.300702489245712 ], [ -99.119904976264138, 19.295848807680475 ], [ -99.113999900496964, 19.295852589529968 ], [ -99.111050637834992, 19.300710054994617 ] ] ] } },
{ "type": "Feature", "properties": { "alcaldia": "COY", "clave": "COY-007", "n": "007" }, "geometry": { "type": "Polygon", "coordinates": [ [ [ -99.102195774784576, 19.305570872895203 ], [ -99.105151591764383, 19.310424837812139 ], [ -99.111057192257704, 19.310421339544689 ], [ -99.11400662716359, 19.30556387825526 ], [ -99.111050637834992, 19.300710054994617 ], [ -99.10514538587941, 19.30071355136721 ], [ -99.102195774784576, 19.305570872895203 ] ] ] } },
{ "type": "Feature", "properties": { "alcaldia": "XOC", "clave": "XOC-112", "n": "112" }, "geometry": { "type": "Polygon", "coordinates": [ [ [ -99.093334878303395, 19.300719971107764 ], [ -99.096290346744937, 19.305574083635275 ], [ -99.102195774784576, 19.305570872895203 ], [ -99.10514538587941, 19.30071355136721 ], [ -99.102189744983676, 19.295859580380395 ], [ -99.096284665377397, 19.295862789380966 ], [ -99.093334878303395, 19.300719971107764 ] ] ] } },
{ "type": "Feature", "properties": { "alcaldia": "XOC", "clave": "XOC-113", "n": "113" }, "geometry": { "type": "Polygon", "coordinates": [ [ [ -99.084479487315008, 19.305579931954803 ], [ -99.087434783092604, 19.310434185983855 ], [ -99.093340387111866, 19.310431261031887 ], [ -99.096290346744937, 19.305574083635275 ], [ -99.093334878303395, 19.300719971107764 ], [ -99.087429622822825, 19.300722894475403 ], [ -99.084479487315008, 19.305579931954803 ] ] ] } },
{ "type": "Feature", "properties": { "alcaldia": "IZP", "clave": "IZP-003", "n": "003" }, "geometry": { "type": "Polygon", "coordinates": [ [ [ -99.075619108826075, 19.300728168204675 ], [ -99.078574056064568, 19.305582569533964 ], [ -99.084479487315008, 19.305579931954803 ], [ -99.087429622822825, 19.300722894475403 ], [ -99.084474502815084, 19.295868634532024 ], [ -99.078569419998885, 19.295871270682213 ], [ -99.075619108826075, 19.300728168204675 ] ] ] } },
{ "type": "Feature", "properties": { "alcaldia": "IZP", "clave": "IZP-004", "n": "004" }, "geometry": { "type": "Polygon", "coordinates": [ [ [ -99.06676319084238, 19.305587271530399 ], [ -99.069717965101859, 19.310441814206378 ], [ -99.075623572017648, 19.310439462571235 ], [ -99.078574056064568, 19.305582569533964 ], [ -99.075619108826075, 19.300728168204675 ], [ -99.069713850449787, 19.300730518566034 ], [ -99.06676319084238, 19.305587271530399 ] ] ] } },
{ "type": "Feature", "properties": { "alcaldia": "IZP", "clave": "IZP-005", "n": "005" }, "geometry": { "type": "Polygon", "coordinates": [ [ [ -99.057903331290831, 19.300734646281615 ], [ -99.060857757010496, 19.305589335947438 ], [ -99.06676319084238, 19.305587271530399 ], [ -99.069713850449787, 19.300730518566034 ], [ -99.066759251645891, 19.295875970131231 ], [ -99.06085416624893, 19.29587803342983 ], [ -99.057903331290831, 19.300734646281615 ] ] ] } },
{ "type": "Feature", "properties": { "alcaldia": "TLH", "clave": "TLH-073", "n": "073" }, "geometry": { "type": "Polygon", "coordinates": [ [ [ -99.049046887254747, 19.305592891618641 ], [ -99.052001139680399, 19.310447722476226 ], [ -99.057906748863289, 19.310445944158975 ], [ -99.060857757010496, 19.305589335947438 ], [ -99.057903331290831, 19.300734646281615 ], [ -99.05199807064804, 19.300736423635623 ], [ -99.049046887254747, 19.305592891618641 ] ] ] } },
{ "type": "Feature", "properties": { "alcaldia": "TLH", "clave": "TLH-074", "n": "074" }, "geometry": { "type": "Polygon", "coordinates": [ [ [ -99.040187547585418, 19.300739405335612 ], [ -99.04314145147076, 19.305594382872624 ], [ -99.049046887254747, 19.305592891618641 ], [ -99.05199807064804, 19.300736423635623 ], [ -99.049043993363597, 19.295881587174655 ], [ -99.043138906015059, 19.295883077620712 ], [ -99.040187547585418, 19.300739405335612 ] ] ] } },
{ "type": "Feature", "properties": { "alcaldia": "TLH", "clave": "TLH-075", "n": "075" }, "geometry": { "type": "Polygon", "coordinates": [ [ [ -99.031330578440148, 19.305596792216967 ], [ -99.034284308716565, 19.310451910790697 ], [ -99.040189919537099, 19.31045070579216 ], [ -99.04314145147076, 19.305594382872624 ], [ -99.040187547585418, 19.300739405335612 ], [ -99.034282285305409, 19.300740609681455 ], [ -99.031330578440148, 19.305596792216967 ] ] ] } },
{ "type": "Feature", "properties": { "alcaldia": "TLH", "clave": "TLH-076", "n": "076" }, "geometry": { "type": "Polygon", "coordinates": [ [ [ -99.02247175959765, 19.300742445364506 ], [ -99.025425141333386, 19.305597710307197 ], [ -99.031330578440148, 19.305596792216967 ], [ -99.034282285305409, 19.300740609681455 ], [ -99.031328729855758, 19.295885485659731 ], [ -99.025423641184815, 19.29588640325257 ], [ -99.02247175959765, 19.300742445364506 ] ] ] } },
{ "type": "Feature", "properties": { "alcaldia": "TLH", "clave": "TLH-077", "n": "077" }, "geometry": { "type": "Polygon", "coordinates": [ [ [ -99.013614266286595, 19.30559897332358 ], [ -99.016567474098622, 19.310454379147874 ], [ -99.022473085927402, 19.3104537474686 ], [ -99.025425141333386, 19.305597710307197 ], [ -99.02247175959765, 19.300742445364506 ], [ -99.016566496309679, 19.300743076701622 ], [ -99.013614266286595, 19.30559897332358 ] ] ] } },
{ "type": "Feature", "properties": { "alcaldia": "TLH", "clave": "TLH-078", "n": "078" }, "geometry": { "type": "Polygon", "coordinates": [ [ [ -99.004755969215282, 19.300743766366889 ], [ -99.007708828486443, 19.305599318249651 ], [ -99.013614266286595, 19.30559897332358 ], [ -99.016566496309679, 19.300743076701622 ], [ -99.013613463009889, 19.295887665584676 ], [ -99.007708373645727, 19.295888010323882 ], [ -99.004755969215282, 19.300743766366889 ] ] ] } },
{ "type": "Feature", "properties": { "alcaldia": "TLH", "clave": "TLH-079", "n": "079" }, "geometry": { "type": "Polygon", "coordinates": [ [ [ -98.995897952682185, 19.305599434937491 ], [ -98.998850637714881, 19.310455127546632 ], [ -99.004756249922451, 19.310455069186904 ], [ -99.007708828486443, 19.305599318249651 ], [ -99.004755969215282, 19.300743766366889 ], [ -98.998850705548634, 19.300743824695004 ], [ -98.995897952682185, 19.305599434937491 ] ] ] } },
{ "type": "Feature", "properties": { "alcaldia": "TLH", "clave": "TLH-080", "n": "080" }, "geometry": { "type": "Polygon", "coordinates": [ [ [ -98.987040178326126, 19.300743368342179 ], [ -98.989992514817956, 19.305599206699242 ], [ -98.995897952682185, 19.305599434937491 ], [ -98.998850705548634, 19.300743824695004 ], [ -98.995898194713533, 19.295888126948498 ], [ -98.989993105285322, 19.295887898833911 ], [ -98.987040178326126, 19.300743368342179 ] ] ] } },
{ "type": "Feature", "properties": { "alcaldia": "TLH", "clave": "TLH-081", "n": "081" }, "geometry": { "type": "Polygon", "coordinates": [ [ [ -98.978181639514915, 19.305598177058489 ], [ -98.981133801453666, 19.31045415598663 ], [ -98.987039413410585, 19.310454670946481 ], [ -98.989992514817956, 19.305599206699242 ], [ -98.987040178326126, 19.300743368342179 ], [ -98.981134914910058, 19.300742853661259 ], [ -98.978181639514915, 19.305598177058489 ] ] ] } },
{ "type": "Feature", "properties": { "alcaldia": "TLH", "clave": "TLH-082", "n": "082" }, "geometry": { "type": "Polygon", "coordinates": [ [ [ -98.969324388817967, 19.300741251290539 ], [ -98.97227620221598, 19.305597375656024 ], [ -98.978181639514915, 19.305598177058489 ], [ -98.981134914910058, 19.300742853661259 ], [ -98.978182926854203, 19.29588686975098 ], [ -98.972277837991129, 19.2958860687827 ], [ -98.969324388817967, 19.300741251290539 ] ] ] } },
{ "type": "Feature", "properties": { "alcaldia": "TLH", "clave": "TLH-083", "n": "083" }, "geometry": { "type": "Polygon", "coordinates": [ [ [ -98.960465328672868, 19.305595199687147 ], [ -98.96341696720323, 19.310451464468311 ], [ -98.969322578280071, 19.310452552747499 ], [ -98.97227620221598, 19.305597375656024 ], [ -98.969324388817967, 19.300741251290539 ], [ -98.963419126281735, 19.300740163600825 ], [ -98.960465328672868, 19.305595199687147 ] ] ] } },
{ "type": "Feature", "properties": { "alcaldia": "CUJ", "clave": "CUJ-030", "n": "030" }, "geometry": { "type": "Polygon", "coordinates": [ [ [ -99.341373894693248, 19.310135848093065 ], [ -99.344336807050652, 19.314985860444864 ], [ -99.350242472672818, 19.314974619637962 ], [ -99.353184877254591, 19.310113372566931 ], [ -99.35022179675947, 19.305263503990041 ], [ -99.344316479750361, 19.305274738709592 ], [ -99.341373894693248, 19.310135848093065 ] ] ] } },
{ "type": "Feature", "properties": { "alcaldia": "CUJ", "clave": "CUJ-031", "n": "031" }, "geometry": { "type": "Polygon", "coordinates": [ [ [ -99.332525463641943, 19.315007768632722 ], [ -99.335488207651764, 19.319857924721052 ], [ -99.341394053750903, 19.319846967660755 ], [ -99.344336807050652, 19.314985860444864 ], [ -99.341373894693263, 19.310135848093065 ], [ -99.335468397313733, 19.310146799220938 ], [ -99.332525463641943, 19.315007768632722 ] ] ] } },
{ "type": "Feature", "properties": { "alcaldia": "CUJ", "clave": "CUJ-032", "n": "032" }, "geometry": { "type": "Polygon", "coordinates": [ [ [ -99.323657390706643, 19.310168128203504 ], [ -99.326619785995263, 19.315018436012565 ], [ -99.332525463641943, 19.315007768632722 ], [ -99.335468397313733, 19.310146799220938 ], [ -99.332505833571062, 19.305296635033269 ], [ -99.326600504540707, 19.305307296636293 ], [ -99.323657390706643, 19.310168128203504 ] ] ] } },
{ "type": "Feature", "properties": { "alcaldia": "CUJ", "clave": "CUJ-033", "n": "033" }, "geometry": { "type": "Polygon", "coordinates": [ [ [ -99.314808419167008, 19.31503919734137 ], [ -99.31777064579174, 19.319889648733405 ], [ -99.323676503602229, 19.319879265257921 ], [ -99.326619785995263, 19.315018436012565 ], [ -99.323657390706643, 19.310168128203504 ], [ -99.317751881618932, 19.310178506057113 ], [ -99.314808419167008, 19.31503919734137 ] ] ] } },
{ "type": "Feature", "properties": { "alcaldia": "CUJ", "clave": "CUJ-034", "n": "034" }, "geometry": { "type": "Polygon", "coordinates": [ [ [ -99.305940852224836, 19.310198688486359 ], [ -99.308902730125283, 19.315049291289277 ], [ -99.314808419167008, 19.31503919734137 ], [ -99.317751881618932, 19.310178506057113 ], [ -99.314789834948215, 19.305328046721986 ], [ -99.308884494525898, 19.305338135203602 ], [ -99.305940852224836, 19.310198688486359 ] ] ] } },
{ "type": "Feature", "properties": { "alcaldia": "CUJ", "clave": "CUJ-035", "n": "035" }, "geometry": { "type": "Polygon", "coordinates": [ [ [ -99.297091341136394, 19.315068905749541 ], [ -99.300053050056732, 19.319919651981781 ], [ -99.305958918949031, 19.319909842095853 ], [ -99.308902730125283, 19.315049291289277 ], [ -99.305940852224836, 19.310198688486359 ], [ -99.300035332058314, 19.310208493060966 ], [ -99.297091341136394, 19.315068905749541 ] ] ] } },
{ "type": "Feature", "properties": { "alcaldia": "AOB", "clave": "AOB-024", "n": "024" }, "geometry": { "type": "Polygon", "coordinates": [ [ [ -99.288224281135967, 19.310227528927665 ], [ -99.291185641329093, 19.315078426260904 ], [ -99.297091341136394, 19.315068905749541 ], [ -99.300035332058314, 19.310208493060966 ], [ -99.297073802778769, 19.305357739041831 ], [ -99.291168451593791, 19.305367254397439 ], [ -99.288224281135967, 19.310227528927665 ] ] ] } },
{ "type": "Feature", "properties": { "alcaldia": "AOB", "clave": "AOB-025", "n": "025" }, "geometry": { "type": "Polygon", "coordinates": [ [ [ -99.279374231438496, 19.315096893843659 ], [ -99.28233542233535, 19.319947934452458 ], [ -99.288241301679932, 19.319938698160573 ], [ -99.291185641329093, 19.315078426260904 ], [ -99.288224281135967, 19.310227528927665 ], [ -99.282318750520005, 19.310236760218789 ], [ -99.279374231438496, 19.315096893843659 ] ] ] } },
{ "type": "Feature", "properties": { "alcaldia": "AOB", "clave": "AOB-026", "n": "026" }, "geometry": { "type": "Polygon", "coordinates": [ [ [ -99.270507679328162, 19.310254649514246 ], [ -99.273468521495062, 19.315105840914118 ], [ -99.279374231438496, 19.315096893843659 ], [ -99.282318750520005, 19.310236760218789 ], [ -99.279357738950608, 19.305385711979238 ], [ -99.273452377632239, 19.305394654204488 ], [ -99.270507679328162, 19.310254649514246 ] ] ] } },
{ "type": "Feature", "properties": { "alcaldia": "AOB", "clave": "AOB-027", "n": "027" }, "geometry": { "type": "Polygon", "coordinates": [ [ [ -99.261657091961709, 19.315123161610927 ], [ -99.264617764516288, 19.319974496132517 ], [ -99.270523653683583, 19.319965833438893 ], [ -99.273468521495062, 19.315105840914118 ], [ -99.270507679328162, 19.310254649514246 ], [ -99.264602138892144, 19.310263307517669 ], [ -99.261657091961709, 19.315123161610927 ] ] ] } },
{ "type": "Feature", "properties": { "alcaldia": "MAC", "clave": "MAC-054", "n": "054" }, "geometry": { "type": "Polygon", "coordinates": [ [ [ -99.252791048689602, 19.3102800502337 ], [ -99.255751372511639, 19.315131535236393 ], [ -99.261657091961709, 19.315123161610927 ], [ -99.264602138892144, 19.310263307517669 ], [ -99.261641645351645, 19.305411965521412 ], [ -99.255736274529198, 19.305420334612215 ], [ -99.252791048689602, 19.3102800502337 ] ] ] } },
{ "type": "Feature", "properties": { "alcaldia": "MAC", "clave": "MAC-055", "n": "055" }, "geometry": { "type": "Polygon", "coordinates": [ [ [ -99.243939924594457, 19.315147709039326 ], [ -99.24690007848821, 19.319999337009801 ], [ -99.252805976848634, 19.319991247918402 ], [ -99.255751372511639, 19.315131535236393 ], [ -99.252791048689602, 19.3102800502337 ], [ -99.246885499062927, 19.310288134945466 ], [ -99.243939924594457, 19.315147709039326 ] ] ] } },
{ "type": "Feature", "properties": { "alcaldia": "MAC", "clave": "MAC-056", "n": "056" }, "geometry": { "type": "Polygon", "coordinates": [ [ [ -99.235074391108441, 19.310303731074423 ], [ -99.238034196267236, 19.31515550921598 ], [ -99.243939924594457, 19.315147709039326 ], [ -99.246885499062927, 19.310288134945466 ], [ -99.243925523869748, 19.305436499656363 ], [ -99.238020144172552, 19.305444295608897 ], [ -99.235074391108441, 19.310303731074423 ] ] ] } },
{ "type": "Feature", "properties": { "alcaldia": "MAC", "clave": "MAC-057", "n": "057" }, "geometry": { "type": "Polygon", "coordinates": [ [ [ -99.226222731225192, 19.315170536117662 ], [ -99.229182366139796, 19.320022457072977 ], [ -99.235088273063809, 19.320014941587491 ], [ -99.238034196267236, 19.31515550921598 ], [ -99.235074391108441, 19.310303731074423 ], [ -99.229168832920493, 19.310311242490826 ], [ -99.226222731225192, 19.315170536117662 ] ] ] } },
{ "type": "Feature", "properties": { "alcaldia": "TLP", "clave": "TLP-332", "n": "332" }, "geometry": { "type": "Polygon", "coordinates": [ [ [ -99.217357708472875, 19.310325692025579 ], [ -99.22031699465029, 19.315177762841934 ], [ -99.226222731225192, 19.315170536117662 ], [ -99.229168832920493, 19.310311242490826 ], [ -99.226209376392873, 19.305459314372875 ], [ -99.22030398845024, 19.305466537183566 ], [ -99.217357708472875, 19.310325692025579 ] ] ] } },
{ "type": "Feature", "properties": { "alcaldia": "AOB", "clave": "AOB-028", "n": "028" }, "geometry": { "type": "Polygon", "coordinates": [ [ [ -99.208505513742367, 19.315191642835476 ], [ -99.211464629359767, 19.320043856311457 ], [ -99.2173705442178, 19.320036914435324 ], [ -99.22031699465029, 19.315177762841934 ], [ -99.217357708472875, 19.310325692025579 ], [ -99.211452142353068, 19.310332630143197 ], [ -99.208505513742367, 19.315191642835476 ] ] ] } },
{ "type": "Feature", "properties": { "alcaldia": "AOB", "clave": "AOB-029", "n": "029" }, "geometry": { "type": "Polygon", "coordinates": [ [ [ -99.199641002671129, 19.310345933077144 ], [ -99.202599769549266, 19.315198296104054 ], [ -99.208505513742367, 19.315191642835476 ], [ -99.211452142353068, 19.310332630143197 ], [ -99.208493204808988, 19.305480409660518 ], [ -99.202587809250218, 19.305487059326076 ], [ -99.199641002671129, 19.310345933077144 ] ] ] } },
{ "type": "Feature", "properties": { "alcaldia": "COY", "clave": "COY-008", "n": "008" }, "geometry": { "type": "Polygon", "coordinates": [ [ [ -99.19078827403446, 19.315211029183136 ], [ -99.193746870036833, 19.320063534715469 ], [ -99.199652792199316, 19.320057166451864 ], [ -99.202599769549266, 19.315198296104054 ], [ -99.199641002671129, 19.310345933077144 ], [ -99.193735429248861, 19.310352297892802 ], [ -99.19078827403446, 19.315211029183136 ] ] ] } },
{ "type": "Feature", "properties": { "alcaldia": "COY", "clave": "COY-009", "n": "009" }, "geometry": { "type": "Polygon", "coordinates": [ [ [ -99.181924275591399, 19.310364454219858 ], [ -99.184882522852647, 19.315217108992986 ], [ -99.19078827403446, 19.315211029183136 ], [ -99.193735429248861, 19.310352297892802 ], [ -99.19077701100602, 19.305499785509657 ], [ -99.184871608460455, 19.305505862027026 ], [ -99.181924275591399, 19.310364454219858 ] ] ] } },
{ "type": "Feature", "properties": { "alcaldia": "COY", "clave": "COY-010", "n": "010" }, "geometry": { "type": "Polygon", "coordinates": [ [ [ -99.173071013989926, 19.315228695151774 ], [ -99.176029090059757, 19.32008149227601 ], [ -99.181935018897093, 19.320075697627853 ], [ -99.184882522852647, 19.315217108992986 ], [ -99.181924275591399, 19.310364454219858 ], [ -99.176018695496097, 19.310370245730642 ], [ -99.173071013989926, 19.315228695151774 ] ] ] } },
{ "type": "Feature", "properties": { "alcaldia": "COY", "clave": "COY-011", "n": "011" }, "geometry": { "type": "Polygon", "coordinates": [ [ [ -99.164207529121953, 19.310381255445257 ], [ -99.167165256448911, 19.315234201500118 ], [ -99.173071013989926, 19.315228695151774 ], [ -99.176018695496097, 19.310370245730642 ], [ -99.173060796871965, 19.305517441911419 ], [ -99.167155387968904, 19.30552294527784 ], [ -99.164207529121953, 19.310381255445257 ] ] ] } },
{ "type": "Feature", "properties": { "alcaldia": "COY", "clave": "COY-012", "n": "012" }, "geometry": { "type": "Polygon", "coordinates": [ [ [ -99.155353735497286, 19.315244640733312 ], [ -99.15831129131729, 19.32009772898488 ], [ -99.164217226199895, 19.320092507954804 ], [ -99.167165256448911, 19.315234201500118 ], [ -99.164207529121953, 19.310381255445257 ], [ -99.158301942983002, 19.310386473648524 ], [ -99.155353735497286, 19.315244640733312 ] ] ] } },
{ "type": "Feature", "properties": { "alcaldia": "COY", "clave": "COY-013", "n": "013" }, "geometry": { "type": "Polygon", "coordinates": [ [ [ -99.146490765151, 19.310396336745658 ], [ -99.149447972226582, 19.315249573617628 ], [ -99.155353735497286, 19.315244640733312 ], [ -99.158301942983002, 19.310386473648524 ], [ -99.155344564294793, 19.305533378857746 ], [ -99.149439149663579, 19.305538309070702 ], [ -99.146490765151, 19.310396336745658 ] ] ] } },
{ "type": "Feature", "properties": { "alcaldia": "COY", "clave": "COY-014", "n": "014" }, "geometry": { "type": "Polygon", "coordinates": [ [ [ -99.13763644044505, 19.315258865920462 ], [ -99.140593475698168, 19.320112244834643 ], [ -99.146499415996459, 19.32010759742505 ], [ -99.149447972226582, 19.315249573617628 ], [ -99.146490765151, 19.310396336745658 ], [ -99.140585173597856, 19.310400981639024 ], [ -99.13763644044505, 19.315258865920462 ] ] ] } },
{ "type": "Feature", "properties": { "alcaldia": "COY", "clave": "COY-015", "n": "015" }, "geometry": { "type": "Polygon", "coordinates": [ [ [ -99.128773985566838, 19.310409698114174 ], [ -99.131730672074141, 19.315263225338498 ], [ -99.13763644044505, 19.315258865920462 ], [ -99.140585173597856, 19.310400981639024 ], [ -99.137628315162502, 19.305547596341359 ], [ -99.131722895432475, 19.305551953398588 ], [ -99.128773985566838, 19.310409698114174 ] ] ] } },
{ "type": "Feature", "properties": { "alcaldia": "COY", "clave": "COY-016", "n": "016" }, "geometry": { "type": "Polygon", "coordinates": [ [ [ -99.119919130721726, 19.315271370706725 ], [ -99.12287564509117, 19.320125039818677 ], [ -99.128781590175549, 19.320120966031681 ], [ -99.131730672074141, 19.315263225338498 ], [ -99.128773985566838, 19.310409698114174 ], [ -99.122868389228884, 19.310413769695508 ], [ -99.119919130721726, 19.315271370706725 ] ] ] } },
{ "type": "Feature", "properties": { "alcaldia": "COY", "clave": "COY-017", "n": "017" }, "geometry": { "type": "Polygon", "coordinates": [ [ [ -99.111057192257704, 19.310421339544689 ], [ -99.114013357880125, 19.31527515665649 ], [ -99.119919130721726, 19.315271370706725 ], [ -99.122868389228884, 19.310413769695508 ], [ -99.119912051363087, 19.305560094355748 ], [ -99.11400662716359, 19.30556387825526 ], [ -99.111057192257704, 19.310421339544689 ] ] ] } },
{ "type": "Feature", "properties": { "alcaldia": "COY", "clave": "COY-018", "n": "018" }, "geometry": { "type": "Polygon", "coordinates": [ [ [ -99.102201808215852, 19.315282155086379 ], [ -99.10515780138509, 19.320136113931131 ], [ -99.111063750625959, 19.3201326137686 ], [ -99.114013357880125, 19.31527515665649 ], [ -99.111057192257704, 19.310421339544689 ], [ -99.105151591764383, 19.310424837812139 ], [ -99.102201808215852, 19.315282155086379 ] ] ] } },
{ "type": "Feature", "properties": { "alcaldia": "XOC", "clave": "XOC-114", "n": "114" }, "geometry": { "type": "Polygon", "coordinates": [ [ [ -99.093340387111866, 19.310431261031887 ], [ -99.096296031533072, 19.315285367566151 ], [ -99.102201808215852, 19.315282155086379 ], [ -99.105151591764383, 19.310424837812139 ], [ -99.102195774784576, 19.305570872895203 ], [ -99.096290346744937, 19.305574083635275 ], [ -99.093340387111866, 19.310431261031887 ] ] ] } },
{ "type": "Feature", "properties": { "alcaldia": "IZP", "clave": "IZP-006", "n": "006" }, "geometry": { "type": "Polygon", "coordinates": [ [ [ -99.084484474815937, 19.315291219054497 ], [ -99.08743994646872, 19.320145467166942 ], [ -99.093345899236496, 19.320142540630467 ], [ -99.096296031533072, 19.315285367566151 ], [ -99.093340387111866, 19.310431261031887 ], [ -99.087434783092604, 19.310434185983855 ], [ -99.084484474815937, 19.315291219054497 ] ] ] } },
{ "type": "Feature", "properties": { "alcaldia": "IZP", "clave": "IZP-007", "n": "007" }, "geometry": { "type": "Polygon", "coordinates": [ [ [ -99.075623572017648, 19.310439462571235 ], [ -99.078578694921504, 19.315293858062802 ], [ -99.084484474815937, 19.315291219054497 ], [ -99.087434783092604, 19.310434185983855 ], [ -99.084479487315008, 19.305579931954803 ], [ -99.078574056064568, 19.305582569533964 ], [ -99.075623572017648, 19.310439462571235 ] ] ] } },
{ "type": "Feature", "properties": { "alcaldia": "IZP", "clave": "IZP-008", "n": "008" }, "geometry": { "type": "Polygon", "coordinates": [ [ [ -99.066767132410547, 19.315298562606948 ], [ -99.069722082230825, 19.320153099521825 ], [ -99.07562803789591, 19.320150746612754 ], [ -99.078578694921504, 19.315293858062802 ], [ -99.075623572017648, 19.310439462571235 ], [ -99.069717965101859, 19.310441814206378 ], [ -99.066767132410547, 19.315298562606948 ] ] ] } },
{ "type": "Feature", "properties": { "alcaldia": "IZP", "clave": "IZP-009", "n": "009" }, "geometry": { "type": "Polygon", "coordinates": [ [ [ -99.057906748863289, 19.310445944158975 ], [ -99.060861349933958, 19.315300628142566 ], [ -99.066767132410547, 19.315298562606948 ], [ -99.069717965101859, 19.310441814206378 ], [ -99.06676319084238, 19.305587271530399 ], [ -99.060857757010496, 19.305589335947438 ], [ -99.057906748863289, 19.310445944158975 ] ] ] } },
{ "type": "Feature", "properties": { "alcaldia": "IZP", "clave": "IZP-010", "n": "010" }, "geometry": { "type": "Polygon", "coordinates": [ [ [ -99.049049782888218, 19.315304185740359 ], [ -99.052004210560227, 19.320159010992302 ], [ -99.057910168493024, 19.320157231711704 ], [ -99.060861349933958, 19.315300628142566 ], [ -99.057906748863289, 19.310445944158975 ], [ -99.052001139680399, 19.310447722476226 ], [ -99.049049782888218, 19.315304185740359 ] ] ] } },
{ "type": "Feature", "properties": { "alcaldia": "TLH", "clave": "TLH-084", "n": "084" }, "geometry": { "type": "Polygon", "coordinates": [ [ [ -99.040189919537099, 19.31045070579216 ], [ -99.043143998458987, 19.315305677802353 ], [ -99.049049782888218, 19.315304185740359 ], [ -99.052001139680399, 19.310447722476226 ], [ -99.049046887254747, 19.305592891618641 ], [ -99.04314145147076, 19.305594382872624 ], [ -99.040189919537099, 19.31045070579216 ] ] ] } },
{ "type": "Feature", "properties": { "alcaldia": "IZP", "clave": "IZP-011", "n": "011" }, "geometry": { "type": "Polygon", "coordinates": [ [ [ -99.031332428137503, 19.315308088452166 ], [ -99.034286333345733, 19.320163201575667 ], [ -99.040192292916643, 19.320161995924359 ], [ -99.043143998458987, 19.315305677802353 ], [ -99.040189919537099, 19.31045070579216 ], [ -99.034284308716565, 19.310451910790697 ], [ -99.031332428137503, 19.315308088452166 ] ] ] } },
{ "type": "Feature", "properties": { "alcaldia": "TLH", "clave": "TLH-085", "n": "085" }, "geometry": { "type": "Polygon", "coordinates": [ [ [ -99.022473085927402, 19.3104537474686 ], [ -99.025426642385156, 19.315309007039858 ], [ -99.031332428137503, 19.315308088452166 ], [ -99.034284308716565, 19.310451910790697 ], [ -99.031330578440148, 19.305596792216967 ], [ -99.025425141333386, 19.305597710307197 ], [ -99.022473085927402, 19.3104537474686 ] ] ] } },
{ "type": "Feature", "properties": { "alcaldia": "TLH", "clave": "TLH-086", "n": "086" }, "geometry": { "type": "Polygon", "coordinates": [ [ [ -99.013615070046953, 19.315310270740586 ], [ -99.01656845247615, 19.320165671270004 ], [ -99.022474413055562, 19.32016503924854 ], [ -99.025426642385156, 19.315309007039858 ], [ -99.022473085927402, 19.3104537474686 ], [ -99.016567474098622, 19.310454379147874 ], [ -99.013615070046953, 19.315310270740586 ] ] ] } },
{ "type": "Feature", "properties": { "alcaldia": "TLH", "clave": "TLH-087", "n": "087" }, "geometry": { "type": "Polygon", "coordinates": [ [ [ -99.004756249922451, 19.310455069186904 ], [ -99.007709283601002, 19.315310615853551 ], [ -99.013615070046953, 19.315310270740586 ], [ -99.016567474098622, 19.310454379147874 ], [ -99.013614266286595, 19.30559897332358 ], [ -99.007708828486443, 19.305599318249651 ], [ -99.004756249922451, 19.310455069186904 ] ] ] } },
{ "type": "Feature", "properties": { "alcaldia": "TLH", "clave": "TLH-088", "n": "088" }, "geometry": { "type": "Polygon", "coordinates": [ [ [ -98.995897710505119, 19.315310732604615 ], [ -98.998850569840315, 19.320166420074184 ], [ -99.004756530798602, 19.320166361682848 ], [ -99.007709283601002, 19.315310615853551 ], [ -99.004756249922451, 19.310455069186904 ], [ -98.998850637714881, 19.310455127546632 ], [ -98.995897710505119, 19.315310732604615 ] ] ] } },
{ "type": "Feature", "properties": { "alcaldia": "TLH", "clave": "TLH-089", "n": "089" }, "geometry": { "type": "Polygon", "coordinates": [ [ [ -98.987039413410585, 19.310454670946481 ], [ -98.989991923995092, 19.315310504242703 ], [ -98.995897710505119, 19.315310732604615 ], [ -98.998850637714881, 19.310455127546632 ], [ -98.995897952682185, 19.305599434937491 ], [ -98.989992514817956, 19.305599206699242 ], [ -98.987039413410585, 19.310454670946481 ] ] ] } },
{ "type": "Feature", "properties": { "alcaldia": "TLH", "clave": "TLH-090", "n": "090" }, "geometry": { "type": "Polygon", "coordinates": [ [ [ -98.978180351400567, 19.315309474044049 ], [ -98.981132687327005, 19.320165447987872 ], [ -98.98703864803457, 19.320165963226689 ], [ -98.989991923995092, 19.315310504242703 ], [ -98.987039413410585, 19.310454670946481 ], [ -98.981133801453666, 19.31045415598663 ], [ -98.978180351400567, 19.315309474044049 ] ] ] } },
{ "type": "Feature", "properties": { "alcaldia": "TLH", "clave": "TLH-091", "n": "091" }, "geometry": { "type": "Polygon", "coordinates": [ [ [ -98.969322578280071, 19.310452552747499 ], [ -98.972274565455962, 19.315308672207358 ], [ -98.978180351400567, 19.315309474044049 ], [ -98.981133801453666, 19.31045415598663 ], [ -98.978181639514915, 19.305598177058489 ], [ -98.97227620221598, 19.305597375656024 ], [ -98.969322578280071, 19.310452552747499 ] ] ] } },
{ "type": "Feature", "properties": { "alcaldia": "TLH", "clave": "TLH-092", "n": "092" }, "geometry": { "type": "Polygon", "coordinates": [ [ [ -98.960462994621849, 19.315306495059456 ], [ -98.963414806825028, 19.320162755011495 ], [ -98.969320766652288, 19.320163843880238 ], [ -98.972274565455962, 19.315308672207358 ], [ -98.969322578280071, 19.310452552747499 ], [ -98.96341696720323, 19.310451464468311 ], [ -98.960462994621849, 19.315306495059456 ] ] ] } },
{ "type": "Feature", "properties": { "alcaldia": "CUJ", "clave": "CUJ-036", "n": "036" }, "geometry": { "type": "Polygon", "coordinates": [ [ [ -99.341394053750889, 19.319846967660755 ], [ -99.344357146585253, 19.324696971833806 ], [ -99.350263161030298, 19.32468572493886 ], [ -99.353205733748155, 19.31982447995922 ], [ -99.350242472672818, 19.314974619637962 ], [ -99.344336807050652, 19.314985860444864 ], [ -99.341394053750889, 19.319846967660755 ] ] ] } },
{ "type": "Feature", "properties": { "alcaldia": "CUJ", "clave": "CUJ-037", "n": "037" }, "geometry": { "type": "Polygon", "coordinates": [ [ [ -99.332545105527487, 19.324718891887198 ], [ -99.335508029910997, 19.329569039873707 ], [ -99.341414224939598, 19.329558076880303 ], [ -99.344357146585253, 19.324696971833806 ], [ -99.341394053750903, 19.319846967660755 ], [ -99.335488207651764, 19.319857924721052 ], [ -99.332545105527487, 19.324718891887198 ] ] ] } },
{ "type": "Feature", "properties": { "alcaldia": "CUJ", "clave": "CUJ-038", "n": "038" }, "geometry": { "type": "Polygon", "coordinates": [ [ [ -99.323676503602229, 19.319879265257921 ], [ -99.326639079054686, 19.324729565044521 ], [ -99.332545105527487, 19.324718891887198 ], [ -99.335488207651764, 19.319857924721052 ], [ -99.332525463641943, 19.315007768632722 ], [ -99.326619785995263, 19.315018436012565 ], [ -99.323676503602229, 19.319879265257921 ] ] ] } },
{ "type": "Feature", "properties": { "alcaldia": "CUJ", "clave": "CUJ-039", "n": "039" }, "geometry": { "type": "Polygon", "coordinates": [ [ [ -99.314827014571023, 19.324750337617726 ], [ -99.317789421256208, 19.329600781064205 ], [ -99.323695627999342, 19.329590391966192 ], [ -99.326639079054686, 19.324729565044521 ], [ -99.323676503602229, 19.319879265257921 ], [ -99.31777064579174, 19.319889648733405 ], [ -99.314827014571023, 19.324750337617726 ] ] ] } },
{ "type": "Feature", "properties": { "alcaldia": "CUJ", "clave": "CUJ-040", "n": "040" }, "geometry": { "type": "Polygon", "coordinates": [ [ [ -99.305958918949031, 19.319909842095853 ], [ -99.30892097670008, 19.324760437032541 ], [ -99.314827014571023, 19.324750337617726 ], [ -99.31777064579174, 19.319889648733405 ], [ -99.314808419167008, 19.31503919734137 ], [ -99.308902730125283, 19.315049291289277 ], [ -99.305958918949031, 19.319909842095853 ] ] ] } },
{ "type": "Feature", "properties": { "alcaldia": "CUJ", "clave": "CUJ-041", "n": "041" }, "geometry": { "type": "Polygon", "coordinates": [ [ [ -99.297108890049785, 19.324780062116055 ], [ -99.300070778717256, 19.329630800558952 ], [ -99.305976996545198, 19.329620985361093 ], [ -99.30892097670008, 19.324760437032541 ], [ -99.305958918949031, 19.319909842095853 ], [ -99.300053050056732, 19.319919651981781 ], [ -99.297108890049785, 19.324780062116055 ] ] ] } },
{ "type": "Feature", "properties": { "alcaldia": "CUJ", "clave": "CUJ-042", "n": "042" }, "geometry": { "type": "Polygon", "coordinates": [ [ [ -99.288241301679932, 19.319938698160573 ], [ -99.291202841410339, 19.324789587783751 ], [ -99.297108890049785, 19.324780062116055 ], [ -99.300053050056732, 19.319919651981781 ], [ -99.297091341136394, 19.315068905749541 ], [ -99.291185641329093, 19.315078426260904 ], [ -99.288241301679932, 19.319938698160573 ] ] ] } },
{ "type": "Feature", "properties": { "alcaldia": "AOB", "clave": "AOB-030", "n": "030" }, "geometry": { "type": "Polygon", "coordinates": [ [ [ -99.279390733852679, 19.324808065368611 ], [ -99.282352104183275, 19.329659098344237 ], [ -99.288258332466327, 19.329649857051006 ], [ -99.291202841410339, 19.324789587783751 ], [ -99.288241301679932, 19.319938698160573 ], [ -99.28233542233535, 19.319947934452458 ], [ -99.279390733852679, 19.324808065368611 ] ] ] } },
{ "type": "Feature", "properties": { "alcaldia": "AOB", "clave": "AOB-031", "n": "031" }, "geometry": { "type": "Polygon", "coordinates": [ [ [ -99.270523653683583, 19.319965833438893 ], [ -99.273484675074357, 19.324817017284833 ], [ -99.279390733852679, 19.324808065368611 ], [ -99.28233542233535, 19.319947934452458 ], [ -99.279374231438496, 19.315096893843659 ], [ -99.273468521495062, 19.315105840914118 ], [ -99.270523653683583, 19.319965833438893 ] ] ] } },
{ "type": "Feature", "properties": { "alcaldia": "AOB", "clave": "AOB-032", "n": "032" }, "geometry": { "type": "Polygon", "coordinates": [ [ [ -99.261672547868613, 19.324834347362589 ], [ -99.264633399543428, 19.329685674407109 ], [ -99.270539637651851, 19.329677007022742 ], [ -99.273484675074357, 19.324817017284833 ], [ -99.270523653683583, 19.319965833438893 ], [ -99.264617764516288, 19.319974496132517 ], [ -99.261672547868613, 19.324834347362589 ] ] ] } },
{ "type": "Feature", "properties": { "alcaldia": "MAC", "clave": "MAC-058", "n": "058" }, "geometry": { "type": "Polygon", "coordinates": [ [ [ -99.252805976848634, 19.319991247918402 ], [ -99.255766479581069, 19.32484272552324 ], [ -99.261672547868613, 19.324834347362589 ], [ -99.264617764516288, 19.319974496132517 ], [ -99.261657091961709, 19.315123161610927 ], [ -99.255751372511639, 19.315131535236393 ], [ -99.252805976848634, 19.319991247918402 ] ] ] } },
{ "type": "Feature", "properties": { "alcaldia": "MAC", "clave": "MAC-059", "n": "059" }, "geometry": { "type": "Polygon", "coordinates": [ [ [ -99.243954333986508, 19.324858908085972 ], [ -99.246914666686919, 19.329710528735429 ], [ -99.252820913990988, 19.329702435263879 ], [ -99.255766479581069, 19.32484272552324 ], [ -99.252805976848634, 19.319991247918402 ], [ -99.24690007848821, 19.319999337009801 ], [ -99.243954333986508, 19.324858908085972 ] ] ] } },
{ "type": "Feature", "properties": { "alcaldia": "MAC", "clave": "MAC-060", "n": "060" }, "geometry": { "type": "Polygon", "coordinates": [ [ [ -99.235088273063809, 19.320014941587491 ], [ -99.238048256819411, 19.324866712487218 ], [ -99.243954333986508, 19.324858908085972 ], [ -99.24690007848821, 19.319999337009801 ], [ -99.243939924594457, 19.315147709039326 ], [ -99.238034196267236, 19.31515550921598 ], [ -99.235088273063809, 19.320014941587491 ] ] ] } },
{ "type": "Feature", "properties": { "alcaldia": "MAC", "clave": "MAC-061", "n": "061" }, "geometry": { "type": "Polygon", "coordinates": [ [ [ -99.226236094095356, 19.324881747527531 ], [ -99.229195907502955, 19.329733661317839 ], [ -99.235102163372929, 19.329726141762805 ], [ -99.238048256819411, 19.324866712487218 ], [ -99.235088273063809, 19.320014941587491 ], [ -99.229182366139796, 19.320022457072977 ], [ -99.226236094095356, 19.324881747527531 ] ] ] } },
{ "type": "Feature", "properties": { "alcaldia": "MAC", "clave": "MAC-062", "n": "062" }, "geometry": { "type": "Polygon", "coordinates": [ [ [ -99.2173705442178, 19.320036914435324 ], [ -99.220330008678346, 19.324888978165813 ], [ -99.226236094095356, 19.324881747527531 ], [ -99.229182366139796, 19.320022457072977 ], [ -99.226222731225192, 19.315170536117662 ], [ -99.22031699465029, 19.315177762841934 ], [ -99.2173705442178, 19.320036914435324 ] ] ] } },
{ "type": "Feature", "properties": { "alcaldia": "AOB", "clave": "AOB-033", "n": "033" }, "geometry": { "type": "Polygon", "coordinates": [ [ [ -99.208517830084105, 19.324902865676826 ], [ -99.211477123880741, 19.329755072143751 ], [ -99.21738338768688, 19.329748126508676 ], [ -99.220330008678346, 19.324888978165813 ], [ -99.2173705442178, 19.320036914435324 ], [ -99.211464629359767, 19.320043856311457 ], [ -99.208517830084105, 19.324902865676826 ] ] ] } },
{ "type": "Feature", "properties": { "alcaldia": "AOB", "clave": "AOB-034", "n": "034" }, "geometry": { "type": "Polygon", "coordinates": [ [ [ -99.199652792199316, 19.320057166451864 ], [ -99.202611737046837, 19.324909522548836 ], [ -99.208517830084105, 19.324902865676826 ], [ -99.211464629359767, 19.320043856311457 ], [ -99.208505513742367, 19.315191642835476 ], [ -99.202599769549266, 19.315198296104054 ], [ -99.199652792199316, 19.320057166451864 ] ] ] } },
{ "type": "Feature", "properties": { "alcaldia": "AOB", "clave": "AOB-035", "n": "035" }, "geometry": { "type": "Polygon", "coordinates": [ [ [ -99.190799543841734, 19.324922262524201 ], [ -99.193758317709523, 19.329774761203382 ], [ -99.199664588822074, 19.329768389491441 ], [ -99.202611737046837, 19.324909522548836 ], [ -99.199652792199316, 19.320057166451864 ], [ -99.193746870036833, 19.320063534715469 ], [ -99.190799543841734, 19.324922262524201 ] ] ] } },
{ "type": "Feature", "properties": { "alcaldia": "COY", "clave": "COY-019", "n": "019" }, "geometry": { "type": "Polygon", "coordinates": [ [ [ -99.181935018897093, 19.320075697627853 ], [ -99.184893443813877, 19.324928345626905 ], [ -99.190799543841734, 19.324922262524201 ], [ -99.193746870036833, 19.320063534715469 ], [ -99.19078827403446, 19.315211029183136 ], [ -99.184882522852647, 19.315217108992986 ], [ -99.181935018897093, 19.320075697627853 ] ] ] } },
{ "type": "Feature", "properties": { "alcaldia": "COY", "clave": "COY-020", "n": "020" }, "geometry": { "type": "Polygon", "coordinates": [ [ [ -99.173081237257264, 19.324939938060798 ], [ -99.176039490878566, 19.329792728487735 ], [ -99.181945768667774, 19.32978693070184 ], [ -99.184893443813877, 19.324928345626905 ], [ -99.181935018897093, 19.320075697627853 ], [ -99.176029090059757, 19.32008149227601 ], [ -99.173081237257264, 19.324939938060798 ] ] ] } },
{ "type": "Feature", "properties": { "alcaldia": "COY", "clave": "COY-021", "n": "021" }, "geometry": { "type": "Polygon", "coordinates": [ [ [ -99.164217226199895, 19.320092507954804 ], [ -99.167175130868458, 19.324945447391404 ], [ -99.173081237257264, 19.324939938060798 ], [ -99.176029090059757, 19.32008149227601 ], [ -99.173071013989926, 19.315228695151774 ], [ -99.167165256448911, 19.315234201500118 ], [ -99.164217226199895, 19.320092507954804 ] ] ] } },
{ "type": "Feature", "properties": { "alcaldia": "COY", "clave": "COY-022", "n": "022" }, "geometry": { "type": "Polygon", "coordinates": [ [ [ -99.155362912219672, 19.324955892278528 ], [ -99.158320645277101, 19.329808973988587 ], [ -99.164226929113241, 19.329803750131394 ], [ -99.167175130868458, 19.324945447391404 ], [ -99.164217226199895, 19.320092507954804 ], [ -99.15831129131729, 19.32009772898488 ], [ -99.155362912219672, 19.324955892278528 ] ] ] } },
{ "type": "Feature", "properties": { "alcaldia": "COY", "clave": "COY-023", "n": "023" }, "geometry": { "type": "Polygon", "coordinates": [ [ [ -99.146499415996459, 19.32010759742505 ], [ -99.149456800099614, 19.32496082783452 ], [ -99.155362912219672, 19.324955892278528 ], [ -99.15831129131729, 19.32009772898488 ], [ -99.155353735497286, 19.315244640733312 ], [ -99.149447972226582, 19.315249573617628 ], [ -99.146499415996459, 19.32010759742505 ] ] ] } },
{ "type": "Feature", "properties": { "alcaldia": "COY", "clave": "COY-024", "n": "024" }, "geometry": { "type": "Polygon", "coordinates": [ [ [ -99.137644570617979, 19.3249701251701 ], [ -99.140601782794434, 19.329823497698523 ], [ -99.146508072047723, 19.329818847772405 ], [ -99.149456800099614, 19.32496082783452 ], [ -99.146499415996459, 19.32010759742505 ], [ -99.140593475698168, 19.320112244834643 ], [ -99.137644570617979, 19.3249701251701 ] ] ] } },
{ "type": "Feature", "properties": { "alcaldia": "COY", "clave": "COY-025", "n": "025" }, "geometry": { "type": "Polygon", "coordinates": [ [ [ -99.128781590175549, 19.320120966031681 ], [ -99.131738453396352, 19.324974486949223 ], [ -99.137644570617979, 19.3249701251701 ], [ -99.140593475698168, 19.320112244834643 ], [ -99.13763644044505, 19.315258865920462 ], [ -99.131730672074141, 19.315263225338498 ], [ -99.128781590175549, 19.320120966031681 ] ] ] } },
{ "type": "Feature", "properties": { "alcaldia": "COY", "clave": "COY-026", "n": "026" }, "geometry": { "type": "Polygon", "coordinates": [ [ [ -99.11992621434122, 19.324982636729008 ], [ -99.122882905319827, 19.329836299610893 ], [ -99.128789199360497, 19.329832223617991 ], [ -99.131738453396352, 19.324974486949223 ], [ -99.128781590175549, 19.320120966031681 ], [ -99.12287564509117, 19.320125039818677 ], [ -99.11992621434122, 19.324982636729008 ] ] ] } },
{ "type": "Feature", "properties": { "alcaldia": "COY", "clave": "COY-027", "n": "027" }, "geometry": { "type": "Polygon", "coordinates": [ [ [ -99.111063750625959, 19.3201326137686 ], [ -99.114020092647692, 19.324986424729261 ], [ -99.11992621434122, 19.324982636729008 ], [ -99.12287564509117, 19.320125039818677 ], [ -99.119919130721726, 19.315271370706725 ], [ -99.114013357880125, 19.31527515665649 ], [ -99.111063750625959, 19.3201326137686 ] ] ] } },
{ "type": "Feature", "properties": { "alcaldia": "COY", "clave": "COY-028", "n": "028" }, "geometry": { "type": "Polygon", "coordinates": [ [ [ -99.102207845278457, 19.324993426949533 ], [ -99.10516401474257, 19.329847379719855 ], [ -99.111070312940868, 19.329843877662018 ], [ -99.114020092647692, 19.324986424729261 ], [ -99.111063750625959, 19.3201326137686 ], [ -99.10515780138509, 19.320136113931131 ], [ -99.102207845278457, 19.324993426949533 ] ] ] } },
{ "type": "Feature", "properties": { "alcaldia": "XOC", "clave": "XOC-115", "n": "115" }, "geometry": { "type": "Polygon", "coordinates": [ [ [ -99.093345899236496, 19.320142540630467 ], [ -99.096301719742698, 19.324996641169193 ], [ -99.102207845278457, 19.324993426949533 ], [ -99.10515780138509, 19.320136113931131 ], [ -99.102201808215852, 19.315282155086379 ], [ -99.096296031533072, 19.315285367566151 ], [ -99.093345899236496, 19.320142540630467 ] ] ] } },
{ "type": "Feature", "properties": { "alcaldia": "IZP", "clave": "IZP-012", "n": "012" }, "geometry": { "type": "Polygon", "coordinates": [ [ [ -99.084489465318711, 19.325002495826745 ], [ -99.087445112951983, 19.329856738020336 ], [ -99.093351414678153, 19.32985380989917 ], [ -99.096301719742698, 19.324996641169193 ], [ -99.093345899236496, 19.320142540630467 ], [ -99.08743994646872, 19.320145467166942 ], [ -99.084489465318711, 19.325002495826745 ] ] ] } },
{ "type": "Feature", "properties": { "alcaldia": "IZP", "clave": "IZP-013", "n": "013" }, "geometry": { "type": "Polygon", "coordinates": [ [ [ -99.07562803789591, 19.320150746612754 ], [ -99.078583336570404, 19.325005136264338 ], [ -99.084489465318711, 19.325002495826745 ], [ -99.08743994646872, 19.320145467166942 ], [ -99.084484474815937, 19.315291219054497 ], [ -99.078578694921504, 19.315293858062802 ], [ -99.07562803789591, 19.320150746612754 ] ] ] } },
{ "type": "Feature", "properties": { "alcaldia": "IZP", "clave": "IZP-014", "n": "014" }, "geometry": { "type": "Polygon", "coordinates": [ [ [ -99.066771076351031, 19.325009843356487 ], [ -99.069726201837369, 19.329864374508055 ], [ -99.075632506461616, 19.329862020324907 ], [ -99.078583336570404, 19.325005136264338 ], [ -99.07562803789591, 19.320150746612754 ], [ -99.069722082230825, 19.320153099521825 ], [ -99.066771076351031, 19.325009843356487 ] ] ] } },
{ "type": "Feature", "properties": { "alcaldia": "IZP", "clave": "IZP-015", "n": "015" }, "geometry": { "type": "Polygon", "coordinates": [ [ [ -99.057910168493024, 19.320157231711704 ], [ -99.060864945019887, 19.325011910010812 ], [ -99.066771076351031, 19.325009843356487 ], [ -99.069722082230825, 19.320153099521825 ], [ -99.066767132410547, 19.315298562606948 ], [ -99.060861349933958, 19.315300628142566 ], [ -99.057910168493024, 19.320157231711704 ] ] ] } },
{ "type": "Feature", "properties": { "alcaldia": "IZP", "clave": "IZP-016", "n": "016" }, "geometry": { "type": "Polygon", "coordinates": [ [ [ -99.049052680264495, 19.325015469535415 ], [ -99.05200728328802, 19.329870289179524 ], [ -99.057913590180604, 19.329868508935473 ], [ -99.060864945019887, 19.325011910010812 ], [ -99.057910168493024, 19.320157231711704 ], [ -99.052004210560227, 19.320159010992302 ], [ -99.049052680264495, 19.325015469535415 ] ] ] } },
{ "type": "Feature", "properties": { "alcaldia": "IZP", "clave": "IZP-017", "n": "017" }, "geometry": { "type": "Polygon", "coordinates": [ [ [ -99.040192292916643, 19.320161995924359 ], [ -99.043146546980168, 19.32501696240552 ], [ -99.049052680264495, 19.325015469535415 ], [ -99.052004210560227, 19.320159010992302 ], [ -99.049049782888218, 19.315304185740359 ], [ -99.043143998458987, 19.315305677802353 ], [ -99.040192292916643, 19.320161995924359 ] ] ] } },
{ "type": "Feature", "properties": { "alcaldia": "IZP", "clave": "IZP-018", "n": "018" }, "geometry": { "type": "Polygon", "coordinates": [ [ [ -99.031334278948137, 19.325019374360952 ], [ -99.034288359193283, 19.329874482032047 ], [ -99.040194667724407, 19.329873275727891 ], [ -99.043146546980168, 19.32501696240552 ], [ -99.040192292916643, 19.320161995924359 ], [ -99.034286333345733, 19.320163201575667 ], [ -99.031334278948137, 19.325019374360952 ] ] ] } },
{ "type": "Feature", "properties": { "alcaldia": "IZP", "clave": "IZP-019", "n": "019" }, "geometry": { "type": "Polygon", "coordinates": [ [ [ -99.022474413055562, 19.32016503924854 ], [ -99.025428144340353, 19.325020293446148 ], [ -99.031334278948137, 19.325019374360952 ], [ -99.034286333345733, 19.320163201575667 ], [ -99.031332428137503, 19.315308088452166 ], [ -99.025426642385156, 19.315309007039858 ], [ -99.022474413055562, 19.32016503924854 ] ] ] } },
{ "type": "Feature", "properties": { "alcaldia": "IZP", "clave": "IZP-020", "n": "020" }, "geometry": { "type": "Polygon", "coordinates": [ [ [ -99.013615874291048, 19.325021557831302 ], [ -99.016569431442463, 19.329876953063696 ], [ -99.022475740982344, 19.329876320699999 ], [ -99.025428144340353, 19.325020293446148 ], [ -99.022474413055562, 19.32016503924854 ], [ -99.01656845247615, 19.320165671270004 ], [ -99.013615874291048, 19.325021557831302 ] ] ] } },
{ "type": "Feature", "properties": { "alcaldia": "TLH", "clave": "TLH-093", "n": "093" }, "geometry": { "type": "Polygon", "coordinates": [ [ [ -99.004756530798602, 19.320166361682848 ], [ -99.007709738989476, 19.325021903131187 ], [ -99.013615874291048, 19.325021557831302 ], [ -99.01656845247615, 19.320165671270004 ], [ -99.013615070046953, 19.315310270740586 ], [ -99.007709283601002, 19.315310615853551 ], [ -99.004756530798602, 19.320166361682848 ] ] ] } },
{ "type": "Feature", "properties": { "alcaldia": "TLH", "clave": "TLH-094", "n": "094" }, "geometry": { "type": "Polygon", "coordinates": [ [ [ -98.995897468182292, 19.325022019945479 ], [ -98.998850501924892, 19.32987770227335 ], [ -99.004756811843777, 19.329877643850395 ], [ -99.007709738989476, 19.325021903131187 ], [ -99.004756530798602, 19.320166361682848 ], [ -98.998850569840315, 19.320166420074184 ], [ -98.995897468182292, 19.325022019945479 ] ] ] } },
{ "type": "Feature", "properties": { "alcaldia": "TLH", "clave": "TLH-095", "n": "095" }, "geometry": { "type": "Polygon", "coordinates": [ [ [ -98.98703864803457, 19.320165963226689 ], [ -98.989991332816615, 19.325021791459889 ], [ -98.995897468182292, 19.325022019945479 ], [ -98.998850569840315, 19.320166420074184 ], [ -98.995897710505119, 19.315310732604615 ], [ -98.989991923995092, 19.315310504242703 ], [ -98.98703864803457, 19.320165963226689 ] ] ] } },
{ "type": "Feature", "properties": { "alcaldia": "TLH", "clave": "TLH-096", "n": "096" }, "geometry": { "type": "Polygon", "coordinates": [ [ [ -98.978179062510932, 19.325020760703271 ], [ -98.98113157252989, 19.329876729660654 ], [ -98.987037882197981, 19.329877245178469 ], [ -98.989991332816615, 19.325021791459889 ], [ -98.98703864803457, 19.320165963226689 ], [ -98.981132687327005, 19.320165447987872 ], [ -98.978179062510932, 19.325020760703271 ] ] ] } },
{ "type": "Feature", "properties": { "alcaldia": "TLH", "clave": "TLH-097", "n": "097" }, "geometry": { "type": "Polygon", "coordinates": [ [ [ -98.969320766652288, 19.320163843880238 ], [ -98.972272927710847, 19.325019958432307 ], [ -98.978179062510932, 19.325020760703271 ], [ -98.981132687327005, 19.320165447987872 ], [ -98.978180351400567, 19.315309474044049 ], [ -98.972274565455962, 19.315308672207358 ], [ -98.969320766652288, 19.320163843880238 ] ] ] } },
{ "type": "Feature", "properties": { "alcaldia": "TLH", "clave": "TLH-098", "n": "098" }, "geometry": { "type": "Polygon", "coordinates": [ [ [ -98.960460659166031, 19.325017780105252 ], [ -98.963412645146775, 19.329874035226062 ], [ -98.969318953934334, 19.329875124684413 ], [ -98.972272927710847, 19.325019958432307 ], [ -98.969320766652288, 19.320163843880238 ], [ -98.963414806825028, 19.320162755011495 ], [ -98.960460659166031, 19.325017780105252 ] ] ] } },
{ "type": "Feature", "properties": { "alcaldia": "TLH", "clave": "TLH-099", "n": "099" }, "geometry": { "type": "Polygon", "coordinates": [ [ [ -98.951602888540563, 19.32016000364446 ], [ -98.954554525561207, 19.325016404049272 ], [ -98.960460659166031, 19.325017780105252 ], [ -98.963414806825028, 19.320162755011495 ], [ -98.960462994621849, 19.315306495059456 ], [ -98.954557209872192, 19.315305119748363 ], [ -98.951602888540563, 19.32016000364446 ] ] ] } },
{ "type": "Feature", "properties": { "alcaldia": "CUJ", "clave": "CUJ-043", "n": "043" }, "geometry": { "type": "Polygon", "coordinates": [ [ [ -99.323695627999342, 19.329590391966192 ], [ -99.326658383722105, 19.334440683727774 ], [ -99.332564759230934, 19.334430004792306 ], [ -99.335508029910997, 19.329569039873707 ], [ -99.332545105527487, 19.324718891887198 ], [ -99.326639079054686, 19.324729565044521 ], [ -99.323695627999342, 19.329590391966192 ] ] ] } },
{ "type": "Feature", "properties": { "alcaldia": "CUJ", "clave": "CUJ-044", "n": "044" }, "geometry": { "type": "Polygon", "coordinates": [ [ [ -99.314845621163315, 19.334461467546653 ], [ -99.317808208015421, 19.339311903045033 ], [ -99.323714763901066, 19.339301508323867 ], [ -99.326658383722105, 19.334440683727774 ], [ -99.323695627999342, 19.329590391966192 ], [ -99.317789421256208, 19.329600781064205 ], [ -99.314845621163315, 19.334461467546653 ] ] ] } },
{ "type": "Feature", "properties": { "alcaldia": "CUJ", "clave": "CUJ-045", "n": "045" }, "geometry": { "type": "Polygon", "coordinates": [ [ [ -99.305976996545198, 19.329620985361093 ], [ -99.308939234253259, 19.334471572429006 ], [ -99.314845621163315, 19.334461467546653 ], [ -99.317789421256208, 19.329600781064205 ], [ -99.314827014571023, 19.324750337617726 ], [ -99.30892097670008, 19.324760437032541 ], [ -99.305976996545198, 19.329620985361093 ] ] ] } },
{ "type": "Feature", "properties": { "alcaldia": "CUJ", "clave": "CUJ-046", "n": "046" }, "geometry": { "type": "Polygon", "coordinates": [ [ [ -99.297126449521798, 19.334491208136985 ], [ -99.300088518042784, 19.339341938788007 ], [ -99.305995085016278, 19.339332118277618 ], [ -99.308939234253259, 19.334471572429006 ], [ -99.305976996545198, 19.329620985361093 ], [ -99.300070778717256, 19.329630800558952 ], [ -99.297126449521798, 19.334491208136985 ] ] ] } },
{ "type": "Feature", "properties": { "alcaldia": "CUJ", "clave": "CUJ-047", "n": "047" }, "geometry": { "type": "Polygon", "coordinates": [ [ [ -99.288258332466327, 19.329649857051006 ], [ -99.291220051840341, 19.334500738961609 ], [ -99.297126449521798, 19.334491208136985 ], [ -99.300070778717256, 19.329630800558952 ], [ -99.297108890049785, 19.324780062116055 ], [ -99.291202841410339, 19.324789587783751 ], [ -99.288258332466327, 19.329649857051006 ] ] ] } },
{ "type": "Feature", "properties": { "alcaldia": "AOB", "clave": "AOB-036", "n": "036" }, "geometry": { "type": "Polygon", "coordinates": [ [ [ -99.279407246195845, 19.334519226549709 ], [ -99.282368796066464, 19.339370251889644 ], [ -99.288275373497896, 19.339361005594512 ], [ -99.291220051840341, 19.334500738961609 ], [ -99.288258332466327, 19.329649857051006 ], [ -99.282352104183275, 19.329659098344237 ], [ -99.279407246195845, 19.334519226549709 ] ] ] } },
{ "type": "Feature", "properties": { "alcaldia": "AOB", "clave": "AOB-037", "n": "037" }, "geometry": { "type": "Polygon", "coordinates": [ [ [ -99.270539637651851, 19.329677007022742 ], [ -99.273500838372755, 19.334528183312244 ], [ -99.279407246195845, 19.334519226549709 ], [ -99.282352104183275, 19.329659098344237 ], [ -99.279390733852679, 19.324808065368611 ], [ -99.273484675074357, 19.324817017284833 ], [ -99.270539637651851, 19.329677007022742 ] ] ] } },
{ "type": "Feature", "properties": { "alcaldia": "AOB", "clave": "AOB-038", "n": "038" }, "geometry": { "type": "Polygon", "coordinates": [ [ [ -99.26168801307486, 19.334545522772022 ], [ -99.264649043976121, 19.339396842336981 ], [ -99.270555631235595, 19.339388170261337 ], [ -99.273500838372755, 19.334528183312244 ], [ -99.270539637651851, 19.329677007022742 ], [ -99.264633399543428, 19.329685674407109 ], [ -99.26168801307486, 19.334545522772022 ] ] ] } },
{ "type": "Feature", "properties": { "alcaldia": "AOB", "clave": "AOB-039", "n": "039" }, "geometry": { "type": "Polygon", "coordinates": [ [ [ -99.252820913990988, 19.329702435263879 ], [ -99.255781595739961, 19.334553905468375 ], [ -99.26168801307486, 19.334545522772022 ], [ -99.264633399543428, 19.329685674407109 ], [ -99.261672547868613, 19.324834347362589 ], [ -99.255766479581069, 19.32484272552324 ], [ -99.252820913990988, 19.329702435263879 ] ] ] } },
{ "type": "Feature", "properties": { "alcaldia": "AOB", "clave": "AOB-040", "n": "040" }, "geometry": { "type": "Polygon", "coordinates": [ [ [ -99.243968752048261, 19.334570096791893 ], [ -99.246929263661457, 19.339421710117868 ], [ -99.252835860119063, 19.33941361226568 ], [ -99.255781595739961, 19.334553905468375 ], [ -99.252820913990988, 19.329702435263879 ], [ -99.246914666686919, 19.329710528735429 ], [ -99.243968752048261, 19.334570096791893 ] ] ] } },
{ "type": "Feature", "properties": { "alcaldia": "AOB", "clave": "AOB-041", "n": "041" }, "geometry": { "type": "Polygon", "coordinates": [ [ [ -99.235102163372929, 19.329726141762805 ], [ -99.238062325831393, 19.334577905418232 ], [ -99.243968752048261, 19.334570096791893 ], [ -99.246914666686919, 19.329710528735429 ], [ -99.243954333986508, 19.324858908085972 ], [ -99.238048256819411, 19.324866712487218 ], [ -99.235102163372929, 19.329726141762805 ] ] ] } },
{ "type": "Feature", "properties": { "alcaldia": "AOB", "clave": "AOB-042", "n": "042" }, "geometry": { "type": "Polygon", "coordinates": [ [ [ -99.226249465005552, 19.334592948598093 ], [ -99.229209457012203, 19.339444855220943 ], [ -99.235116062038031, 19.339437331595896 ], [ -99.238062325831393, 19.334577905418232 ], [ -99.235102163372929, 19.329726141762805 ], [ -99.229195907502955, 19.329733661317839 ], [ -99.226249465005552, 19.334592948598093 ] ] ] } },
{ "type": "Feature", "properties": { "alcaldia": "MAC", "clave": "MAC-063", "n": "063" }, "geometry": { "type": "Polygon", "coordinates": [ [ [ -99.21738338768688, 19.329748126508676 ], [ -99.220343030536554, 19.334600183150847 ], [ -99.226249465005552, 19.334592948598093 ], [ -99.229195907502955, 19.329733661317839 ], [ -99.226236094095356, 19.324881747527531 ], [ -99.220330008678346, 19.324888978165813 ], [ -99.21738338768688, 19.329748126508676 ] ] ] } },
{ "type": "Feature", "properties": { "alcaldia": "MAC", "clave": "MAC-064", "n": "064" }, "geometry": { "type": "Polygon", "coordinates": [ [ [ -99.208530153836236, 19.334614078180167 ], [ -99.211489625918063, 19.339466277635609 ], [ -99.217396238882202, 19.339459328241162 ], [ -99.220343030536554, 19.334600183150847 ], [ -99.21738338768688, 19.329748126508676 ], [ -99.211477123880741, 19.329755072143751 ], [ -99.208530153836236, 19.334614078180167 ] ] ] } },
{ "type": "Feature", "properties": { "alcaldia": "AOB", "clave": "AOB-043", "n": "043" }, "geometry": { "type": "Polygon", "coordinates": [ [ [ -99.199664588822074, 19.329768389491441 ], [ -99.202623711744891, 19.334620738656035 ], [ -99.208530153836236, 19.334614078180167 ], [ -99.211477123880741, 19.329755072143751 ], [ -99.208517830084105, 19.324902865676826 ], [ -99.202611737046837, 19.324909522548836 ], [ -99.199664588822074, 19.329768389491441 ] ] ] } },
{ "type": "Feature", "properties": { "alcaldia": "COY", "clave": "COY-029", "n": "029" }, "geometry": { "type": "Polygon", "coordinates": [ [ [ -99.190810820429746, 19.334633485528471 ], [ -99.193769772268809, 19.33948597735208 ], [ -99.199676392541349, 19.339479602191407 ], [ -99.202623711744891, 19.334620738656035 ], [ -99.199664588822074, 19.329768389491441 ], [ -99.193758317709523, 19.329774761203382 ], [ -99.190810820429746, 19.334633485528471 ] ] ] } },
{ "type": "Feature", "properties": { "alcaldia": "COY", "clave": "COY-030", "n": "030" }, "geometry": { "type": "Polygon", "coordinates": [ [ [ -99.181945768667774, 19.32978693070184 ], [ -99.184904371345922, 19.334639571924399 ], [ -99.190810820429746, 19.334633485528471 ], [ -99.193758317709523, 19.329774761203382 ], [ -99.190799543841734, 19.324922262524201 ], [ -99.184893443813877, 19.324928345626905 ], [ -99.181945768667774, 19.32978693070184 ] ] ] } },
{ "type": "Feature", "properties": { "alcaldia": "COY", "clave": "COY-031", "n": "031" }, "geometry": { "type": "Polygon", "coordinates": [ [ [ -99.173091466675629, 19.334651170634121 ], [ -99.176049897954186, 19.339503954361351 ], [ -99.181956524905218, 19.339498153437361 ], [ -99.184904371345922, 19.334639571924399 ], [ -99.181945768667774, 19.32978693070184 ], [ -99.176039490878566, 19.329792728487735 ], [ -99.173091466675629, 19.334651170634121 ] ] ] } },
{ "type": "Feature", "properties": { "alcaldia": "COY", "clave": "COY-032", "n": "032" }, "geometry": { "type": "Polygon", "coordinates": [ [ [ -99.164226929113241, 19.329803750131394 ], [ -99.167185011229151, 19.334656682947323 ], [ -99.173091466675629, 19.334651170634121 ], [ -99.176039490878566, 19.329792728487735 ], [ -99.173081237257264, 19.324939938060798 ], [ -99.167175130868458, 19.324945447391404 ], [ -99.164226929113241, 19.329803750131394 ] ] ] } },
{ "type": "Feature", "properties": { "alcaldia": "COY", "clave": "COY-033", "n": "033" }, "geometry": { "type": "Polygon", "coordinates": [ [ [ -99.155372094463402, 19.334667133489031 ], [ -99.158330004863998, 19.339520208655202 ], [ -99.164236637863567, 19.339514981970549 ], [ -99.167185011229151, 19.334656682947323 ], [ -99.164226929113241, 19.329803750131394 ], [ -99.158320645277101, 19.329808973988587 ], [ -99.155372094463402, 19.334667133489031 ] ] ] } },
{ "type": "Feature", "properties": { "alcaldia": "COY", "clave": "COY-034", "n": "034" }, "geometry": { "type": "Polygon", "coordinates": [ [ [ -99.146508072047723, 19.329818847772405 ], [ -99.149465633284109, 19.334672071716994 ], [ -99.155372094463402, 19.334667133489031 ], [ -99.158320645277101, 19.329808973988587 ], [ -99.155362912219672, 19.324955892278528 ], [ -99.149456800099614, 19.32496082783452 ], [ -99.146508072047723, 19.329818847772405 ] ] ] } },
{ "type": "Feature", "properties": { "alcaldia": "COY", "clave": "COY-035", "n": "035" }, "geometry": { "type": "Polygon", "coordinates": [ [ [ -99.137652705682584, 19.334681374085903 ], [ -99.140610094888004, 19.339534740226203 ], [ -99.146516733306214, 19.339530087783277 ], [ -99.149465633284109, 19.334672071716994 ], [ -99.146508072047723, 19.329818847772405 ], [ -99.140601782794434, 19.329823497698523 ], [ -99.137652705682584, 19.334681374085903 ] ] ] } },
{ "type": "Feature", "properties": { "alcaldia": "COY", "clave": "COY-036", "n": "036" }, "geometry": { "type": "Polygon", "coordinates": [ [ [ -99.128789199360497, 19.329832223617991 ], [ -99.131746239400343, 19.334685738226373 ], [ -99.137652705682584, 19.334681374085903 ], [ -99.140601782794434, 19.329823497698523 ], [ -99.137644570617979, 19.3249701251701 ], [ -99.131738453396352, 19.324974486949223 ], [ -99.128789199360497, 19.329832223617991 ] ] ] } },
{ "type": "Feature", "properties": { "alcaldia": "COY", "clave": "COY-037", "n": "037" }, "geometry": { "type": "Polygon", "coordinates": [ [ [ -99.119933302222734, 19.33469389241823 ], [ -99.122890169916033, 19.339547549067699 ], [ -99.128796813122904, 19.339543470868634 ], [ -99.131746239400343, 19.334685738226373 ], [ -99.128789199360497, 19.329832223617991 ], [ -99.122882905319827, 19.329836299610893 ], [ -99.119933302222734, 19.33469389241823 ] ] ] } },
{ "type": "Feature", "properties": { "alcaldia": "COY", "clave": "COY-038", "n": "038" }, "geometry": { "type": "Polygon", "coordinates": [ [ [ -99.111070312940868, 19.329843877662018 ], [ -99.11402683146737, 19.334697682469212 ], [ -99.119933302222734, 19.33469389241823 ], [ -99.122882905319827, 19.329836299610893 ], [ -99.11992621434122, 19.324982636729008 ], [ -99.114020092647692, 19.324986424729261 ], [ -99.111070312940868, 19.329843877662018 ] ] ] } },
{ "type": "Feature", "properties": { "alcaldia": "IZP", "clave": "IZP-021", "n": "021" }, "geometry": { "type": "Polygon", "coordinates": [ [ [ -99.102213885973399, 19.33470468848029 ], [ -99.105170231837846, 19.339558635173855 ], [ -99.11107687920348, 19.339555131220507 ], [ -99.11402683146737, 19.334697682469212 ], [ -99.111070312940868, 19.329843877662018 ], [ -99.10516401474257, 19.329847379719855 ], [ -99.102213885973399, 19.33470468848029 ] ] ] } },
{ "type": "Feature", "properties": { "alcaldia": "IZP", "clave": "IZP-022", "n": "022" }, "geometry": { "type": "Polygon", "coordinates": [ [ [ -99.093351414678153, 19.32985380989917 ], [ -99.096307411374752, 19.334707904440045 ], [ -99.102213885973399, 19.33470468848029 ], [ -99.10516401474257, 19.329847379719855 ], [ -99.102207845278457, 19.324993426949533 ], [ -99.096301719742698, 19.324996641169193 ], [ -99.093351414678153, 19.32985380989917 ] ] ] } },
{ "type": "Feature", "properties": { "alcaldia": "IZP", "clave": "IZP-023", "n": "023" }, "geometry": { "type": "Polygon", "coordinates": [ [ [ -99.084494458824111, 19.33471376226715 ], [ -99.087450282543273, 19.339567998539582 ], [ -99.093356933437732, 19.339565068833554 ], [ -99.096307411374752, 19.334707904440045 ], [ -99.093351414678153, 19.32985380989917 ], [ -99.087445112951983, 19.329856738020336 ], [ -99.084494458824111, 19.33471376226715 ] ] ] } },
{ "type": "Feature", "properties": { "alcaldia": "IZP", "clave": "IZP-024", "n": "024" }, "geometry": { "type": "Polygon", "coordinates": [ [ [ -99.075632506461616, 19.329862020324907 ], [ -99.078587981012078, 19.334716404134202 ], [ -99.084494458824111, 19.33471376226715 ], [ -99.087445112951983, 19.329856738020336 ], [ -99.084489465318711, 19.325002495826745 ], [ -99.078583336570404, 19.325005136264338 ], [ -99.075632506461616, 19.329862020324907 ] ] ] } },
{ "type": "Feature", "properties": { "alcaldia": "IZP", "clave": "IZP-025", "n": "025" }, "geometry": { "type": "Polygon", "coordinates": [ [ [ -99.066775022664473, 19.334721113774645 ], [ -99.069730323922158, 19.339575639160611 ], [ -99.075636977715476, 19.339573283703245 ], [ -99.078587981012078, 19.334716404134202 ], [ -99.075632506461616, 19.329862020324907 ], [ -99.069726201837369, 19.329864374508055 ], [ -99.066775022664473, 19.334721113774645 ] ] ] } },
{ "type": "Feature", "properties": { "alcaldia": "IZP", "clave": "IZP-026", "n": "026" }, "geometry": { "type": "Polygon", "coordinates": [ [ [ -99.057913590180604, 19.329868508935473 ], [ -99.060868542268878, 19.334723181547801 ], [ -99.066775022664473, 19.334721113774645 ], [ -99.069726201837369, 19.329864374508055 ], [ -99.066771076351031, 19.325009843356487 ], [ -99.060864945019887, 19.325011910010812 ], [ -99.057913590180604, 19.329868508935473 ] ] ] } },
{ "type": "Feature", "properties": { "alcaldia": "IZP", "clave": "IZP-027", "n": "027" }, "geometry": { "type": "Polygon", "coordinates": [ [ [ -99.049055579384031, 19.334726742999436 ], [ -99.05201035786429, 19.339581557033441 ], [ -99.057917013926556, 19.339579775825811 ], [ -99.060868542268878, 19.334723181547801 ], [ -99.057913590180604, 19.329868508935473 ], [ -99.05200728328802, 19.329870289179524 ], [ -99.049055579384031, 19.334726742999436 ] ] ] } },
{ "type": "Feature", "properties": { "alcaldia": "IZP", "clave": "IZP-028", "n": "028" }, "geometry": { "type": "Polygon", "coordinates": [ [ [ -99.040194667724407, 19.329873275727891 ], [ -99.043149097034728, 19.334728236677737 ], [ -99.049055579384031, 19.334726742999436 ], [ -99.05200728328802, 19.329870289179524 ], [ -99.049052680264495, 19.325015469535415 ], [ -99.043146546980168, 19.32501696240552 ], [ -99.040194667724407, 19.329873275727891 ] ] ] } },
{ "type": "Feature", "properties": { "alcaldia": "IZP", "clave": "IZP-029", "n": "029" }, "geometry": { "type": "Polygon", "coordinates": [ [ [ -99.031336130872361, 19.33473064993894 ], [ -99.034290386259514, 19.339585752155376 ], [ -99.040197043960774, 19.339584545198296 ], [ -99.043149097034728, 19.334728236677737 ], [ -99.040194667724407, 19.329873275727891 ], [ -99.034288359193283, 19.329874482032047 ], [ -99.031336130872361, 19.33473064993894 ] ] ] } },
{ "type": "Feature", "properties": { "alcaldia": "IZP", "clave": "IZP-030", "n": "030" }, "geometry": { "type": "Polygon", "coordinates": [ [ [ -99.022475740982344, 19.329876320699999 ], [ -99.025429647199246, 19.334731569521711 ], [ -99.031336130872361, 19.33473064993894 ], [ -99.034288359193283, 19.329874482032047 ], [ -99.031334278948137, 19.325019374360952 ], [ -99.025428144340353, 19.325020293446148 ], [ -99.022475740982344, 19.329876320699999 ] ] ] } },
{ "type": "Feature", "properties": { "alcaldia": "IZP", "clave": "IZP-031", "n": "031" }, "geometry": { "type": "Polygon", "coordinates": [ [ [ -99.013616679019052, 19.334732834591367 ], [ -99.016570410997673, 19.339588224524491 ], [ -99.022477069707989, 19.339587591818518 ], [ -99.025429647199246, 19.334731569521711 ], [ -99.022475740982344, 19.329876320699999 ], [ -99.016569431442463, 19.329876953063696 ], [ -99.013616679019052, 19.334732834591367 ] ] ] } },
{ "type": "Feature", "properties": { "alcaldia": "IZP", "clave": "IZP-032", "n": "032" }, "geometry": { "type": "Polygon", "coordinates": [ [ [ -99.004756811843777, 19.329877643850395 ], [ -99.007710194651949, 19.334733180078185 ], [ -99.013616679019052, 19.334732834591367 ], [ -99.016569431442463, 19.329876953063696 ], [ -99.013615874291048, 19.325021557831302 ], [ -99.007709738989476, 19.325021903131187 ], [ -99.004756811843777, 19.329877643850395 ] ] ] } },
{ "type": "Feature", "properties": { "alcaldia": "IZP", "clave": "IZP-033", "n": "033" }, "geometry": { "type": "Polygon", "coordinates": [ [ [ -98.995897225713676, 19.334733296955719 ], [ -98.998850433968613, 19.339588974139655 ], [ -99.004757093058018, 19.339588915685077 ], [ -99.007710194651949, 19.334733180078185 ], [ -99.004756811843777, 19.329877643850395 ], [ -98.998850501924892, 19.32987770227335 ], [ -98.995897225713676, 19.334733296955719 ] ] ] } },
{ "type": "Feature", "properties": { "alcaldia": "IZP", "clave": "IZP-034", "n": "034" }, "geometry": { "type": "Polygon", "coordinates": [ [ [ -98.987037882197981, 19.329877245178469 ], [ -98.989990741282455, 19.334733068346431 ], [ -98.995897225713676, 19.334733296955719 ], [ -98.998850501924892, 19.32987770227335 ], [ -98.995897468182292, 19.325022019945479 ], [ -98.989991332816615, 19.325021791459889 ], [ -98.987037882197981, 19.329877245178469 ] ] ] } },
{ "type": "Feature", "properties": { "alcaldia": "IZP", "clave": "IZP-035", "n": "035" }, "geometry": { "type": "Polygon", "coordinates": [ [ [ -98.978177772845797, 19.334732037031788 ], [ -98.98113045706215, 19.339588001000539 ], [ -98.987037115900705, 19.339588516797374 ], [ -98.989990741282455, 19.334733068346431 ], [ -98.987037882197981, 19.329877245178469 ], [ -98.98113157252989, 19.329876729660654 ], [ -98.978177772845797, 19.334732037031788 ] ] ] } },
{ "type": "Feature", "properties": { "alcaldia": "IZP", "clave": "IZP-036", "n": "036" }, "geometry": { "type": "Polygon", "coordinates": [ [ [ -98.969318953934334, 19.329875124684413 ], [ -98.972271288980338, 19.334731234326497 ], [ -98.978177772845797, 19.334732037031788 ], [ -98.98113157252989, 19.329876729660654 ], [ -98.978179062510932, 19.325020760703271 ], [ -98.972272927710847, 19.325019958432307 ], [ -98.969318953934334, 19.329875124684413 ] ] ] } },
{ "type": "Feature", "properties": { "alcaldia": "IZP", "clave": "IZP-037", "n": "037" }, "geometry": { "type": "Polygon", "coordinates": [ [ [ -98.960458322305044, 19.334729054820155 ], [ -98.963410482168115, 19.339585305107558 ], [ -98.969317140125867, 19.339586395155585 ], [ -98.972271288980338, 19.334731234326497 ], [ -98.969318953934334, 19.329875124684413 ], [ -98.963412645146775, 19.329874035226062 ], [ -98.960458322305044, 19.334729054820155 ] ] ] } },
{ "type": "Feature", "properties": { "alcaldia": "CUJ", "clave": "CUJ-048", "n": "048" }, "geometry": { "type": "Polygon", "coordinates": [ [ [ -99.323714763901066, 19.339301508323867 ], [ -99.326677700000687, 19.344151792057968 ], [ -99.332584424755467, 19.344141107343702 ], [ -99.335527864094658, 19.339280144674433 ], [ -99.332564759230934, 19.334430004792306 ], [ -99.326658383722105, 19.334440683727774 ], [ -99.323714763901066, 19.339301508323867 ] ] ] } },
{ "type": "Feature", "properties": { "alcaldia": "CUJ", "clave": "CUJ-049", "n": "049" }, "geometry": { "type": "Polygon", "coordinates": [ [ [ -99.314864238946882, 19.344172587123804 ], [ -99.317827006072406, 19.349023014671584 ], [ -99.323733911310555, 19.349012614326615 ], [ -99.326677700000687, 19.344151792057968 ], [ -99.323714763901066, 19.339301508323867 ], [ -99.317808208015421, 19.339311903045033 ], [ -99.314864238946882, 19.344172587123804 ] ] ] } },
{ "type": "Feature", "properties": { "alcaldia": "CUJ", "clave": "CUJ-050", "n": "050" }, "geometry": { "type": "Polygon", "coordinates": [ [ [ -99.305995085016278, 19.339332118277618 ], [ -99.308957502787806, 19.344182697474324 ], [ -99.314864238946882, 19.344172587123804 ], [ -99.317808208015421, 19.339311903045033 ], [ -99.314845621163315, 19.334461467546653 ], [ -99.308939234253259, 19.334471572429006 ], [ -99.305995085016278, 19.339332118277618 ] ] ] } },
{ "type": "Feature", "properties": { "alcaldia": "CUJ", "clave": "CUJ-051", "n": "051" }, "geometry": { "type": "Polygon", "coordinates": [ [ [ -99.297144019555304, 19.344202343807979 ], [ -99.300106268036245, 19.349053066664656 ], [ -99.306013184365227, 19.349043240841119 ], [ -99.308957502787806, 19.344182697474324 ], [ -99.305995085016278, 19.339332118277618 ], [ -99.300088518042784, 19.339341938788007 ], [ -99.297144019555304, 19.344202343807979 ] ] ] } },
{ "type": "Feature", "properties": { "alcaldia": "CUJ", "clave": "CUJ-052", "n": "052" }, "geometry": { "type": "Polygon", "coordinates": [ [ [ -99.288275373497896, 19.339361005594512 ], [ -99.291237272621899, 19.344211879790123 ], [ -99.297144019555304, 19.344202343807979 ], [ -99.300088518042784, 19.339341938788007 ], [ -99.297126449521798, 19.334491208136985 ], [ -99.291220051840341, 19.334500738961609 ], [ -99.288275373497896, 19.339361005594512 ] ] ] } },
{ "type": "Feature", "properties": { "alcaldia": "CUJ", "clave": "CUJ-053", "n": "053" }, "geometry": { "type": "Polygon", "coordinates": [ [ [ -99.279423768470693, 19.344230377382608 ], [ -99.282385497987676, 19.34908139508439 ], [ -99.288292424777453, 19.349072143786778 ], [ -99.291237272621899, 19.344211879790123 ], [ -99.288275373497896, 19.339361005594512 ], [ -99.282368796066464, 19.339370251889644 ], [ -99.279423768470693, 19.344230377382608 ] ] ] } },
{ "type": "Feature", "properties": { "alcaldia": "CUJ", "clave": "CUJ-054", "n": "054" }, "geometry": { "type": "Polygon", "coordinates": [ [ [ -99.270555631235595, 19.339388170261337 ], [ -99.273517011392897, 19.344239338992015 ], [ -99.279423768470693, 19.344230377382608 ], [ -99.282368796066464, 19.339370251889644 ], [ -99.279407246195845, 19.334519226549709 ], [ -99.273500838372755, 19.334528183312244 ], [ -99.270555631235595, 19.339388170261337 ] ] ] } },
{ "type": "Feature", "properties": { "alcaldia": "CUJ", "clave": "CUJ-055", "n": "055" }, "geometry": { "type": "Polygon", "coordinates": [ [ [ -99.261703487582949, 19.344256687834879 ], [ -99.264664697816926, 19.349107999917834 ], [ -99.270571634437403, 19.349099323150369 ], [ -99.273517011392897, 19.344239338992015 ], [ -99.270555631235595, 19.339388170261337 ], [ -99.264649043976121, 19.339396842336981 ], [ -99.261703487582949, 19.344256687834879 ] ] ] } },
{ "type": "Feature", "properties": { "alcaldia": "AOB", "clave": "AOB-044", "n": "044" }, "geometry": { "type": "Polygon", "coordinates": [ [ [ -99.252835860119063, 19.33941361226568 ], [ -99.255796720990773, 19.344265075067455 ], [ -99.261703487582949, 19.344256687834879 ], [ -99.264649043976121, 19.339396842336981 ], [ -99.26168801307486, 19.334545522772022 ], [ -99.255781595739961, 19.334553905468375 ], [ -99.252835860119063, 19.33941361226568 ] ] ] } },
{ "type": "Feature", "properties": { "alcaldia": "AOB", "clave": "AOB-045", "n": "045" }, "geometry": { "type": "Polygon", "coordinates": [ [ [ -99.243983178782045, 19.34428127515276 ], [ -99.246943869414196, 19.349132881152826 ], [ -99.25285081523532, 19.349124778919489 ], [ -99.255796720990773, 19.344265075067455 ], [ -99.252835860119063, 19.33941361226568 ], [ -99.246929263661457, 19.339421710117868 ], [ -99.243983178782045, 19.34428127515276 ] ] ] } },
{ "type": "Feature", "properties": { "alcaldia": "AOB", "clave": "AOB-046", "n": "046" }, "geometry": { "type": "Polygon", "coordinates": [ [ [ -99.235116062038031, 19.339437331595896 ], [ -99.238076403305485, 19.344289088004672 ], [ -99.243983178782045, 19.34428127515276 ], [ -99.246929263661457, 19.339421710117868 ], [ -99.243968752048261, 19.334570096791893 ], [ -99.238062325831393, 19.334577905418232 ], [ -99.235116062038031, 19.339437331595896 ] ] ] } },
{ "type": "Feature", "properties": { "alcaldia": "AOB", "clave": "AOB-047", "n": "047" }, "geometry": { "type": "Polygon", "coordinates": [ [ [ -99.226262843957969, 19.344304139325011 ], [ -99.229223014669728, 19.349156038777991 ], [ -99.235129969061404, 19.349148511082475 ], [ -99.238076403305485, 19.344289088004672 ], [ -99.235116062038031, 19.339437331595896 ], [ -99.229209457012203, 19.339444855220943 ], [ -99.226262843957969, 19.344304139325011 ] ] ] } },
{ "type": "Feature", "properties": { "alcaldia": "AOB", "clave": "AOB-048", "n": "048" }, "geometry": { "type": "Polygon", "coordinates": [ [ [ -99.217396238882202, 19.339459328241162 ], [ -99.220356060227033, 19.344311377792685 ], [ -99.226262843957969, 19.344304139325011 ], [ -99.229209457012203, 19.339444855220943 ], [ -99.226249465005552, 19.334592948598093 ], [ -99.220343030536554, 19.334600183150847 ], [ -99.217396238882202, 19.339459328241162 ] ] ] } },
{ "type": "Feature", "properties": { "alcaldia": "AOB", "clave": "AOB-049", "n": "049" }, "geometry": { "type": "Polygon", "coordinates": [ [ [ -99.20854248500072, 19.344325280341181 ], [ -99.211502135473751, 19.349177472782745 ], [ -99.217409097805898, 19.34917051962849 ], [ -99.220356060227033, 19.344311377792685 ], [ -99.217396238882202, 19.339459328241162 ], [ -99.211489625918063, 19.339466277635609 ], [ -99.20854248500072, 19.344325280341181 ] ] ] } },
{ "type": "Feature", "properties": { "alcaldia": "AOB", "clave": "AOB-050", "n": "050" }, "geometry": { "type": "Polygon", "coordinates": [ [ [ -99.199676392541349, 19.339479602191407 ], [ -99.202635693645377, 19.344331944421302 ], [ -99.20854248500072, 19.344325280341181 ], [ -99.211489625918063, 19.339466277635609 ], [ -99.208530153836236, 19.334614078180167 ], [ -99.202623711744891, 19.334620738656035 ], [ -99.199676392541349, 19.339479602191407 ] ] ] } },
{ "type": "Feature", "properties": { "alcaldia": "AOB", "clave": "AOB-051", "n": "051" }, "geometry": { "type": "Polygon", "coordinates": [ [ [ -99.190822103800301, 19.344344698191602 ], [ -99.193781233716535, 19.349197183157269 ], [ -99.199688203359045, 19.349190804547465 ], [ -99.202635693645377, 19.344331944421302 ], [ -99.199676392541349, 19.339479602191407 ], [ -99.193769772268809, 19.33948597735208 ], [ -99.190822103800301, 19.344344698191602 ] ] ] } },
{ "type": "Feature", "properties": { "alcaldia": "COY", "clave": "COY-039", "n": "039" }, "geometry": { "type": "Polygon", "coordinates": [ [ [ -99.181956524905218, 19.339498153437361 ], [ -99.184915305450559, 19.34435078788113 ], [ -99.190822103800301, 19.344344698191602 ], [ -99.193769772268809, 19.33948597735208 ], [ -99.190810820429746, 19.334633485528471 ], [ -99.184904371345922, 19.334639571924399 ], [ -99.181956524905218, 19.339498153437361 ] ] ] } },
{ "type": "Feature", "properties": { "alcaldia": "COY", "clave": "COY-040", "n": "040" }, "geometry": { "type": "Polygon", "coordinates": [ [ [ -99.173101702246697, 19.344362392867396 ], [ -99.176060311288353, 19.34921516989257 ], [ -99.181967287611158, 19.349209365830131 ], [ -99.184915305450559, 19.34435078788113 ], [ -99.181956524905218, 19.339498153437361 ], [ -99.176049897954186, 19.339503954361351 ], [ -99.173101702246697, 19.344362392867396 ] ] ] } },
{ "type": "Feature", "properties": { "alcaldia": "COY", "clave": "COY-041", "n": "041" }, "geometry": { "type": "Polygon", "coordinates": [ [ [ -99.164236637863567, 19.339514981970549 ], [ -99.167194897532596, 19.344367908163544 ], [ -99.173101702246697, 19.344362392867396 ], [ -99.176049897954186, 19.339503954361351 ], [ -99.173091466675629, 19.334651170634121 ], [ -99.167185011229151, 19.334656682947323 ], [ -99.164236637863567, 19.339514981970549 ] ] ] } },
{ "type": "Feature", "properties": { "alcaldia": "COY", "clave": "COY-042", "n": "042" }, "geometry": { "type": "Polygon", "coordinates": [ [ [ -99.155381282229996, 19.34437836436047 ], [ -99.158339370079489, 19.349231432980424 ], [ -99.164246352452494, 19.349226203468 ], [ -99.167194897532596, 19.344367908163544 ], [ -99.164236637863567, 19.339514981970549 ], [ -99.158330004863998, 19.339520208655202 ], [ -99.155381282229996, 19.34437836436047 ] ] ] } },
{ "type": "Feature", "properties": { "alcaldia": "COY", "clave": "COY-043", "n": "043" }, "geometry": { "type": "Polygon", "coordinates": [ [ [ -99.146516733306214, 19.339530087783277 ], [ -99.149474471781517, 19.344383305260717 ], [ -99.155381282229996, 19.34437836436047 ], [ -99.158330004863998, 19.339520208655202 ], [ -99.155372094463402, 19.334667133489031 ], [ -99.149465633284109, 19.334672071716994 ], [ -99.146516733306214, 19.339530087783277 ] ] ] } },
{ "type": "Feature", "properties": { "alcaldia": "COY", "clave": "COY-044", "n": "044" }, "geometry": { "type": "Polygon", "coordinates": [ [ [ -99.137660845640212, 19.344392612663526 ], [ -99.140618411980256, 19.349245972413382 ], [ -99.146525399773353, 19.349241317453362 ], [ -99.149474471781517, 19.344383305260717 ], [ -99.146516733306214, 19.339530087783277 ], [ -99.140610094888004, 19.339534740226203 ], [ -99.137660845640212, 19.344392612663526 ] ] ] } },
{ "type": "Feature", "properties": { "alcaldia": "COY", "clave": "COY-045", "n": "045" }, "geometry": { "type": "Polygon", "coordinates": [ [ [ -99.128796813122904, 19.339543470868634 ], [ -99.131754030087393, 19.344396979165616 ], [ -99.137660845640212, 19.344392612663526 ], [ -99.140610094888004, 19.339534740226203 ], [ -99.137652705682584, 19.334681374085903 ], [ -99.131746239400343, 19.334685738226373 ], [ -99.128796813122904, 19.339543470868634 ] ] ] } },
{ "type": "Feature", "properties": { "alcaldia": "COY", "clave": "COY-046", "n": "046" }, "geometry": { "type": "Polygon", "coordinates": [ [ [ -99.119940394367404, 19.344405137770053 ], [ -99.122897438880955, 19.349258788184809 ], [ -99.128804431464033, 19.349254707779323 ], [ -99.131754030087393, 19.344396979165616 ], [ -99.128796813122904, 19.339543470868634 ], [ -99.122890169916033, 19.339547549067699 ], [ -99.119940394367404, 19.344405137770053 ] ] ] } },
{ "type": "Feature", "properties": { "alcaldia": "COY", "clave": "COY-047", "n": "047" }, "geometry": { "type": "Polygon", "coordinates": [ [ [ -99.11107687920348, 19.339555131220507 ], [ -99.114033574340255, 19.344408929871982 ], [ -99.119940394367404, 19.344405137770053 ], [ -99.122890169916033, 19.339547549067699 ], [ -99.119933302222734, 19.33469389241823 ], [ -99.11402683146737, 19.334697682469212 ], [ -99.11107687920348, 19.339555131220507 ] ] ] } },
{ "type": "Feature", "properties": { "alcaldia": "IZP", "clave": "IZP-038", "n": "038" }, "geometry": { "type": "Polygon", "coordinates": [ [ [ -99.102219930301629, 19.34441593967431 ], [ -99.105176452671898, 19.349269880288826 ], [ -99.111083449414863, 19.349266374439747 ], [ -99.114033574340255, 19.344408929871982 ], [ -99.11107687920348, 19.339555131220507 ], [ -99.105170231837846, 19.339558635173855 ], [ -99.102219930301629, 19.34441593967431 ] ] ] } },
{ "type": "Feature", "properties": { "alcaldia": "IZP", "clave": "IZP-039", "n": "039" }, "geometry": { "type": "Polygon", "coordinates": [ [ [ -99.093356933437732, 19.339565068833554 ], [ -99.096313106430188, 19.344419157374357 ], [ -99.102219930301629, 19.34441593967431 ], [ -99.105170231837846, 19.339558635173855 ], [ -99.102213885973399, 19.33470468848029 ], [ -99.096307411374752, 19.334707904440045 ], [ -99.093356933437732, 19.339565068833554 ] ] ] } },
{ "type": "Feature", "properties": { "alcaldia": "IZP", "clave": "IZP-040", "n": "040" }, "geometry": { "type": "Polygon", "coordinates": [ [ [ -99.084499455332974, 19.344425018371375 ], [ -99.087455455243415, 19.349279248720389 ], [ -99.093362455516143, 19.349276317429315 ], [ -99.096313106430188, 19.344419157374357 ], [ -99.093356933437732, 19.339565068833554 ], [ -99.087450282543273, 19.339567998539582 ], [ -99.084499455332974, 19.344425018371375 ] ] ] } },
{ "type": "Feature", "properties": { "alcaldia": "IZP", "clave": "IZP-041", "n": "041" }, "geometry": { "type": "Polygon", "coordinates": [ [ [ -99.075636977715476, 19.339573283703245 ], [ -99.07859262824725, 19.344427661668057 ], [ -99.084499455332974, 19.344425018371375 ], [ -99.087450282543273, 19.339567998539582 ], [ -99.084494458824111, 19.33471376226715 ], [ -99.078587981012078, 19.334716404134202 ], [ -99.075636977715476, 19.339573283703245 ] ] ] } },
{ "type": "Feature", "properties": { "alcaldia": "IZP", "clave": "IZP-042", "n": "042" }, "geometry": { "type": "Polygon", "coordinates": [ [ [ -99.066778971351511, 19.344432373857085 ], [ -99.06973444848586, 19.349286893475199 ], [ -99.075641451658242, 19.349284536743465 ], [ -99.07859262824725, 19.344427661668057 ], [ -99.075636977715476, 19.339573283703245 ], [ -99.069730323922158, 19.339575639160611 ], [ -99.066778971351511, 19.344432373857085 ] ] ] } },
{ "type": "Feature", "properties": { "alcaldia": "IZP", "clave": "IZP-043", "n": "043" }, "geometry": { "type": "Polygon", "coordinates": [ [ [ -99.057917013926556, 19.339579775825811 ], [ -99.060872141681514, 19.344434442749197 ], [ -99.066778971351511, 19.344432373857085 ], [ -99.069730323922158, 19.339575639160611 ], [ -99.066775022664473, 19.334721113774645 ], [ -99.060868542268878, 19.334723181547801 ], [ -99.057917013926556, 19.339579775825811 ] ] ] } },
{ "type": "Feature", "properties": { "alcaldia": "IZP", "clave": "IZP-044", "n": "044" }, "geometry": { "type": "Polygon", "coordinates": [ [ [ -99.049058480247297, 19.344438006128083 ], [ -99.05201343428952, 19.349292814549756 ], [ -99.057920439731475, 19.349291032378449 ], [ -99.060872141681514, 19.344434442749197 ], [ -99.057917013926556, 19.339579775825811 ], [ -99.05201035786429, 19.339581557033441 ], [ -99.049058480247297, 19.344438006128083 ] ] ] } },
{ "type": "Feature", "properties": { "alcaldia": "IZP", "clave": "IZP-045", "n": "045" }, "geometry": { "type": "Polygon", "coordinates": [ [ [ -99.040197043960774, 19.339584545198296 ], [ -99.043151648623081, 19.34443950061468 ], [ -99.049058480247297, 19.344438006128083 ], [ -99.05201035786429, 19.339581557033441 ], [ -99.049055579384031, 19.334726742999436 ], [ -99.043149097034728, 19.334728236677737 ], [ -99.040197043960774, 19.339584545198296 ] ] ] } },
{ "type": "Feature", "properties": { "alcaldia": "IZP", "clave": "IZP-046", "n": "046" }, "geometry": { "type": "Polygon", "coordinates": [ [ [ -99.031337983910461, 19.34444191518179 ], [ -99.034292414544765, 19.34929701194136 ], [ -99.04019942162617, 19.349295804331284 ], [ -99.043151648623081, 19.34443950061468 ], [ -99.040197043960774, 19.339584545198296 ], [ -99.034290386259514, 19.339585752155376 ], [ -99.031337983910461, 19.34444191518179 ] ] ] } },
{ "type": "Feature", "properties": { "alcaldia": "IZP", "clave": "IZP-047", "n": "047" }, "geometry": { "type": "Polygon", "coordinates": [ [ [ -99.022477069707989, 19.339587591818518 ], [ -99.025431150962049, 19.344442835262193 ], [ -99.031337983910461, 19.34444191518179 ], [ -99.034290386259514, 19.339585752155376 ], [ -99.031336130872361, 19.33473064993894 ], [ -99.025429647199246, 19.334731569521711 ], [ -99.022477069707989, 19.339587591818518 ] ] ] } },
{ "type": "Feature", "properties": { "alcaldia": "IZP", "clave": "IZP-048", "n": "048" }, "geometry": { "type": "Polygon", "coordinates": [ [ [ -99.013617484231048, 19.344444101016428 ], [ -99.016571391141966, 19.349299485648096 ], [ -99.022478399232696, 19.349298852599812 ], [ -99.025431150962049, 19.344442835262193 ], [ -99.022477069707989, 19.339587591818518 ], [ -99.016570410997673, 19.339588224524491 ], [ -99.013617484231048, 19.344444101016428 ] ] ] } },
{ "type": "Feature", "properties": { "alcaldia": "IZP", "clave": "IZP-049", "n": "049" }, "geometry": { "type": "Polygon", "coordinates": [ [ [ -99.004757093058018, 19.339588915685077 ], [ -99.007710650588493, 19.344444446690204 ], [ -99.013617484231048, 19.344444101016428 ], [ -99.016570410997673, 19.339588224524491 ], [ -99.013616679019052, 19.334732834591367 ], [ -99.007710194651949, 19.334733180078185 ], [ -99.004757093058018, 19.339588915685077 ] ] ] } },
{ "type": "Feature", "properties": { "alcaldia": "IZP", "clave": "IZP-050", "n": "050" }, "geometry": { "type": "Polygon", "coordinates": [ [ [ -98.9958969830992, 19.344444563630987 ], [ -98.998850365971464, 19.349300235668821 ], [ -99.004757374441382, 19.349300177182617 ], [ -99.007710650588493, 19.344444446690204 ], [ -99.004757093058018, 19.339588915685077 ], [ -98.998850433968613, 19.339588974139655 ], [ -98.9958969830992, 19.344444563630987 ] ] ] } },
{ "type": "Feature", "properties": { "alcaldia": "IZP", "clave": "IZP-051", "n": "051" }, "geometry": { "type": "Polygon", "coordinates": [ [ [ -98.987037115900705, 19.339588516797374 ], [ -98.989990149392497, 19.34444433489799 ], [ -98.9958969830992, 19.344444563630987 ], [ -98.998850433968613, 19.339588974139655 ], [ -98.995897225713676, 19.334733296955719 ], [ -98.989990741282455, 19.334733068346431 ], [ -98.987037115900705, 19.339588516797374 ] ] ] } },
{ "type": "Feature", "properties": { "alcaldia": "IZP", "clave": "IZP-052", "n": "052" }, "geometry": { "type": "Polygon", "coordinates": [ [ [ -98.97817648240499, 19.344443303025262 ], [ -98.981129340923587, 19.349299262003203 ], [ -98.987036349142571, 19.349299778079107 ], [ -98.989990149392497, 19.34444433489799 ], [ -98.987037115900705, 19.339588516797374 ], [ -98.98113045706215, 19.339588001000539 ], [ -98.97817648240499, 19.344443303025262 ] ] ] } },
{ "type": "Feature", "properties": { "alcaldia": "IZP", "clave": "IZP-053", "n": "053" }, "geometry": { "type": "Polygon", "coordinates": [ [ [ -98.969317140125867, 19.339586395155585 ], [ -98.972269649264177, 19.344442499885588 ], [ -98.97817648240499, 19.344443303025262 ], [ -98.98113045706215, 19.339588001000539 ], [ -98.978177772845797, 19.334732037031788 ], [ -98.972271288980338, 19.334731234326497 ], [ -98.969317140125867, 19.339586395155585 ] ] ] } },
{ "type": "Feature", "properties": { "alcaldia": "CUJ", "clave": "CUJ-056", "n": "056" }, "geometry": { "type": "Polygon", "coordinates": [ [ [ -99.323733911310555, 19.349012614326615 ], [ -99.326697027893587, 19.353862890030705 ], [ -99.332604102104284, 19.35385219953697 ], [ -99.335547710206001, 19.348991239118924 ], [ -99.332584424755467, 19.344141107343702 ], [ -99.326677700000687, 19.344151792057968 ], [ -99.323733911310555, 19.349012614326615 ] ] ] } },
{ "type": "Feature", "properties": { "alcaldia": "CUJ", "clave": "CUJ-057", "n": "057" }, "geometry": { "type": "Polygon", "coordinates": [ [ [ -99.31488286792478, 19.353883696344788 ], [ -99.317845815430246, 19.358734115939466 ], [ -99.323753070230921, 19.35872370997005 ], [ -99.326697027893587, 19.353862890030705 ], [ -99.323733911310555, 19.349012614326615 ], [ -99.317827006072406, 19.349023014671584 ], [ -99.31488286792478, 19.353883696344788 ] ] ] } },
{ "type": "Feature", "properties": { "alcaldia": "CUJ", "clave": "CUJ-058", "n": "058" }, "geometry": { "type": "Polygon", "coordinates": [ [ [ -99.306013184365227, 19.349043240841119 ], [ -99.308975782306675, 19.353893812164092 ], [ -99.31488286792478, 19.353883696344788 ], [ -99.317827006072406, 19.349023014671584 ], [ -99.314864238946882, 19.344172587123804 ], [ -99.308957502787806, 19.344182697474324 ], [ -99.306013184365227, 19.349043240841119 ] ] ] } },
{ "type": "Feature", "properties": { "alcaldia": "CUJ", "clave": "CUJ-059", "n": "059" }, "geometry": { "type": "Polygon", "coordinates": [ [ [ -99.297161600153174, 19.353913469124642 ], [ -99.30012402870048, 19.358764184184484 ], [ -99.306031294595002, 19.358754353047196 ], [ -99.308975782306675, 19.353893812164092 ], [ -99.306013184365227, 19.349043240841119 ], [ -99.300106268036245, 19.349053066664656 ], [ -99.297161600153174, 19.353913469124642 ] ] ] } },
{ "type": "Feature", "properties": { "alcaldia": "CUJ", "clave": "CUJ-060", "n": "060" }, "geometry": { "type": "Polygon", "coordinates": [ [ [ -99.288292424777453, 19.349072143786778 ], [ -99.291254503757798, 19.353923010264886 ], [ -99.297161600153174, 19.353913469124642 ], [ -99.300106268036245, 19.349053066664656 ], [ -99.297144019555304, 19.344202343807979 ], [ -99.291237272621899, 19.344211879790123 ], [ -99.288292424777453, 19.349072143786778 ] ] ] } },
{ "type": "Feature", "properties": { "alcaldia": "CUJ", "clave": "CUJ-061", "n": "061" }, "geometry": { "type": "Polygon", "coordinates": [ [ [ -99.279440300679909, 19.353941517862907 ], [ -99.282402209949609, 19.35879252792407 ], [ -99.288309486307753, 19.358783271623402 ], [ -99.291254503757798, 19.353923010264886 ], [ -99.288292424777453, 19.349072143786778 ], [ -99.282385497987676, 19.34908139508439 ], [ -99.279440300679909, 19.353941517862907 ] ] ] } },
{ "type": "Feature", "properties": { "alcaldia": "CUJ", "clave": "CUJ-062", "n": "062" }, "geometry": { "type": "Polygon", "coordinates": [ [ [ -99.270571634437403, 19.349099323150369 ], [ -99.2735331941374, 19.353950484319736 ], [ -99.279440300679909, 19.353941517862907 ], [ -99.282385497987676, 19.34908139508439 ], [ -99.279423768470693, 19.344230377382608 ], [ -99.273517011392897, 19.344239338992015 ], [ -99.270571634437403, 19.349099323150369 ] ] ] } },
{ "type": "Feature", "properties": { "alcaldia": "CUJ", "clave": "CUJ-063", "n": "063" }, "geometry": { "type": "Polygon", "coordinates": [ [ [ -99.261718971395439, 19.353967842546759 ], [ -99.264680361068386, 19.358819147145269 ], [ -99.270587647259902, 19.358810465685458 ], [ -99.2735331941374, 19.353950484319736 ], [ -99.270571634437403, 19.349099323150369 ], [ -99.264664697816926, 19.349107999917834 ], [ -99.261718971395439, 19.353967842546759 ] ] ] } },
{ "type": "Feature", "properties": { "alcaldia": "AOB", "clave": "AOB-052", "n": "052" }, "geometry": { "type": "Polygon", "coordinates": [ [ [ -99.25285081523532, 19.349124778919489 ], [ -99.255811855335963, 19.353976234316072 ], [ -99.261718971395439, 19.353967842546759 ], [ -99.264664697816926, 19.349107999917834 ], [ -99.261703487582949, 19.344256687834879 ], [ -99.255796720990773, 19.344265075067455 ], [ -99.25285081523532, 19.349124778919489 ] ] ] } },
{ "type": "Feature", "properties": { "alcaldia": "AOB", "clave": "AOB-053", "n": "053" }, "geometry": { "type": "Polygon", "coordinates": [ [ [ -99.243997614190221, 19.353992443164174 ], [ -99.246958483947523, 19.358844041835901 ], [ -99.252865779342173, 19.358835935220917 ], [ -99.255811855335963, 19.353976234316072 ], [ -99.25285081523532, 19.349124778919489 ], [ -99.246943869414196, 19.349132881152826 ], [ -99.243997614190221, 19.353992443164174 ] ] ] } },
{ "type": "Feature", "properties": { "alcaldia": "AOB", "clave": "AOB-054", "n": "054" }, "geometry": { "type": "Polygon", "coordinates": [ [ [ -99.235129969061404, 19.349148511082475 ], [ -99.238090489243973, 19.354000260242135 ], [ -99.243997614190221, 19.353992443164174 ], [ -99.246943869414196, 19.349132881152826 ], [ -99.243983178782045, 19.34428127515276 ], [ -99.238076403305485, 19.344289088004672 ], [ -99.235129969061404, 19.349148511082475 ] ] ] } },
{ "type": "Feature", "properties": { "alcaldia": "AOB", "clave": "AOB-055", "n": "055" }, "geometry": { "type": "Polygon", "coordinates": [ [ [ -99.226276230954781, 19.354015319703894 ], [ -99.22923658047776, 19.358867211984592 ], [ -99.235143884445293, 19.358859680218139 ], [ -99.238090489243973, 19.354000260242135 ], [ -99.235129969061404, 19.349148511082475 ], [ -99.229223014669728, 19.349156038777991 ], [ -99.226276230954781, 19.354015319703894 ] ] ] } },
{ "type": "Feature", "properties": { "alcaldia": "AOB", "clave": "AOB-056", "n": "056" }, "geometry": { "type": "Polygon", "coordinates": [ [ [ -99.217409097805898, 19.34917051962849 ], [ -99.220369097751899, 19.354022562086925 ], [ -99.226276230954781, 19.354015319703894 ], [ -99.229223014669728, 19.349156038777991 ], [ -99.226262843957969, 19.344304139325011 ], [ -99.220356060227033, 19.344311377792685 ], [ -99.217409097805898, 19.34917051962849 ] ] ] } },
{ "type": "Feature", "properties": { "alcaldia": "AOB", "clave": "AOB-057", "n": "057" }, "geometry": { "type": "Polygon", "coordinates": [ [ [ -99.208554823579618, 19.35403647215546 ], [ -99.211514652549852, 19.358888657580742 ], [ -99.217421964460002, 19.358881700666267 ], [ -99.220369097751899, 19.354022562086925 ], [ -99.217409097805898, 19.34917051962849 ], [ -99.211502135473751, 19.349177472782745 ], [ -99.208554823579618, 19.35403647215546 ] ] ] } },
{ "type": "Feature", "properties": { "alcaldia": "AOB", "clave": "AOB-058", "n": "058" }, "geometry": { "type": "Polygon", "coordinates": [ [ [ -99.199688203359045, 19.349190804547465 ], [ -99.202647682750253, 19.354043139840254 ], [ -99.208554823579618, 19.35403647215546 ], [ -99.211502135473751, 19.349177472782745 ], [ -99.20854248500072, 19.344325280341181 ], [ -99.202635693645377, 19.344331944421302 ], [ -99.199688203359045, 19.349190804547465 ] ] ] } },
{ "type": "Feature", "properties": { "alcaldia": "AOB", "clave": "AOB-059", "n": "059" }, "geometry": { "type": "Polygon", "coordinates": [ [ [ -99.190833393955216, 19.354055900509199 ], [ -99.19379270205458, 19.358908378614551 ], [ -99.199700021277096, 19.358901996555229 ], [ -99.202647682750253, 19.354043139840254 ], [ -99.199688203359045, 19.349190804547465 ], [ -99.193781233716535, 19.349197183157269 ], [ -99.190833393955216, 19.354055900509199 ] ] ] } },
{ "type": "Feature", "properties": { "alcaldia": "AOB", "clave": "AOB-060", "n": "060" }, "geometry": { "type": "Polygon", "coordinates": [ [ [ -99.181967287611158, 19.349209365830131 ], [ -99.184926246129592, 19.354061993492703 ], [ -99.190833393955216, 19.354055900509199 ], [ -99.193781233716535, 19.349197183157269 ], [ -99.190822103800301, 19.344344698191602 ], [ -99.184915305450559, 19.34435078788113 ], [ -99.181967287611158, 19.349209365830131 ] ] ] } },
{ "type": "Feature", "properties": { "alcaldia": "AOB", "clave": "AOB-061", "n": "061" }, "geometry": { "type": "Polygon", "coordinates": [ [ [ -99.17311194397216, 19.354073604756234 ], [ -99.176070730882728, 19.358926375077001 ], [ -99.181978056787358, 19.358920567875749 ], [ -99.184926246129592, 19.354061993492703 ], [ -99.181967287611158, 19.349209365830131 ], [ -99.176060311288353, 19.34921516989257 ], [ -99.17311194397216, 19.354073604756234 ] ] ] } },
{ "type": "Feature", "properties": { "alcaldia": "COY", "clave": "COY-048", "n": "048" }, "geometry": { "type": "Polygon", "coordinates": [ [ [ -99.164246352452494, 19.349226203468 ], [ -99.167204789780413, 19.354079123035664 ], [ -99.17311194397216, 19.354073604756234 ], [ -99.176060311288353, 19.34921516989257 ], [ -99.173101702246697, 19.344362392867396 ], [ -99.167194897532596, 19.344367908163544 ], [ -99.164246352452494, 19.349226203468 ] ] ] } },
{ "type": "Feature", "properties": { "alcaldia": "COY", "clave": "COY-049", "n": "049" }, "geometry": { "type": "Polygon", "coordinates": [ [ [ -99.15539047552096, 19.354089584888463 ], [ -99.158348740925106, 19.35894264695985 ], [ -99.164256072881571, 19.35893741461933 ], [ -99.167204789780413, 19.354079123035664 ], [ -99.164246352452494, 19.349226203468 ], [ -99.158339370079489, 19.349231432980424 ], [ -99.15539047552096, 19.354089584888463 ] ] ] } },
{ "type": "Feature", "properties": { "alcaldia": "COY", "clave": "COY-050", "n": "050" }, "geometry": { "type": "Polygon", "coordinates": [ [ [ -99.146525399773353, 19.349241317453362 ], [ -99.149483315593287, 19.354094528461296 ], [ -99.15539047552096, 19.354089584888463 ], [ -99.158339370079489, 19.349231432980424 ], [ -99.155381282229996, 19.34437836436047 ], [ -99.149474471781517, 19.344383305260717 ], [ -99.146525399773353, 19.349241317453362 ] ] ] } },
{ "type": "Feature", "properties": { "alcaldia": "COY", "clave": "COY-051", "n": "051" }, "geometry": { "type": "Polygon", "coordinates": [ [ [ -99.137668990492173, 19.354103840898581 ], [ -99.140626734072526, 19.358957194255673 ], [ -99.146534071450546, 19.358952536778276 ], [ -99.149483315593287, 19.354094528461296 ], [ -99.146525399773353, 19.349241317453362 ], [ -99.140618411980256, 19.349245972413382 ], [ -99.137668990492173, 19.354103840898581 ] ] ] } },
{ "type": "Feature", "properties": { "alcaldia": "COY", "clave": "COY-052", "n": "052" }, "geometry": { "type": "Polygon", "coordinates": [ [ [ -99.128804431464033, 19.349254707779323 ], [ -99.131761825458781, 19.354108209762558 ], [ -99.137668990492173, 19.354103840898581 ], [ -99.140618411980256, 19.349245972413382 ], [ -99.137660845640212, 19.344392612663526 ], [ -99.131754030087393, 19.344396979165616 ], [ -99.128804431464033, 19.349254707779323 ] ] ] } },
{ "type": "Feature", "properties": { "alcaldia": "COY", "clave": "COY-053", "n": "053" }, "geometry": { "type": "Polygon", "coordinates": [ [ [ -99.119947490776397, 19.354116372780073 ], [ -99.122904712215799, 19.358970016957812 ], [ -99.128812054385108, 19.358965934345665 ], [ -99.131761825458781, 19.354108209762558 ], [ -99.128804431464033, 19.349254707779323 ], [ -99.122897438880955, 19.349258788184809 ], [ -99.119947490776397, 19.354116372780073 ] ] ] } },
{ "type": "Feature", "properties": { "alcaldia": "IZP", "clave": "IZP-054", "n": "054" }, "geometry": { "type": "Polygon", "coordinates": [ [ [ -99.111083449414863, 19.349266374439747 ], [ -99.114040321267467, 19.354120166933193 ], [ -99.119947490776397, 19.354116372780073 ], [ -99.122897438880955, 19.349258788184809 ], [ -99.119940394367404, 19.344405137770053 ], [ -99.114033574340255, 19.344408929871982 ], [ -99.111083449414863, 19.349266374439747 ] ] ] } },
{ "type": "Feature", "properties": { "alcaldia": "IZP", "clave": "IZP-055", "n": "055" }, "geometry": { "type": "Polygon", "coordinates": [ [ [ -99.102225978264173, 19.354127180527204 ], [ -99.105182677245764, 19.358981115060399 ], [ -99.111090023576082, 19.358977607315367 ], [ -99.114040321267467, 19.354120166933193 ], [ -99.111083449414863, 19.349266374439747 ], [ -99.105176452671898, 19.349269880288826 ], [ -99.102225978264173, 19.354127180527204 ] ] ] } },
{ "type": "Feature", "properties": { "alcaldia": "IZP", "clave": "IZP-056", "n": "056" }, "geometry": { "type": "Polygon", "coordinates": [ [ [ -99.093362455516143, 19.349276317429315 ], [ -99.096318804909885, 19.354130399967733 ], [ -99.102225978264173, 19.354127180527204 ], [ -99.105176452671898, 19.349269880288826 ], [ -99.102219930301629, 19.34441593967431 ], [ -99.096313106430188, 19.344419157374357 ], [ -99.093362455516143, 19.349276317429315 ] ] ] } },
{ "type": "Feature", "properties": { "alcaldia": "IZP", "clave": "IZP-057", "n": "057" }, "geometry": { "type": "Polygon", "coordinates": [ [ [ -99.084504454846112, 19.35413626413504 ], [ -99.087460631053261, 19.358990488558362 ], [ -99.093367980914309, 19.358987555682059 ], [ -99.096318804909885, 19.354130399967733 ], [ -99.093362455516143, 19.349276317429315 ], [ -99.087455455243415, 19.349279248720389 ], [ -99.084504454846112, 19.35413626413504 ] ] ] } },
{ "type": "Feature", "properties": { "alcaldia": "IZP", "clave": "IZP-058", "n": "058" }, "geometry": { "type": "Polygon", "coordinates": [ [ [ -99.075641451658242, 19.349284536743465 ], [ -99.078597278276675, 19.354138908861504 ], [ -99.084504454846112, 19.35413626413504 ], [ -99.087455455243415, 19.349279248720389 ], [ -99.084499455332974, 19.344425018371375 ], [ -99.07859262824725, 19.344427661668057 ], [ -99.075641451658242, 19.349284536743465 ] ] ] } },
{ "type": "Feature", "properties": { "alcaldia": "IZP", "clave": "IZP-059", "n": "059" }, "geometry": { "type": "Polygon", "coordinates": [ [ [ -99.066782922412784, 19.354143623599406 ], [ -99.069738575529129, 19.358998137447422 ], [ -99.075645928290626, 19.358995779441184 ], [ -99.078597278276675, 19.354138908861504 ], [ -99.075641451658242, 19.349284536743465 ], [ -99.06973444848586, 19.349286893475199 ], [ -99.066782922412784, 19.354143623599406 ] ] ] } },
{ "type": "Feature", "properties": { "alcaldia": "IZP", "clave": "IZP-060", "n": "060" }, "geometry": { "type": "Polygon", "coordinates": [ [ [ -99.057920439731475, 19.349291032378449 ], [ -99.060875743258393, 19.354145693610604 ], [ -99.066782922412784, 19.354143623599406 ], [ -99.06973444848586, 19.349286893475199 ], [ -99.066778971351511, 19.344432373857085 ], [ -99.060872141681514, 19.344434442749197 ], [ -99.057920439731475, 19.349291032378449 ] ] ] } },
{ "type": "Feature", "properties": { "alcaldia": "IZP", "clave": "IZP-061", "n": "061" }, "geometry": { "type": "Polygon", "coordinates": [ [ [ -99.049061382854788, 19.354149258916969 ], [ -99.052016512564208, 19.359004061724079 ], [ -99.057923867595875, 19.359002278588974 ], [ -99.060875743258393, 19.354145693610604 ], [ -99.057920439731475, 19.349291032378449 ], [ -99.05201343428952, 19.349292814549756 ], [ -99.049061382854788, 19.354149258916969 ] ] ] } },
{ "type": "Feature", "properties": { "alcaldia": "IZP", "clave": "IZP-062", "n": "062" }, "geometry": { "type": "Polygon", "coordinates": [ [ [ -99.04019942162617, 19.349295804331284 ], [ -99.043154201745637, 19.354150754211947 ], [ -99.049061382854788, 19.354149258916969 ], [ -99.05201343428952, 19.349292814549756 ], [ -99.049058480247297, 19.344438006128083 ], [ -99.043151648623081, 19.34443950061468 ], [ -99.04019942162617, 19.349295804331284 ] ] ] } },
{ "type": "Feature", "properties": { "alcaldia": "IZP", "clave": "IZP-063", "n": "063" }, "geometry": { "type": "Polygon", "coordinates": [ [ [ -99.031339838062735, 19.354153170085127 ], [ -99.03429444404938, 19.359008261385615 ], [ -99.040201800720936, 19.359007053122468 ], [ -99.043154201745637, 19.354150754211947 ], [ -99.04019942162617, 19.349295804331284 ], [ -99.034292414544765, 19.34929701194136 ], [ -99.031339838062735, 19.354153170085127 ] ] ] } },
{ "type": "Feature", "properties": { "alcaldia": "IZP", "clave": "IZP-064", "n": "064" }, "geometry": { "type": "Polygon", "coordinates": [ [ [ -99.022478399232696, 19.349298852599812 ], [ -99.025432655629032, 19.354154090663204 ], [ -99.031339838062735, 19.354153170085127 ], [ -99.034292414544765, 19.34929701194136 ], [ -99.031337983910461, 19.34444191518179 ], [ -99.025431150962049, 19.344442835262193 ], [ -99.022478399232696, 19.349298852599812 ] ] ] } },
{ "type": "Feature", "properties": { "alcaldia": "IZP", "clave": "IZP-065", "n": "065" }, "geometry": { "type": "Polygon", "coordinates": [ [ [ -99.013618289927237, 19.354155357102105 ], [ -99.016572371875512, 19.359010736430118 ], [ -99.02247972955665, 19.359010103039484 ], [ -99.025432655629032, 19.354154090663204 ], [ -99.022478399232696, 19.349298852599812 ], [ -99.016571391141966, 19.349299485648096 ], [ -99.013618289927237, 19.354155357102105 ] ] ] } },
{ "type": "Feature", "properties": { "alcaldia": "IZP", "clave": "IZP-066", "n": "066" }, "geometry": { "type": "Polygon", "coordinates": [ [ [ -99.004757374441382, 19.349300177182617 ], [ -99.007711106799178, 19.354155702962863 ], [ -99.013618289927237, 19.354155357102105 ], [ -99.016571391141966, 19.349299485648096 ], [ -99.013617484231048, 19.344444101016428 ], [ -99.007710650588493, 19.344444446690204 ], [ -99.004757374441382, 19.349300177182617 ] ] ] } },
{ "type": "Feature", "properties": { "alcaldia": "IZP", "clave": "IZP-067", "n": "067" }, "geometry": { "type": "Polygon", "coordinates": [ [ [ -98.995896740338864, 19.354155819966898 ], [ -98.998850297933444, 19.359011486856453 ], [ -99.004757655993885, 19.359011428338622 ], [ -99.007711106799178, 19.354155702962863 ], [ -99.004757374441382, 19.349300177182617 ], [ -98.998850365971464, 19.349300235668821 ], [ -98.995896740338864, 19.354155819966898 ] ] ] } },
{ "type": "Feature", "properties": { "alcaldia": "IZP", "clave": "IZP-068", "n": "068" }, "geometry": { "type": "Polygon", "coordinates": [ [ [ -98.987036349142571, 19.349299778079107 ], [ -98.989989557146657, 19.354155591110175 ], [ -98.995896740338864, 19.354155819966898 ], [ -98.998850365971464, 19.349300235668821 ], [ -98.9958969830992, 19.344444563630987 ], [ -98.989990149392497, 19.34444433489799 ], [ -98.987036349142571, 19.349299778079107 ] ] ] } },
{ "type": "Feature", "properties": { "alcaldia": "IZP", "clave": "IZP-069", "n": "069" }, "geometry": { "type": "Polygon", "coordinates": [ [ [ -98.978175191188257, 19.354154558679294 ], [ -98.981128224114045, 19.35901051266428 ], [ -98.987035581923507, 19.359011029019271 ], [ -98.989989557146657, 19.354155591110175 ], [ -98.987036349142571, 19.349299778079107 ], [ -98.981129340923587, 19.349299262003203 ], [ -98.978175191188257, 19.354154558679294 ] ] ] } },
{ "type": "Feature", "properties": { "alcaldia": "CUJ", "clave": "CUJ-064", "n": "064" }, "geometry": { "type": "Polygon", "coordinates": [ [ [ -99.31490150810005, 19.363594795205294 ], [ -99.317864636092011, 19.368445206844331 ], [ -99.323772240665278, 19.368434795249826 ], [ -99.326716367403947, 19.363573977641671 ], [ -99.323753070230921, 19.35872370997005 ], [ -99.317845815430246, 19.358734115939466 ], [ -99.31490150810005, 19.363594795205294 ] ] ] } },
{ "type": "Feature", "properties": { "alcaldia": "CUJ", "clave": "CUJ-065", "n": "065" }, "geometry": { "type": "Polygon", "coordinates": [ [ [ -99.306031294595002, 19.358754353047196 ], [ -99.308994072812865, 19.363604916494005 ], [ -99.31490150810005, 19.363594795205294 ], [ -99.317845815430246, 19.358734115939466 ], [ -99.31488286792478, 19.353883696344788 ], [ -99.308975782306675, 19.353893812164092 ], [ -99.306031294595002, 19.358754353047196 ] ] ] } },
{ "type": "Feature", "properties": { "alcaldia": "CUJ", "clave": "CUJ-066", "n": "066" }, "geometry": { "type": "Polygon", "coordinates": [ [ [ -99.29717919131825, 19.363624584082661 ], [ -99.300141800038404, 19.368475291343156 ], [ -99.306049415708529, 19.368465454891506 ], [ -99.308994072812865, 19.363604916494005 ], [ -99.306031294595002, 19.358754353047196 ], [ -99.30012402870048, 19.358764184184484 ], [ -99.29717919131825, 19.363624584082661 ] ] ] } },
{ "type": "Feature", "properties": { "alcaldia": "CUJ", "clave": "CUJ-067", "n": "067" }, "geometry": { "type": "Polygon", "coordinates": [ [ [ -99.288309486307753, 19.358783271623402 ], [ -99.291271745250882, 19.363634130381605 ], [ -99.29717919131825, 19.363624584082661 ], [ -99.30012402870048, 19.358764184184484 ], [ -99.297161600153174, 19.353913469124642 ], [ -99.291254503757798, 19.353923010264886 ], [ -99.288309486307753, 19.358783271623402 ] ] ] } },
{ "type": "Feature", "properties": { "alcaldia": "CUJ", "clave": "CUJ-068", "n": "068" }, "geometry": { "type": "Polygon", "coordinates": [ [ [ -99.279456842826193, 19.363652647986299 ], [ -99.282418931955021, 19.368503650404339 ], [ -99.288326558091597, 19.368494389100057 ], [ -99.291271745250882, 19.363634130381605 ], [ -99.288309486307753, 19.358783271623402 ], [ -99.282402209949609, 19.35879252792407 ], [ -99.279456842826193, 19.363652647986299 ] ] ] } },
{ "type": "Feature", "properties": { "alcaldia": "CUJ", "clave": "CUJ-069", "n": "069" }, "geometry": { "type": "Polygon", "coordinates": [ [ [ -99.270587647259902, 19.358810465685458 ], [ -99.273549386608934, 19.363661619291108 ], [ -99.279456842826193, 19.363652647986299 ], [ -99.282402209949609, 19.35879252792407 ], [ -99.279440300679909, 19.353941517862907 ], [ -99.2735331941374, 19.353950484319736 ], [ -99.270587647259902, 19.358810465685458 ] ] ] } },
{ "type": "Feature", "properties": { "alcaldia": "CUJ", "clave": "CUJ-070", "n": "070" }, "geometry": { "type": "Polygon", "coordinates": [ [ [ -99.261734464514845, 19.36367898690337 ], [ -99.264696033733074, 19.368530284014934 ], [ -99.270603669705693, 19.368521597862241 ], [ -99.273549386608934, 19.363661619291108 ], [ -99.270587647259902, 19.358810465685458 ], [ -99.264680361068386, 19.358819147145269 ], [ -99.261734464514845, 19.36367898690337 ] ] ] } },
{ "type": "Feature", "properties": { "alcaldia": "AOB", "clave": "AOB-062", "n": "062" }, "geometry": { "type": "Polygon", "coordinates": [ [ [ -99.252865779342173, 19.358835935220917 ], [ -99.255826998778033, 19.363687383209943 ], [ -99.261734464514845, 19.36367898690337 ], [ -99.264680361068386, 19.358819147145269 ], [ -99.261718971395439, 19.353967842546759 ], [ -99.255811855335963, 19.353976234316072 ], [ -99.252865779342173, 19.358835935220917 ] ] ] } },
{ "type": "Feature", "properties": { "alcaldia": "AOB", "clave": "AOB-063", "n": "063" }, "geometry": { "type": "Polygon", "coordinates": [ [ [ -99.244012058275146, 19.363703600821832 ], [ -99.246973107263813, 19.368555192162752 ], [ -99.252880752442081, 19.368547081165616 ], [ -99.255826998778033, 19.363687383209943 ], [ -99.252865779342173, 19.358835935220917 ], [ -99.246958483947523, 19.358844041835901 ], [ -99.244012058275146, 19.363703600821832 ] ] ] } },
{ "type": "Feature", "properties": { "alcaldia": "AOB", "clave": "AOB-064", "n": "064" }, "geometry": { "type": "Polygon", "coordinates": [ [ [ -99.235143884445293, 19.358859680218139 ], [ -99.238104583649147, 19.363711422126329 ], [ -99.244012058275146, 19.363703600821832 ], [ -99.246958483947523, 19.358844041835901 ], [ -99.243997614190221, 19.353992443164174 ], [ -99.238090489243973, 19.354000260242135 ], [ -99.235143884445293, 19.358859680218139 ] ] ] } },
{ "type": "Feature", "properties": { "alcaldia": "AOB", "clave": "AOB-065", "n": "065" }, "geometry": { "type": "Polygon", "coordinates": [ [ [ -99.226289625998177, 19.363726489730432 ], [ -99.229250154438503, 19.368578374836403 ], [ -99.235157808191985, 19.368570838998544 ], [ -99.238104583649147, 19.363711422126329 ], [ -99.235143884445293, 19.358859680218139 ], [ -99.22923658047776, 19.358867211984592 ], [ -99.226289625998177, 19.363726489730432 ] ] ] } },
{ "type": "Feature", "properties": { "alcaldia": "AOB", "clave": "AOB-066", "n": "066" }, "geometry": { "type": "Polygon", "coordinates": [ [ [ -99.217421964460002, 19.358881700666267 ], [ -99.220382143113284, 19.363733736029275 ], [ -99.226289625998177, 19.363726489730432 ], [ -99.22923658047776, 19.358867211984592 ], [ -99.226276230954781, 19.354015319703894 ], [ -99.220369097751899, 19.354022562086925 ], [ -99.217421964460002, 19.358881700666267 ] ] ] } },
{ "type": "Feature", "properties": { "alcaldia": "AOB", "clave": "AOB-067", "n": "067" }, "geometry": { "type": "Polygon", "coordinates": [ [ [ -99.208567169574906, 19.363747653618706 ], [ -99.211527177148412, 19.368599832025289 ], [ -99.217434838846671, 19.368592871350142 ], [ -99.220382143113284, 19.363733736029275 ], [ -99.217421964460002, 19.358881700666267 ], [ -99.211514652549852, 19.358888657580742 ], [ -99.208567169574906, 19.363747653618706 ] ] ] } },
{ "type": "Feature", "properties": { "alcaldia": "AOB", "clave": "AOB-068", "n": "068" }, "geometry": { "type": "Polygon", "coordinates": [ [ [ -99.199700021277096, 19.358901996555229 ], [ -99.202659679061483, 19.363754324908577 ], [ -99.208567169574906, 19.363747653618706 ], [ -99.211514652549852, 19.358888657580742 ], [ -99.208554823579618, 19.35403647215546 ], [ -99.202647682750253, 19.354043139840254 ], [ -99.199700021277096, 19.358901996555229 ] ] ] } },
{ "type": "Feature", "properties": { "alcaldia": "AOB", "clave": "AOB-069", "n": "069" }, "geometry": { "type": "Polygon", "coordinates": [ [ [ -99.19084469089637, 19.363767092476962 ], [ -99.193804177284818, 19.368619563719587 ], [ -99.199711846297419, 19.368613178210349 ], [ -99.202659679061483, 19.363754324908577 ], [ -99.199700021277096, 19.358901996555229 ], [ -99.19379270205458, 19.358908378614551 ], [ -99.19084469089637, 19.363767092476962 ] ] ] } },
{ "type": "Feature", "properties": { "alcaldia": "AOB", "clave": "AOB-070", "n": "070" }, "geometry": { "type": "Polygon", "coordinates": [ [ [ -99.181978056787358, 19.358920567875749 ], [ -99.184937193384783, 19.363773188754827 ], [ -99.19084469089637, 19.363767092476962 ], [ -99.19379270205458, 19.358908378614551 ], [ -99.190833393955216, 19.354055900509199 ], [ -99.184926246129592, 19.354061993492703 ], [ -99.181978056787358, 19.358920567875749 ] ] ] } },
{ "type": "Feature", "properties": { "alcaldia": "AOB", "clave": "AOB-071", "n": "071" }, "geometry": { "type": "Polygon", "coordinates": [ [ [ -99.173122191853651, 19.36378480629633 ], [ -99.176081156739045, 19.368637569910291 ], [ -99.181988832435565, 19.368631759569869 ], [ -99.184937193384783, 19.363773188754827 ], [ -99.181978056787358, 19.358920567875749 ], [ -99.176070730882728, 19.358926375077001 ], [ -99.173122191853651, 19.36378480629633 ] ] ] } },
{ "type": "Feature", "properties": { "alcaldia": "COY", "clave": "COY-054", "n": "054" }, "geometry": { "type": "Polygon", "coordinates": [ [ [ -99.164256072881571, 19.35893741461933 ], [ -99.167214687974209, 19.363790327559393 ], [ -99.173122191853651, 19.36378480629633 ], [ -99.176070730882728, 19.358926375077001 ], [ -99.17311194397216, 19.354073604756234 ], [ -99.167204789780413, 19.354079123035664 ], [ -99.164256072881571, 19.35893741461933 ] ] ] } },
{ "type": "Feature", "properties": { "alcaldia": "BJU", "clave": "BJU-001", "n": "001" }, "geometry": { "type": "Polygon", "coordinates": [ [ [ -99.155399674337772, 19.363800795068702 ], [ -99.158358117402386, 19.368653850589151 ], [ -99.164265799152389, 19.368648615420213 ], [ -99.167214687974209, 19.363790327559393 ], [ -99.164256072881571, 19.35893741461933 ], [ -99.158348740925106, 19.35894264695985 ], [ -99.155399674337772, 19.363800795068702 ] ] ] } },
{ "type": "Feature", "properties": { "alcaldia": "BJU", "clave": "BJU-002", "n": "002" }, "geometry": { "type": "Polygon", "coordinates": [ [ [ -99.146534071450546, 19.358952536778276 ], [ -99.149492164720854, 19.36380574131443 ], [ -99.155399674337772, 19.363800795068702 ], [ -99.158348740925106, 19.35894264695985 ], [ -99.15539047552096, 19.354089584888463 ], [ -99.149483315593287, 19.354094528461296 ], [ -99.146534071450546, 19.358952536778276 ] ] ] } },
{ "type": "Feature", "properties": { "alcaldia": "BJU", "clave": "BJU-003", "n": "003" }, "geometry": { "type": "Polygon", "coordinates": [ [ [ -99.137677140239816, 19.363815058786766 ], [ -99.140635061166165, 19.368668405748732 ], [ -99.146542748339215, 19.368663745753668 ], [ -99.149492164720854, 19.36380574131443 ], [ -99.146534071450546, 19.358952536778276 ], [ -99.140626734072526, 19.358957194255673 ], [ -99.137677140239816, 19.363815058786766 ] ] ] } },
{ "type": "Feature", "properties": { "alcaldia": "IZP", "clave": "IZP-070", "n": "070" }, "geometry": { "type": "Polygon", "coordinates": [ [ [ -99.128812054385108, 19.358965934345665 ], [ -99.131769625515787, 19.363819430012903 ], [ -99.137677140239816, 19.363815058786766 ], [ -99.140626734072526, 19.358957194255673 ], [ -99.137668990492173, 19.354103840898581 ], [ -99.131761825458781, 19.354108209762558 ], [ -99.128812054385108, 19.358965934345665 ] ] ] } },
{ "type": "Feature", "properties": { "alcaldia": "IZP", "clave": "IZP-071", "n": "071" }, "geometry": { "type": "Polygon", "coordinates": [ [ [ -99.119954591450863, 19.363827597443994 ], [ -99.122911989921761, 19.368681235382375 ], [ -99.128819681887379, 19.368677150563315 ], [ -99.131769625515787, 19.363819430012903 ], [ -99.128812054385108, 19.358965934345665 ], [ -99.122904712215799, 19.358970016957812 ], [ -99.119954591450863, 19.363827597443994 ] ] ] } },
{ "type": "Feature", "properties": { "alcaldia": "IZP", "clave": "IZP-072", "n": "072" }, "geometry": { "type": "Polygon", "coordinates": [ [ [ -99.111090023576082, 19.358977607315367 ], [ -99.114047072250074, 19.363831393648546 ], [ -99.119954591450863, 19.363827597443994 ], [ -99.122904712215799, 19.358970016957812 ], [ -99.119947490776397, 19.354116372780073 ], [ -99.114040321267467, 19.354120166933193 ], [ -99.111090023576082, 19.358977607315367 ] ] ] } },
{ "type": "Feature", "properties": { "alcaldia": "IZP", "clave": "IZP-073", "n": "073" }, "geometry": { "type": "Polygon", "coordinates": [ [ [ -99.102232029861995, 19.363838411034667 ], [ -99.105188905560453, 19.368692339484213 ], [ -99.111096601688232, 19.36868882984302 ], [ -99.114047072250074, 19.363831393648546 ], [ -99.111090023576082, 19.358977607315367 ], [ -99.105182677245764, 19.358981115060399 ], [ -99.102232029861995, 19.363838411034667 ] ] ] } },
{ "type": "Feature", "properties": { "alcaldia": "IZP", "clave": "IZP-074", "n": "074" }, "geometry": { "type": "Polygon", "coordinates": [ [ [ -99.093367980914309, 19.358987555682059 ], [ -99.09632450681481, 19.363841632215884 ], [ -99.102232029861995, 19.363838411034667 ], [ -99.105182677245764, 19.358981115060399 ], [ -99.102225978264173, 19.354127180527204 ], [ -99.096318804909885, 19.354130399967733 ], [ -99.093367980914309, 19.358987555682059 ] ] ] } },
{ "type": "Feature", "properties": { "alcaldia": "IZP", "clave": "IZP-075", "n": "075" }, "geometry": { "type": "Polygon", "coordinates": [ [ [ -99.084509457364319, 19.363847499553831 ], [ -99.087465809973637, 19.368701718049167 ], [ -99.093373509633096, 19.368698783587455 ], [ -99.09632450681481, 19.363841632215884 ], [ -99.093367980914309, 19.358987555682059 ], [ -99.087460631053261, 19.358990488558362 ], [ -99.084509457364319, 19.363847499553831 ] ] ] } },
{ "type": "Feature", "properties": { "alcaldia": "IZP", "clave": "IZP-076", "n": "076" }, "geometry": { "type": "Polygon", "coordinates": [ [ [ -99.075645928290626, 19.358995779441184 ], [ -99.078601931101119, 19.363850145710252 ], [ -99.084509457364319, 19.363847499553831 ], [ -99.087460631053261, 19.358990488558362 ], [ -99.084504454846112, 19.35413626413504 ], [ -99.078597278276675, 19.354138908861504 ], [ -99.075645928290626, 19.358995779441184 ] ] ] } },
{ "type": "Feature", "properties": { "alcaldia": "IZP", "clave": "IZP-077", "n": "077" }, "geometry": { "type": "Polygon", "coordinates": [ [ [ -99.066786875848948, 19.363854862997325 ], [ -99.069742705052676, 19.368709371072956 ], [ -99.075650407613352, 19.368707011792054 ], [ -99.078601931101119, 19.363850145710252 ], [ -99.075645928290626, 19.358995779441184 ], [ -99.069738575529129, 19.358998137447422 ], [ -99.066786875848948, 19.363854862997325 ] ] ] } },
{ "type": "Feature", "properties": { "alcaldia": "IZP", "clave": "IZP-078", "n": "078" }, "geometry": { "type": "Polygon", "coordinates": [ [ [ -99.057923867595875, 19.359002278588974 ], [ -99.060879347000082, 19.363856934127735 ], [ -99.066786875848948, 19.363854862997325 ], [ -99.069738575529129, 19.358998137447422 ], [ -99.066782922412784, 19.354143623599406 ], [ -99.060875743258393, 19.354145693610604 ], [ -99.057923867595875, 19.359002278588974 ] ] ] } },
{ "type": "Feature", "properties": { "alcaldia": "IZP", "clave": "IZP-079", "n": "079" }, "geometry": { "type": "Polygon", "coordinates": [ [ [ -99.049064287206974, 19.363860501361792 ], [ -99.052019592688893, 19.368715298552068 ], [ -99.057927297520379, 19.368713514453066 ], [ -99.060879347000082, 19.363856934127735 ], [ -99.057923867595875, 19.359002278588974 ], [ -99.052016512564208, 19.359004061724079 ], [ -99.049064287206974, 19.363860501361792 ] ] ] } },
{ "type": "Feature", "properties": { "alcaldia": "IZP", "clave": "IZP-080", "n": "080" }, "geometry": { "type": "Polygon", "coordinates": [ [ [ -99.040201800720936, 19.359007053122468 ], [ -99.043156756402823, 19.363861997465243 ], [ -99.049064287206974, 19.363860501361792 ], [ -99.052016512564208, 19.359004061724079 ], [ -99.049061382854788, 19.354149258916969 ], [ -99.043154201745637, 19.354150754211947 ], [ -99.040201800720936, 19.359007053122468 ] ] ] } },
{ "type": "Feature", "properties": { "alcaldia": "IZP", "clave": "IZP-081", "n": "081" }, "geometry": { "type": "Polygon", "coordinates": [ [ [ -99.031341693329509, 19.363864414644645 ], [ -99.034296474773683, 19.368719500483795 ], [ -99.0402041812455, 19.368718291567507 ], [ -99.043156756402823, 19.363861997465243 ], [ -99.040201800720936, 19.359007053122468 ], [ -99.03429444404938, 19.359008261385615 ], [ -99.031341693329509, 19.363864414644645 ] ] ] } },
{ "type": "Feature", "properties": { "alcaldia": "IZP", "clave": "IZP-082", "n": "082" }, "geometry": { "type": "Polygon", "coordinates": [ [ [ -99.02247972955665, 19.359010103039484 ], [ -99.025434161200451, 19.363865335720462 ], [ -99.031341693329509, 19.363864414644645 ], [ -99.03429444404938, 19.359008261385615 ], [ -99.031339838062735, 19.354153170085127 ], [ -99.025432655629032, 19.354154090663204 ], [ -99.02247972955665, 19.359010103039484 ] ] ] } },
{ "type": "Feature", "properties": { "alcaldia": "IZP", "clave": "IZP-083", "n": "083" }, "geometry": { "type": "Polygon", "coordinates": [ [ [ -99.013619096107675, 19.363866602844102 ], [ -99.016573353198439, 19.368721976866222 ], [ -99.022481060680121, 19.368721343133199 ], [ -99.025434161200451, 19.363865335720462 ], [ -99.02247972955665, 19.359010103039484 ], [ -99.016572371875512, 19.359010736430118 ], [ -99.013619096107675, 19.363866602844102 ] ] ] } },
{ "type": "Feature", "properties": { "alcaldia": "IZP", "clave": "IZP-084", "n": "084" }, "geometry": { "type": "Polygon", "coordinates": [ [ [ -99.004757655993885, 19.359011428338622 ], [ -99.007711563284076, 19.363866948891854 ], [ -99.013619096107675, 19.363866602844102 ], [ -99.016572371875512, 19.359010736430118 ], [ -99.013618289927237, 19.354155357102105 ], [ -99.007711106799178, 19.354155702962863 ], [ -99.004757655993885, 19.359011428338622 ] ] ] } },
{ "type": "Feature", "properties": { "alcaldia": "IZP", "clave": "IZP-085", "n": "085" }, "geometry": { "type": "Polygon", "coordinates": [ [ [ -98.995896497432597, 19.363867065959152 ], [ -98.99885022985454, 19.368722727698213 ], [ -99.00475793771561, 19.368722669148745 ], [ -99.007711563284076, 19.363866948891854 ], [ -99.004757655993885, 19.359011428338622 ], [ -98.998850297933444, 19.359011486856453 ], [ -98.995896497432597, 19.363867065959152 ] ] ] } },
{ "type": "Feature", "properties": { "alcaldia": "IZP", "clave": "IZP-086", "n": "086" }, "geometry": { "type": "Polygon", "coordinates": [ [ [ -98.987035581923507, 19.359011029019271 ], [ -98.989988964544835, 19.363866836978691 ], [ -98.995896497432597, 19.363867065959152 ], [ -98.998850297933444, 19.359011486856453 ], [ -98.995896740338864, 19.354155819966898 ], [ -98.989989557146657, 19.354155591110175 ], [ -98.987035581923507, 19.359011029019271 ] ] ] } },
{ "type": "Feature", "properties": { "alcaldia": "CUJ", "clave": "CUJ-071", "n": "071" }, "geometry": { "type": "Polygon", "coordinates": [ [ [ -99.306049415708529, 19.368465454891506 ], [ -99.309012374309361, 19.373316010459611 ], [ -99.314920159475719, 19.373305883700866 ], [ -99.317864636092011, 19.368445206844331 ], [ -99.31490150810005, 19.363594795205294 ], [ -99.308994072812865, 19.363604916494005 ], [ -99.306049415708529, 19.368465454891506 ] ] ] } },
{ "type": "Feature", "properties": { "alcaldia": "CUJ", "clave": "CUJ-072", "n": "072" }, "geometry": { "type": "Polygon", "coordinates": [ [ [ -99.297196793053416, 19.373335688677585 ], [ -99.300159582052927, 19.378186388136278 ], [ -99.306067547708793, 19.378176546369669 ], [ -99.309012374309361, 19.373316010459611 ], [ -99.306049415708529, 19.368465454891506 ], [ -99.300141800038404, 19.368475291343156 ], [ -99.297196793053416, 19.373335688677585 ] ] ] } },
{ "type": "Feature", "properties": { "alcaldia": "CUJ", "clave": "CUJ-073", "n": "073" }, "geometry": { "type": "Polygon", "coordinates": [ [ [ -99.288326558091597, 19.368494389100057 ], [ -99.291288997103948, 19.373345240135819 ], [ -99.297196793053416, 19.373335688677585 ], [ -99.300141800038404, 19.368475291343156 ], [ -99.29717919131825, 19.363624584082661 ], [ -99.291271745250882, 19.363634130381605 ], [ -99.288326558091597, 19.368494389100057 ] ] ] } },
{ "type": "Feature", "properties": { "alcaldia": "CUJ", "clave": "CUJ-074", "n": "074" }, "geometry": { "type": "Polygon", "coordinates": [ [ [ -99.279473394912245, 19.37336376774833 ], [ -99.282435664006599, 19.378214762520827 ], [ -99.288343640131757, 19.378205496212345 ], [ -99.291288997103948, 19.373345240135819 ], [ -99.288326558091597, 19.368494389100057 ], [ -99.282418931955021, 19.368503650404339 ], [ -99.279473394912245, 19.37336376774833 ] ] ] } },
{ "type": "Feature", "properties": { "alcaldia": "CUJ", "clave": "CUJ-075", "n": "075" }, "geometry": { "type": "Polygon", "coordinates": [ [ [ -99.270603669705693, 19.368521597862241 ], [ -99.273565588810129, 19.373372743901673 ], [ -99.279473394912245, 19.37336376774833 ], [ -99.282418931955021, 19.368503650404339 ], [ -99.279456842826193, 19.363652647986299 ], [ -99.273549386608934, 19.363661619291108 ], [ -99.270603669705693, 19.368521597862241 ] ] ] } },
{ "type": "Feature", "properties": { "alcaldia": "CUJ", "clave": "CUJ-076", "n": "076" }, "geometry": { "type": "Polygon", "coordinates": [ [ [ -99.261749966943682, 19.373390120900243 ], [ -99.264711715813519, 19.37824141052246 ], [ -99.270619701777406, 19.378232719676344 ], [ -99.273565588810129, 19.373372743901673 ], [ -99.270603669705693, 19.368521597862241 ], [ -99.264696033733074, 19.368530284014934 ], [ -99.261749966943682, 19.373390120900243 ] ] ] } },
{ "type": "Feature", "properties": { "alcaldia": "AOB", "clave": "AOB-072", "n": "072" }, "geometry": { "type": "Polygon", "coordinates": [ [ [ -99.252880752442081, 19.368547081165616 ], [ -99.255842151319413, 19.373398521744594 ], [ -99.261749966943682, 19.373390120900243 ], [ -99.264696033733074, 19.368530284014934 ], [ -99.261734464514845, 19.36367898690337 ], [ -99.255826998778033, 19.363687383209943 ], [ -99.252880752442081, 19.368547081165616 ] ] ] } },
{ "type": "Feature", "properties": { "alcaldia": "AOB", "clave": "AOB-073", "n": "073" }, "geometry": { "type": "Polygon", "coordinates": [ [ [ -99.244026511039181, 19.373414748121281 ], [ -99.246987739365466, 19.378266332129005 ], [ -99.252895734537475, 19.37825821674922 ], [ -99.255842151319413, 19.373398521744594 ], [ -99.252880752442081, 19.368547081165616 ], [ -99.246973107263813, 19.368555192162752 ], [ -99.244026511039181, 19.373414748121281 ] ] ] } },
{ "type": "Feature", "properties": { "alcaldia": "AOB", "clave": "AOB-074", "n": "074" }, "geometry": { "type": "Polygon", "coordinates": [ [ [ -99.235157808191985, 19.368570838998544 ], [ -99.238118686523308, 19.373422573652796 ], [ -99.244026511039181, 19.373414748121281 ], [ -99.246973107263813, 19.368555192162752 ], [ -99.244012058275146, 19.363703600821832 ], [ -99.238104583649147, 19.363711422126329 ], [ -99.235157808191985, 19.368570838998544 ] ] ] } },
{ "type": "Feature", "properties": { "alcaldia": "AOB", "clave": "AOB-075", "n": "075" }, "geometry": { "type": "Polygon", "coordinates": [ [ [ -99.226303029090332, 19.373437649400174 ], [ -99.229263736554188, 19.378289527329049 ], [ -99.235171740303741, 19.378281987419317 ], [ -99.238118686523308, 19.373422573652796 ], [ -99.235157808191985, 19.368570838998544 ], [ -99.229250154438503, 19.368578374836403 ], [ -99.226303029090332, 19.373437649400174 ] ] ] } },
{ "type": "Feature", "properties": { "alcaldia": "AOB", "clave": "AOB-076", "n": "076" }, "geometry": { "type": "Polygon", "coordinates": [ [ [ -99.217434838846671, 19.368592871350142 ], [ -99.220395196313333, 19.373444899615279 ], [ -99.226303029090332, 19.373437649400174 ], [ -99.229250154438503, 19.368578374836403 ], [ -99.226289625998177, 19.363726489730432 ], [ -99.220382143113284, 19.363733736029275 ], [ -99.217434838846671, 19.368592871350142 ] ] ] } },
{ "type": "Feature", "properties": { "alcaldia": "AOB", "clave": "AOB-077", "n": "077" }, "geometry": { "type": "Polygon", "coordinates": [ [ [ -99.208579522988629, 19.373458824726463 ], [ -99.211539709271477, 19.378310996111985 ], [ -99.217447720967982, 19.378304031675754 ], [ -99.220395196313333, 19.373444899615279 ], [ -99.217434838846671, 19.368592871350142 ], [ -99.211527177148412, 19.368599832025289 ], [ -99.208579522988629, 19.373458824726463 ] ] ] } },
{ "type": "Feature", "properties": { "alcaldia": "AOB", "clave": "AOB-078", "n": "078" }, "geometry": { "type": "Polygon", "coordinates": [ [ [ -99.199711846297419, 19.368613178210349 ], [ -99.202671682581013, 19.37346549962183 ], [ -99.208579522988629, 19.373458824726463 ], [ -99.211527177148412, 19.368599832025289 ], [ -99.208567169574906, 19.363747653618706 ], [ -99.202659679061483, 19.363754324908577 ], [ -99.199711846297419, 19.368613178210349 ] ] ] } },
{ "type": "Feature", "properties": { "alcaldia": "AOB", "clave": "AOB-079", "n": "079" }, "geometry": { "type": "Polygon", "coordinates": [ [ [ -99.190855994625608, 19.373478274090449 ], [ -99.193815659409125, 19.378330738468012 ], [ -99.199723678421975, 19.378324349508453 ], [ -99.202671682581013, 19.37346549962183 ], [ -99.199711846297419, 19.368613178210349 ], [ -99.193804177284818, 19.368619563719587 ], [ -99.190855994625608, 19.373478274090449 ] ] ] } },
{ "type": "Feature", "properties": { "alcaldia": "BJU", "clave": "BJU-004", "n": "004" }, "geometry": { "type": "Polygon", "coordinates": [ [ [ -99.181988832435565, 19.368631759569869 ], [ -99.184948147217924, 19.373484373663036 ], [ -99.190855994625608, 19.373478274090449 ], [ -99.193804177284818, 19.368619563719587 ], [ -99.19084469089637, 19.363767092476962 ], [ -99.184937193384783, 19.363773188754827 ], [ -99.181988832435565, 19.368631759569869 ] ] ] } },
{ "type": "Feature", "properties": { "alcaldia": "BJU", "clave": "BJU-005", "n": "005" }, "geometry": { "type": "Polygon", "coordinates": [ [ [ -99.173132445892861, 19.373495997483243 ], [ -99.176091588858981, 19.378348754388078 ], [ -99.181999614557554, 19.378342940908126 ], [ -99.184948147217924, 19.373484373663036 ], [ -99.181988832435565, 19.368631759569869 ], [ -99.176081156739045, 19.368637569910291 ], [ -99.173132445892861, 19.373495997483243 ] ] ] } },
{ "type": "Feature", "properties": { "alcaldia": "BJU", "clave": "BJU-006", "n": "006" }, "geometry": { "type": "Polygon", "coordinates": [ [ [ -99.164265799152389, 19.368648615420213 ], [ -99.167224592115616, 19.373501521730265 ], [ -99.173132445892861, 19.373495997483243 ], [ -99.176081156739045, 19.368637569910291 ], [ -99.173122191853651, 19.36378480629633 ], [ -99.167214687974209, 19.363790327559393 ], [ -99.164265799152389, 19.368648615420213 ] ] ] } },
{ "type": "Feature", "properties": { "alcaldia": "BJU", "clave": "BJU-007", "n": "007" }, "geometry": { "type": "Polygon", "coordinates": [ [ [ -99.155408878681939, 19.373511994896745 ], [ -99.158367499512849, 19.378365043863958 ], [ -99.16427553126654, 19.378359805866275 ], [ -99.167224592115616, 19.373501521730265 ], [ -99.164265799152389, 19.368648615420213 ], [ -99.158358117402386, 19.368653850589151 ], [ -99.155408878681939, 19.373511994896745 ] ] ] } },
{ "type": "Feature", "properties": { "alcaldia": "BJU", "clave": "BJU-008", "n": "008" }, "geometry": { "type": "Polygon", "coordinates": [ [ [ -99.146542748339215, 19.368663745753668 ], [ -99.149501019165655, 19.373516943815673 ], [ -99.155408878681939, 19.373511994896745 ], [ -99.158358117402386, 19.368653850589151 ], [ -99.155399674337772, 19.363800795068702 ], [ -99.149492164720854, 19.36380574131443 ], [ -99.146542748339215, 19.368663745753668 ] ] ] } },
{ "type": "Feature", "properties": { "alcaldia": "BJU", "clave": "BJU-009", "n": "009" }, "geometry": { "type": "Polygon", "coordinates": [ [ [ -99.137685294884449, 19.373526266323633 ], [ -99.140643393262565, 19.378379606888199 ], [ -99.146551430440766, 19.378374944375174 ], [ -99.149501019165655, 19.373516943815673 ], [ -99.146542748339215, 19.368663745753668 ], [ -99.140635061166165, 19.368668405748732 ], [ -99.137685294884449, 19.373526266323633 ] ] ] } },
{ "type": "Feature", "properties": { "alcaldia": "IZP", "clave": "IZP-087", "n": "087" }, "geometry": { "type": "Polygon", "coordinates": [ [ [ -99.128819681887379, 19.368677150563315 ], [ -99.13177743025966, 19.3735306399122 ], [ -99.137685294884449, 19.373526266323633 ], [ -99.140635061166165, 19.368668405748732 ], [ -99.137677140239816, 19.363815058786766 ], [ -99.131769625515787, 19.363819430012903 ], [ -99.128819681887379, 19.368677150563315 ] ] ] } },
{ "type": "Feature", "properties": { "alcaldia": "IZP", "clave": "IZP-088", "n": "088" }, "geometry": { "type": "Polygon", "coordinates": [ [ [ -99.119961696391968, 19.373538811757381 ], [ -99.122919272, 19.378392443454143 ], [ -99.128827313972096, 19.378388356427902 ], [ -99.13177743025966, 19.3735306399122 ], [ -99.128819681887379, 19.368677150563315 ], [ -99.122911989921761, 19.368681235382375 ], [ -99.119961696391968, 19.373538811757381 ] ] ] } },
{ "type": "Feature", "properties": { "alcaldia": "IZP", "clave": "IZP-089", "n": "089" }, "geometry": { "type": "Polygon", "coordinates": [ [ [ -99.111096601688232, 19.36868882984302 ], [ -99.114053827289197, 19.373542610013594 ], [ -99.119961696391968, 19.373538811757381 ], [ -99.122911989921761, 19.368681235382375 ], [ -99.119954591450863, 19.363827597443994 ], [ -99.114047072250074, 19.363831393648546 ], [ -99.111096601688232, 19.36868882984302 ] ] ] } },
{ "type": "Feature", "properties": { "alcaldia": "IZP", "clave": "IZP-090", "n": "090" }, "geometry": { "type": "Polygon", "coordinates": [ [ [ -99.102238085096104, 19.373549631192258 ], [ -99.105195137616974, 19.378403553555913 ], [ -99.111103183752348, 19.378400042018338 ], [ -99.114053827289197, 19.373542610013594 ], [ -99.111096601688232, 19.36868882984302 ], [ -99.105188905560453, 19.368692339484213 ], [ -99.102238085096104, 19.373549631192258 ] ] ] } },
{ "type": "Feature", "properties": { "alcaldia": "IZP", "clave": "IZP-091", "n": "091" }, "geometry": { "type": "Polygon", "coordinates": [ [ [ -99.093373509633096, 19.368698783587455 ], [ -99.096330212145887, 19.373552854114365 ], [ -99.102238085096104, 19.373549631192258 ], [ -99.105188905560453, 19.368692339484213 ], [ -99.102232029861995, 19.363838411034667 ], [ -99.09632450681481, 19.363841632215884 ], [ -99.093373509633096, 19.368698783587455 ] ] ] } },
{ "type": "Feature", "properties": { "alcaldia": "IZP", "clave": "IZP-092", "n": "092" }, "geometry": { "type": "Polygon", "coordinates": [ [ [ -99.08451446288845, 19.373558724623315 ], [ -99.087470992005407, 19.378412937188436 ], [ -99.09337904167343, 19.37841000114113 ], [ -99.096330212145887, 19.373552854114365 ], [ -99.093373509633096, 19.368698783587455 ], [ -99.087465809973637, 19.368701718049167 ], [ -99.08451446288845, 19.373558724623315 ] ] ] } },
{ "type": "Feature", "properties": { "alcaldia": "IZP", "clave": "IZP-093", "n": "093" }, "geometry": { "type": "Polygon", "coordinates": [ [ [ -99.075650407613352, 19.368707011792054 ], [ -99.078606586721335, 19.373561372209853 ], [ -99.08451446288845, 19.373558724623315 ], [ -99.087465809973637, 19.368701718049167 ], [ -99.084509457364319, 19.363847499553831 ], [ -99.078601931101119, 19.363850145710252 ], [ -99.075650407613352, 19.368707011792054 ] ] ] } },
{ "type": "Feature", "properties": { "alcaldia": "IZP", "clave": "IZP-094", "n": "094" }, "geometry": { "type": "Polygon", "coordinates": [ [ [ -99.066790831660654, 19.373566092046381 ], [ -99.069746837057124, 19.378420594347421 ], [ -99.075654889627174, 19.37841823379172 ], [ -99.078606586721335, 19.373561372209853 ], [ -99.075650407613352, 19.368707011792054 ], [ -99.069742705052676, 19.368709371072956 ], [ -99.066790831660654, 19.373566092046381 ] ] ] } },
{ "type": "Feature", "properties": { "alcaldia": "IZP", "clave": "IZP-095", "n": "095" }, "geometry": { "type": "Polygon", "coordinates": [ [ [ -99.057927297520379, 19.368713514453066 ], [ -99.060882952907178, 19.373568164296138 ], [ -99.066790831660654, 19.373566092046381 ], [ -99.069742705052676, 19.368709371072956 ], [ -99.066786875848948, 19.363854862997325 ], [ -99.060879347000082, 19.363856934127735 ], [ -99.057927297520379, 19.368713514453066 ] ] ] } },
{ "type": "Feature", "properties": { "alcaldia": "IZP", "clave": "IZP-096", "n": "096" }, "geometry": { "type": "Polygon", "coordinates": [ [ [ -99.04906719330431, 19.373571733458107 ], [ -99.05202267466403, 19.378426525029358 ], [ -99.057930729505486, 19.378424739966345 ], [ -99.060882952907178, 19.373568164296138 ], [ -99.057927297520379, 19.368713514453066 ], [ -99.052019592688893, 19.368715298552068 ], [ -99.04906719330431, 19.373571733458107 ] ] ] } },
{ "type": "Feature", "properties": { "alcaldia": "IZP", "clave": "IZP-097", "n": "097" }, "geometry": { "type": "Polygon", "coordinates": [ [ [ -99.0402041812455, 19.368718291567507 ], [ -99.043159312595037, 19.37357323037013 ], [ -99.04906719330431, 19.373571733458107 ], [ -99.052019592688893, 19.368715298552068 ], [ -99.049064287206974, 19.363860501361792 ], [ -99.043156756402823, 19.363861997465243 ], [ -99.0402041812455, 19.368718291567507 ] ] ] } },
{ "type": "Feature", "properties": { "alcaldia": "IZP", "clave": "IZP-098", "n": "098" }, "geometry": { "type": "Polygon", "coordinates": [ [ [ -99.031343549711067, 19.373575648855898 ], [ -99.034298506718002, 19.378430729231539 ], [ -99.040206563200229, 19.378429519662031 ], [ -99.043159312595037, 19.37357323037013 ], [ -99.0402041812455, 19.368718291567507 ], [ -99.034296474773683, 19.368719500483795 ], [ -99.031343549711067, 19.373575648855898 ] ] ] } },
{ "type": "Feature", "properties": { "alcaldia": "IZP", "clave": "IZP-099", "n": "099" }, "geometry": { "type": "Polygon", "coordinates": [ [ [ -99.022481060680121, 19.368721343133199 ], [ -99.025435667676518, 19.373576570429506 ], [ -99.031343549711067, 19.373575648855898 ], [ -99.034296474773683, 19.368719500483795 ], [ -99.031341693329509, 19.363864414644645 ], [ -99.025434161200451, 19.363865335720462 ], [ -99.022481060680121, 19.368721343133199 ] ] ] } },
{ "type": "Feature", "properties": { "alcaldia": "IZP", "clave": "IZP-100", "n": "100" }, "geometry": { "type": "Polygon", "coordinates": [ [ [ -99.013619902772561, 19.373577838237964 ], [ -99.016574335110946, 19.378433206952046 ], [ -99.022482392603308, 19.378432572876591 ], [ -99.025435667676518, 19.373576570429506 ], [ -99.022481060680121, 19.368721343133199 ], [ -99.016573353198439, 19.368721976866222 ], [ -99.013619902772561, 19.373577838237964 ] ] ] } },
{ "type": "Feature", "properties": { "alcaldia": "IZP", "clave": "IZP-101", "n": "101" }, "geometry": { "type": "Polygon", "coordinates": [ [ [ -99.00475793771561, 19.368722669148745 ], [ -99.007712020043272, 19.373578184472734 ], [ -99.013619902772561, 19.373577838237964 ], [ -99.016573353198439, 19.368721976866222 ], [ -99.013619096107675, 19.363866602844102 ], [ -99.007711563284076, 19.363866948891854 ], [ -99.00475793771561, 19.368722669148745 ] ] ] } },
{ "type": "Feature", "properties": { "alcaldia": "IZP", "clave": "IZP-102", "n": "102" }, "geometry": { "type": "Polygon", "coordinates": [ [ [ -98.995896254380384, 19.373578301603313 ], [ -98.998850161734708, 19.378433958189735 ], [ -99.0047582196066, 19.378433899608634 ], [ -99.007712020043272, 19.373578184472734 ], [ -99.00475793771561, 19.368722669148745 ], [ -98.99885022985454, 19.368722727698213 ], [ -98.995896254380384, 19.373578301603313 ] ] ] } },
{ "type": "Feature", "properties": { "alcaldia": "IZP", "clave": "IZP-103", "n": "103" }, "geometry": { "type": "Polygon", "coordinates": [ [ [ -98.987034814243344, 19.368722269613542 ], [ -98.989988371586932, 19.37357807249909 ], [ -98.995896254380384, 19.373578301603313 ], [ -98.99885022985454, 19.368722727698213 ], [ -98.995896497432597, 19.363867065959152 ], [ -98.989988964544835, 19.363866836978691 ], [ -98.987034814243344, 19.368722269613542 ] ] ] } },
{ "type": "Feature", "properties": { "alcaldia": "CUJ", "clave": "CUJ-077", "n": "077" }, "geometry": { "type": "Polygon", "coordinates": [ [ [ -99.279489956940779, 19.383074877144676 ], [ -99.282452406107097, 19.387925864269189 ], [ -99.288360732431045, 19.387916592955929 ], [ -99.291306259319796, 19.383056339523197 ], [ -99.288343640131757, 19.378205496212345 ], [ -99.282435664006599, 19.378214762520827 ], [ -99.279489956940779, 19.383074877144676 ] ] ] } },
{ "type": "Feature", "properties": { "alcaldia": "CUJ", "clave": "CUJ-078", "n": "078" }, "geometry": { "type": "Polygon", "coordinates": [ [ [ -99.270619701777406, 19.378232719676344 ], [ -99.273581800743614, 19.383083858147106 ], [ -99.279489956940779, 19.383074877144676 ], [ -99.282435664006599, 19.378214762520827 ], [ -99.279473394912245, 19.37336376774833 ], [ -99.273565588810129, 19.373372743901673 ], [ -99.270619701777406, 19.378232719676344 ] ] ] } },
{ "type": "Feature", "properties": { "alcaldia": "CUJ", "clave": "CUJ-079", "n": "079" }, "geometry": { "type": "Polygon", "coordinates": [ [ [ -99.261765478684481, 19.383101244533062 ], [ -99.264727407312307, 19.387952526663515 ], [ -99.270635743477641, 19.387943831123433 ], [ -99.273581800743614, 19.383083858147106 ], [ -99.270619701777406, 19.378232719676344 ], [ -99.264711715813519, 19.37824141052246 ], [ -99.261765478684481, 19.383101244533062 ] ] ] } },
{ "type": "Feature", "properties": { "alcaldia": "CUJ", "clave": "CUJ-080", "n": "080" }, "geometry": { "type": "Polygon", "coordinates": [ [ [ -99.252895734537475, 19.37825821674922 ], [ -99.255857312962604, 19.383109649915706 ], [ -99.261765478684481, 19.383101244533062 ], [ -99.264711715813519, 19.37824141052246 ], [ -99.261749966943682, 19.373390120900243 ], [ -99.255842151319413, 19.373398521744594 ], [ -99.252895734537475, 19.37825821674922 ] ] ] } },
{ "type": "Feature", "properties": { "alcaldia": "AOB", "clave": "AOB-080", "n": "080" }, "geometry": { "type": "Polygon", "coordinates": [ [ [ -99.244040972484669, 19.383125885058195 ], [ -99.247002380254841, 19.387977461730319 ], [ -99.252910725630812, 19.387969341967384 ], [ -99.255857312962604, 19.383109649915706 ], [ -99.252895734537475, 19.37825821674922 ], [ -99.246987739365466, 19.378266332129005 ], [ -99.244040972484669, 19.383125885058195 ] ] ] } },
{ "type": "Feature", "properties": { "alcaldia": "AOB", "clave": "AOB-081", "n": "081" }, "geometry": { "type": "Polygon", "coordinates": [ [ [ -99.235171740303741, 19.378281987419317 ], [ -99.238132797868772, 19.383133714817209 ], [ -99.244040972484669, 19.383125885058195 ], [ -99.246987739365466, 19.378266332129005 ], [ -99.244026511039181, 19.373414748121281 ], [ -99.238118686523308, 19.373422573652796 ], [ -99.235171740303741, 19.378281987419317 ] ] ] } },
{ "type": "Feature", "properties": { "alcaldia": "AOB", "clave": "AOB-082", "n": "082" }, "geometry": { "type": "Polygon", "coordinates": [ [ [ -99.226316440233418, 19.383148798708802 ], [ -99.229277326826988, 19.388000669458194 ], [ -99.235185680782848, 19.387993125476118 ], [ -99.238132797868772, 19.383133714817209 ], [ -99.235171740303741, 19.378281987419317 ], [ -99.229263736554188, 19.378289527329049 ], [ -99.226316440233418, 19.383148798708802 ] ] ] } },
{ "type": "Feature", "properties": { "alcaldia": "AOB", "clave": "AOB-083", "n": "083" }, "geometry": { "type": "Polygon", "coordinates": [ [ [ -99.217447720967982, 19.378304031675754 ], [ -99.220408257354151, 19.383156052840611 ], [ -99.226316440233418, 19.383148798708802 ], [ -99.229263736554188, 19.378289527329049 ], [ -99.226303029090332, 19.373437649400174 ], [ -99.220395196313333, 19.373444899615279 ], [ -99.217447720967982, 19.378304031675754 ] ] ] } },
{ "type": "Feature", "properties": { "alcaldia": "AOB", "clave": "AOB-084", "n": "084" }, "geometry": { "type": "Polygon", "coordinates": [ [ [ -99.208591883822763, 19.38316998547441 ], [ -99.21155224892108, 19.388022149836516 ], [ -99.217460610826024, 19.38801518163876 ], [ -99.220408257354151, 19.383156052840611 ], [ -99.217447720967982, 19.378304031675754 ], [ -99.211539709271477, 19.378310996111985 ], [ -99.208591883822763, 19.38316998547441 ] ] ] } },
{ "type": "Feature", "properties": { "alcaldia": "AOB", "clave": "AOB-085", "n": "085" }, "geometry": { "type": "Polygon", "coordinates": [ [ [ -99.199723678421975, 19.378324349508453 ], [ -99.202683693310817, 19.383176663975693 ], [ -99.208591883822763, 19.38316998547441 ], [ -99.211539709271477, 19.378310996111985 ], [ -99.208579522988629, 19.373458824726463 ], [ -99.202671682581013, 19.37346549962183 ], [ -99.199723678421975, 19.378324349508453 ] ] ] } },
{ "type": "Feature", "properties": { "alcaldia": "AOB", "clave": "AOB-086", "n": "086" }, "geometry": { "type": "Polygon", "coordinates": [ [ [ -99.190867305144749, 19.383189445345327 ], [ -99.193827148429378, 19.38804190285547 ], [ -99.199735517652641, 19.388035510445217 ], [ -99.202683693310817, 19.383176663975693 ], [ -99.199723678421975, 19.378324349508453 ], [ -99.193815659409125, 19.378330738468012 ], [ -99.190867305144749, 19.383189445345327 ] ] ] } },
{ "type": "Feature", "properties": { "alcaldia": "BJU", "clave": "BJU-010", "n": "010" }, "geometry": { "type": "Polygon", "coordinates": [ [ [ -99.181999614557554, 19.378342940908126 ], [ -99.184959107630817, 19.383195548213028 ], [ -99.190867305144749, 19.383189445345327 ], [ -99.193815659409125, 19.378330738468012 ], [ -99.190855994625608, 19.373478274090449 ], [ -99.184948147217924, 19.373484373663036 ], [ -99.181999614557554, 19.378342940908126 ] ] ] } },
{ "type": "Feature", "properties": { "alcaldia": "BJU", "clave": "BJU-011", "n": "011" }, "geometry": { "type": "Polygon", "coordinates": [ [ [ -99.173142706091468, 19.383207178312645 ], [ -99.176102027244241, 19.388059928506024 ], [ -99.182010403155076, 19.388054111886191 ], [ -99.184959107630817, 19.383195548213028 ], [ -99.181999614557554, 19.378342940908126 ], [ -99.176091588858981, 19.378348754388078 ], [ -99.173142706091468, 19.383207178312645 ] ] ] } },
{ "type": "Feature", "properties": { "alcaldia": "BJU", "clave": "BJU-012", "n": "012" }, "geometry": { "type": "Polygon", "coordinates": [ [ [ -99.16427553126654, 19.378359805866275 ], [ -99.167234502206227, 19.383212705543972 ], [ -99.173142706091468, 19.383207178312645 ], [ -99.176091588858981, 19.378348754388078 ], [ -99.173132445892861, 19.373495997483243 ], [ -99.167224592115616, 19.373501521730265 ], [ -99.16427553126654, 19.378359805866275 ] ] ] } },
{ "type": "Feature", "properties": { "alcaldia": "BJU", "clave": "BJU-013", "n": "013" }, "geometry": { "type": "Polygon", "coordinates": [ [ [ -99.155418088554995, 19.383223184368269 ], [ -99.158376887258029, 19.38807622677993 ], [ -99.164285269225616, 19.388070985953178 ], [ -99.167234502206227, 19.383212705543972 ], [ -99.16427553126654, 19.378359805866275 ], [ -99.158367499512849, 19.378365043863958 ], [ -99.155418088554995, 19.383223184368269 ] ] ] } },
{ "type": "Feature", "properties": { "alcaldia": "BJU", "clave": "BJU-014", "n": "014" }, "geometry": { "type": "Polygon", "coordinates": [ [ [ -99.146551430440766, 19.378374944375174 ], [ -99.149509878929152, 19.383228135960696 ], [ -99.155418088554995, 19.383223184368269 ], [ -99.158367499512849, 19.378365043863958 ], [ -99.155408878681939, 19.373511994896745 ], [ -99.149501019165655, 19.373516943815673 ], [ -99.146551430440766, 19.378374944375174 ] ] ] } },
{ "type": "Feature", "properties": { "alcaldia": "BJU", "clave": "BJU-015", "n": "015" }, "geometry": { "type": "Polygon", "coordinates": [ [ [ -99.137693454427421, 19.383237463504862 ], [ -99.140651730363061, 19.388090797669737 ], [ -99.146560117756636, 19.388086132638467 ], [ -99.149509878929152, 19.383228135960696 ], [ -99.146551430440766, 19.378374944375174 ], [ -99.140643393262565, 19.378379606888199 ], [ -99.137693454427421, 19.383237463504862 ] ] ] } },
{ "type": "Feature", "properties": { "alcaldia": "IZC", "clave": "IZC-001", "n": "001" }, "geometry": { "type": "Polygon", "coordinates": [ [ [ -99.128827313972096, 19.378388356427902 ], [ -99.131785239691681, 19.383241839456129 ], [ -99.137693454427421, 19.383237463504862 ], [ -99.140643393262565, 19.378379606888199 ], [ -99.137685294884449, 19.373526266323633 ], [ -99.13177743025966, 19.3735306399122 ], [ -99.128827313972096, 19.378388356427902 ] ] ] } },
{ "type": "Feature", "properties": { "alcaldia": "IZC", "clave": "IZC-002", "n": "002" }, "geometry": { "type": "Polygon", "coordinates": [ [ [ -99.119968805600863, 19.383250015715909 ], [ -99.122926558451709, 19.388103641168769 ], [ -99.128834950640496, 19.388099551935113 ], [ -99.131785239691681, 19.383241839456129 ], [ -99.128827313972096, 19.378388356427902 ], [ -99.122919272, 19.378392443454143 ], [ -99.119968805600863, 19.383250015715909 ] ] ] } },
{ "type": "Feature", "properties": { "alcaldia": "IZP", "clave": "IZP-104", "n": "104" }, "geometry": { "type": "Polygon", "coordinates": [ [ [ -99.111103183752348, 19.378400042018338 ], [ -99.114060586385946, 19.383253816024006 ], [ -99.119968805600863, 19.383250015715909 ], [ -99.122919272, 19.378392443454143 ], [ -99.119961696391968, 19.373538811757381 ], [ -99.114053827289197, 19.373542610013594 ], [ -99.111103183752348, 19.378400042018338 ] ] ] } },
{ "type": "Feature", "properties": { "alcaldia": "IZC", "clave": "IZC-003", "n": "003" }, "geometry": { "type": "Polygon", "coordinates": [ [ [ -99.102244143967454, 19.383260840995657 ], [ -99.105201373416364, 19.388114757271165 ], [ -99.111109769769556, 19.388111243836992 ], [ -99.114060586385946, 19.383253816024006 ], [ -99.111103183752348, 19.378400042018338 ], [ -99.105195137616974, 19.378403553555913 ], [ -99.102244143967454, 19.383260840995657 ] ] ] } },
{ "type": "Feature", "properties": { "alcaldia": "IZP", "clave": "IZP-105", "n": "105" }, "geometry": { "type": "Polygon", "coordinates": [ [ [ -99.09337904167343, 19.37841000114113 ], [ -99.096335920904039, 19.383264065658853 ], [ -99.102244143967454, 19.383260840995657 ], [ -99.105195137616974, 19.378403553555913 ], [ -99.102238085096104, 19.373549631192258 ], [ -99.096330212145887, 19.373552854114365 ], [ -99.09337904167343, 19.37841000114113 ] ] ] } },
{ "type": "Feature", "properties": { "alcaldia": "IZP", "clave": "IZP-106", "n": "106" }, "geometry": { "type": "Polygon", "coordinates": [ [ [ -99.084519471419284, 19.383269939339169 ], [ -99.087476177149398, 19.388124145971837 ], [ -99.09338457703619, 19.388121208338756 ], [ -99.096335920904039, 19.383264065658853 ], [ -99.09337904167343, 19.37841000114113 ], [ -99.087470992005407, 19.378412937188436 ], [ -99.084519471419284, 19.383269939339169 ] ] ] } },
{ "type": "Feature", "properties": { "alcaldia": "IZP", "clave": "IZP-107", "n": "107" }, "geometry": { "type": "Polygon", "coordinates": [ [ [ -99.075654889627174, 19.37841823379172 ], [ -99.078611245138106, 19.38327258835599 ], [ -99.084519471419284, 19.383269939339169 ], [ -99.087470992005407, 19.378412937188436 ], [ -99.08451446288845, 19.373558724623315 ], [ -99.078606586721335, 19.373561372209853 ], [ -99.075654889627174, 19.37841823379172 ] ] ] } },
{ "type": "Feature", "properties": { "alcaldia": "IZP", "clave": "IZP-108", "n": "108" }, "geometry": { "type": "Polygon", "coordinates": [ [ [ -99.066794789848515, 19.383277310742269 ], [ -99.069750971543215, 19.38813180726649 ], [ -99.075659374332801, 19.388129445435844 ], [ -99.078611245138106, 19.38327258835599 ], [ -99.075654889627174, 19.37841823379172 ], [ -99.069746837057124, 19.378420594347421 ], [ -99.066794789848515, 19.383277310742269 ] ] ] } },
{ "type": "Feature", "properties": { "alcaldia": "IZP", "clave": "IZP-109", "n": "109" }, "geometry": { "type": "Polygon", "coordinates": [ [ [ -99.057930729505486, 19.378424739966345 ], [ -99.060886560980279, 19.3832793841115 ], [ -99.066794789848515, 19.383277310742269 ], [ -99.069746837057124, 19.378420594347421 ], [ -99.066790831660654, 19.373566092046381 ], [ -99.060882952907178, 19.373568164296138 ], [ -99.057930729505486, 19.378424739966345 ] ] ] } },
{ "type": "Feature", "properties": { "alcaldia": "IZP", "clave": "IZP-110", "n": "110" }, "geometry": { "type": "Polygon", "coordinates": [ [ [ -99.049070101147279, 19.383282955201597 ], [ -99.05202575849016, 19.38813774115162 ], [ -99.057934163551792, 19.388135955124486 ], [ -99.060886560980279, 19.3832793841115 ], [ -99.057930729505486, 19.378424739966345 ], [ -99.05202267466403, 19.378426525029358 ], [ -99.049070101147279, 19.383282955201597 ] ] ] } },
{ "type": "Feature", "properties": { "alcaldia": "IZP", "clave": "IZP-111", "n": "111" }, "geometry": { "type": "Polygon", "coordinates": [ [ [ -99.040206563200229, 19.378429519662031 ], [ -99.043161870322692, 19.383284452922283 ], [ -99.049070101147279, 19.383282955201597 ], [ -99.05202267466403, 19.378426525029358 ], [ -99.04906719330431, 19.373571733458107 ], [ -99.043159312595037, 19.37357323037013 ], [ -99.040206563200229, 19.378429519662031 ] ] ] } },
{ "type": "Feature", "properties": { "alcaldia": "IZP", "clave": "IZP-112", "n": "112" }, "geometry": { "type": "Polygon", "coordinates": [ [ [ -99.031345407207723, 19.38328687271456 ], [ -99.034300539882665, 19.388141947624511 ], [ -99.040208946585523, 19.388140737401713 ], [ -99.043161870322692, 19.383284452922283 ], [ -99.040206563200229, 19.378429519662031 ], [ -99.034298506718002, 19.378430729231539 ], [ -99.031345407207723, 19.38328687271456 ] ] ] } },
{ "type": "Feature", "properties": { "alcaldia": "IZP", "clave": "IZP-113", "n": "113" }, "geometry": { "type": "Polygon", "coordinates": [ [ [ -99.022482392603308, 19.378432572876591 ], [ -99.02543717505749, 19.383287794786028 ], [ -99.031345407207723, 19.38328687271456 ], [ -99.034298506718002, 19.378430729231539 ], [ -99.031343549711067, 19.373575648855898 ], [ -99.025435667676518, 19.373576570429506 ], [ -99.022482392603308, 19.378432572876591 ] ] ] } },
{ "type": "Feature", "properties": { "alcaldia": "IZP", "clave": "IZP-114", "n": "114" }, "geometry": { "type": "Polygon", "coordinates": [ [ [ -99.013620709921966, 19.383289063279378 ], [ -99.016575317613146, 19.388144426683247 ], [ -99.02248372532641, 19.388143792265332 ], [ -99.02543717505749, 19.383287794786028 ], [ -99.022482392603308, 19.378432572876591 ], [ -99.016574335110946, 19.378433206952046 ], [ -99.013620709921966, 19.383289063279378 ] ] ] } },
{ "type": "Feature", "properties": { "alcaldia": "IZP", "clave": "IZP-115", "n": "115" }, "geometry": { "type": "Polygon", "coordinates": [ [ [ -99.0047582196066, 19.378433899608634 ], [ -99.007712477076822, 19.383289409701195 ], [ -99.013620709921966, 19.383289063279378 ], [ -99.016574335110946, 19.378433206952046 ], [ -99.013619902772561, 19.373577838237964 ], [ -99.007712020043272, 19.373578184472734 ], [ -99.0047582196066, 19.378433899608634 ] ] ] } },
{ "type": "Feature", "properties": { "alcaldia": "CUJ", "clave": "CUJ-081", "n": "081" }, "geometry": { "type": "Polygon", "coordinates": [ [ [ -99.270635743477641, 19.387943831123433 ], [ -99.273598022412045, 19.392794962023014 ], [ -99.279506528914467, 19.392785976170945 ], [ -99.282452406107097, 19.387925864269189 ], [ -99.279489956940779, 19.383074877144676 ], [ -99.273581800743614, 19.383083858147106 ], [ -99.270635743477641, 19.387943831123433 ] ] ] } },
{ "type": "Feature", "properties": { "alcaldia": "CUJ", "clave": "CUJ-082", "n": "082" }, "geometry": { "type": "Polygon", "coordinates": [ [ [ -99.261780999739784, 19.392812357797432 ], [ -99.264743108231983, 19.397663632433641 ], [ -99.270651794809027, 19.39765493219906 ], [ -99.273598022412045, 19.392794962023014 ], [ -99.270635743477641, 19.387943831123433 ], [ -99.264727407312307, 19.387952526663515 ], [ -99.261780999739784, 19.392812357797432 ] ] ] } },
{ "type": "Feature", "properties": { "alcaldia": "CUJ", "clave": "CUJ-083", "n": "083" }, "geometry": { "type": "Polygon", "coordinates": [ [ [ -99.252910725630812, 19.387969341967384 ], [ -99.25587248371005, 19.392820767718895 ], [ -99.261780999739784, 19.392812357797432 ], [ -99.264727407312307, 19.387952526663515 ], [ -99.261765478684481, 19.383101244533062 ], [ -99.255857312962604, 19.383109649915706 ], [ -99.252910725630812, 19.387969341967384 ] ] ] } },
{ "type": "Feature", "properties": { "alcaldia": "MIH", "clave": "MIH-001", "n": "001" }, "geometry": { "type": "Polygon", "coordinates": [ [ [ -99.244055442613984, 19.392837011628185 ], [ -99.247017029934355, 19.397688580962249 ], [ -99.252925725724538, 19.397680456815667 ], [ -99.25587248371005, 19.392820767718895 ], [ -99.252910725630812, 19.387969341967384 ], [ -99.247002380254841, 19.387977461730319 ], [ -99.244055442613984, 19.392837011628185 ] ] ] } },
{ "type": "Feature", "properties": { "alcaldia": "MIH", "clave": "MIH-002", "n": "002" }, "geometry": { "type": "Polygon", "coordinates": [ [ [ -99.235185680782848, 19.387993125476118 ], [ -99.238146917687814, 19.392844845615187 ], [ -99.244055442613984, 19.392837011628185 ], [ -99.247002380254841, 19.387977461730319 ], [ -99.244040972484669, 19.383125885058195 ], [ -99.238132797868772, 19.383133714817209 ], [ -99.235185680782848, 19.387993125476118 ] ] ] } },
{ "type": "Feature", "properties": { "alcaldia": "AOB", "clave": "AOB-087", "n": "087" }, "geometry": { "type": "Polygon", "coordinates": [ [ [ -99.226329859429669, 19.39285993765192 ], [ -99.229290925259178, 19.397711801219387 ], [ -99.235199629631566, 19.397704253164509 ], [ -99.238146917687814, 19.392844845615187 ], [ -99.235185680782848, 19.387993125476118 ], [ -99.229277326826988, 19.388000669458194 ], [ -99.226329859429669, 19.39285993765192 ] ] ] } },
{ "type": "Feature", "properties": { "alcaldia": "AOB", "clave": "AOB-088", "n": "088" }, "geometry": { "type": "Polygon", "coordinates": [ [ [ -99.217460610826024, 19.38801518163876 ], [ -99.220421326237883, 19.392867195700891 ], [ -99.226329859429669, 19.39285993765192 ], [ -99.229277326826988, 19.388000669458194 ], [ -99.226316440233418, 19.383148798708802 ], [ -99.220408257354151, 19.383156052840611 ], [ -99.217460610826024, 19.38801518163876 ] ] ] } },
{ "type": "Feature", "properties": { "alcaldia": "AOB", "clave": "AOB-089", "n": "089" }, "geometry": { "type": "Polygon", "coordinates": [ [ [ -99.208604252079368, 19.392881135858165 ], [ -99.211564796099267, 19.397733293194428 ], [ -99.217473508422913, 19.397726321234714 ], [ -99.220421326237883, 19.392867195700891 ], [ -99.217460610826024, 19.38801518163876 ], [ -99.21155224892108, 19.388022149836516 ], [ -99.208604252079368, 19.392881135858165 ] ] ] } },
{ "type": "Feature", "properties": { "alcaldia": "AOB", "clave": "AOB-090", "n": "090" }, "geometry": { "type": "Polygon", "coordinates": [ [ [ -99.199735517652641, 19.388035510445217 ], [ -99.202695711252829, 19.392887817965768 ], [ -99.208604252079368, 19.392881135858165 ], [ -99.21155224892108, 19.388022149836516 ], [ -99.208591883822763, 19.38316998547441 ], [ -99.202683693310817, 19.383176663975693 ], [ -99.199735517652641, 19.388035510445217 ] ] ] } },
{ "type": "Feature", "properties": { "alcaldia": "AOB", "clave": "AOB-091", "n": "091" }, "geometry": { "type": "Polygon", "coordinates": [ [ [ -99.190878622455656, 19.392900606237212 ], [ -99.193838644347437, 19.397753056877541 ], [ -99.199747363991392, 19.397746661016182 ], [ -99.202695711252829, 19.392887817965768 ], [ -99.199735517652641, 19.388035510445217 ], [ -99.193827148429378, 19.38804190285547 ], [ -99.190878622455656, 19.392900606237212 ] ] ] } },
{ "type": "Feature", "properties": { "alcaldia": "BJU", "clave": "BJU-016", "n": "016" }, "geometry": { "type": "Polygon", "coordinates": [ [ [ -99.182010403155076, 19.388054111886191 ], [ -99.184970074625227, 19.392906712400393 ], [ -99.190878622455656, 19.392900606237212 ], [ -99.193827148429378, 19.38804190285547 ], [ -99.190867305144749, 19.383189445345327 ], [ -99.184959107630817, 19.383195548213028 ], [ -99.182010403155076, 19.388054111886191 ] ] ] } },
{ "type": "Feature", "properties": { "alcaldia": "BJU", "clave": "BJU-017", "n": "017" }, "geometry": { "type": "Polygon", "coordinates": [ [ [ -99.173152972451135, 19.39291834878015 ], [ -99.176112471896545, 19.397771092259692 ], [ -99.182021198229876, 19.397765272499608 ], [ -99.184970074625227, 19.392906712400393 ], [ -99.182010403155076, 19.388054111886191 ], [ -99.176102027244241, 19.388059928506024 ], [ -99.173152972451135, 19.39291834878015 ] ] ] } },
{ "type": "Feature", "properties": { "alcaldia": "BJU", "clave": "BJU-018", "n": "018" }, "geometry": { "type": "Polygon", "coordinates": [ [ [ -99.164285269225616, 19.388070985953178 ], [ -99.167244418247662, 19.392923878996129 ], [ -99.173152972451135, 19.39291834878015 ], [ -99.176102027244241, 19.388059928506024 ], [ -99.173142706091468, 19.383207178312645 ], [ -99.167234502206227, 19.383212705543972 ], [ -99.164285269225616, 19.388070985953178 ] ] ] } },
{ "type": "Feature", "properties": { "alcaldia": "BJU", "clave": "BJU-019", "n": "019" }, "geometry": { "type": "Polygon", "coordinates": [ [ [ -99.15542730395839, 19.392934363478886 ], [ -99.158386280639448, 19.397787399332632 ], [ -99.164295013031193, 19.397782155676488 ], [ -99.167244418247662, 19.392923878996129 ], [ -99.164285269225616, 19.388070985953178 ], [ -99.158376887258029, 19.38807622677993 ], [ -99.15542730395839, 19.392934363478886 ] ] ] } },
{ "type": "Feature", "properties": { "alcaldia": "BJU", "clave": "BJU-020", "n": "020" }, "geometry": { "type": "Polygon", "coordinates": [ [ [ -99.146560117756636, 19.388086132638467 ], [ -99.149518744012767, 19.392939317745121 ], [ -99.15542730395839, 19.392934363478886 ], [ -99.158376887258029, 19.38807622677993 ], [ -99.155418088554995, 19.383223184368269 ], [ -99.149509878929152, 19.383228135960696 ], [ -99.146560117756636, 19.388086132638467 ] ] ] } },
{ "type": "Feature", "properties": { "alcaldia": "BJU", "clave": "BJU-021", "n": "021" }, "geometry": { "type": "Polygon", "coordinates": [ [ [ -99.13770161887004, 19.392948650326069 ], [ -99.140660072469004, 19.3978019780889 ], [ -99.146568810288215, 19.39779731053909 ], [ -99.149518744012767, 19.392939317745121 ], [ -99.146560117756636, 19.388086132638467 ], [ -99.140651730363061, 19.388090797669737 ], [ -99.13770161887004, 19.392948650326069 ] ] ] } },
{ "type": "Feature", "properties": { "alcaldia": "BJU", "clave": "BJU-022", "n": "022" }, "geometry": { "type": "Polygon", "coordinates": [ [ [ -99.128834950640496, 19.388099551935113 ], [ -99.131793053813141, 19.392953028640314 ], [ -99.13770161887004, 19.392948650326069 ], [ -99.140651730363061, 19.388090797669737 ], [ -99.137693454427421, 19.383237463504862 ], [ -99.131785239691681, 19.383241839456129 ], [ -99.128834950640496, 19.388099551935113 ] ] ] } },
{ "type": "Feature", "properties": { "alcaldia": "IZC", "clave": "IZC-004", "n": "004" }, "geometry": { "type": "Polygon", "coordinates": [ [ [ -99.119975919078726, 19.392961209315189 ], [ -99.122933849278098, 19.397814828521817 ], [ -99.128842591893815, 19.397810737080484 ], [ -99.131793053813141, 19.392953028640314 ], [ -99.128834950640496, 19.388099551935113 ], [ -99.122926558451709, 19.388103641168769 ], [ -99.119975919078726, 19.392961209315189 ] ] ] } },
{ "type": "Feature", "properties": { "alcaldia": "IZC", "clave": "IZC-005", "n": "005" }, "geometry": { "type": "Polygon", "coordinates": [ [ [ -99.111109769769556, 19.388111243836992 ], [ -99.114067349541401, 19.392965011675415 ], [ -99.119975919078726, 19.392961209315189 ], [ -99.122926558451709, 19.388103641168769 ], [ -99.119968805600863, 19.383250015715909 ], [ -99.114060586385946, 19.383253816024006 ], [ -99.111109769769556, 19.388111243836992 ] ] ] } },
{ "type": "Feature", "properties": { "alcaldia": "IZC", "clave": "IZC-006", "n": "006" }, "geometry": { "type": "Polygon", "coordinates": [ [ [ -99.102250206477038, 19.392972040440483 ], [ -99.105207612959632, 19.397825950625528 ], [ -99.111116359740876, 19.397822435294536 ], [ -99.114067349541401, 19.392965011675415 ], [ -99.111109769769556, 19.388111243836992 ], [ -99.105201373416364, 19.388114757271165 ], [ -99.102250206477038, 19.392972040440483 ] ] ] } },
{ "type": "Feature", "properties": { "alcaldia": "IZC", "clave": "IZC-007", "n": "007" }, "geometry": { "type": "Polygon", "coordinates": [ [ [ -99.09338457703619, 19.388121208338756 ], [ -99.096341633090205, 19.392975266844967 ], [ -99.102250206477038, 19.392972040440483 ], [ -99.105201373416364, 19.388114757271165 ], [ -99.102244143967454, 19.383260840995657 ], [ -99.096335920904039, 19.383264065658853 ], [ -99.09338457703619, 19.388121208338756 ] ] ] } },
{ "type": "Feature", "properties": { "alcaldia": "IZC", "clave": "IZC-008", "n": "008" }, "geometry": { "type": "Polygon", "coordinates": [ [ [ -99.084524482957676, 19.392981143697007 ], [ -99.087481365406475, 19.397835344394927 ], [ -99.093390115722315, 19.397832405175887 ], [ -99.096341633090205, 19.392975266844967 ], [ -99.09338457703619, 19.388121208338756 ], [ -99.087476177149398, 19.388124145971837 ], [ -99.084524482957676, 19.392981143697007 ] ] ] } },
{ "type": "Feature", "properties": { "alcaldia": "IZP", "clave": "IZP-116", "n": "116" }, "geometry": { "type": "Polygon", "coordinates": [ [ [ -99.075659374332801, 19.388129445435844 ], [ -99.078615906352169, 19.392983794144268 ], [ -99.084524482957676, 19.392981143697007 ], [ -99.087476177149398, 19.388124145971837 ], [ -99.084519471419284, 19.383269939339169 ], [ -99.078611245138106, 19.38327258835599 ], [ -99.075659374332801, 19.388129445435844 ] ] ] } },
{ "type": "Feature", "properties": { "alcaldia": "IZC", "clave": "IZC-009", "n": "009" }, "geometry": { "type": "Polygon", "coordinates": [ [ [ -99.066798750413227, 19.392988519080596 ], [ -99.069755108511558, 19.397843009825728 ], [ -99.075663861730987, 19.397840646719981 ], [ -99.078615906352169, 19.392983794144268 ], [ -99.075659374332801, 19.388129445435844 ], [ -99.069750971543215, 19.38813180726649 ], [ -99.066798750413227, 19.392988519080596 ] ] ] } },
{ "type": "Feature", "properties": { "alcaldia": "IZC", "clave": "IZC-010", "n": "010" }, "geometry": { "type": "Polygon", "coordinates": [ [ [ -99.057934163551792, 19.388135955124486 ], [ -99.060890171219981, 19.392990593569422 ], [ -99.066798750413227, 19.392988519080596 ], [ -99.069750971543215, 19.38813180726649 ], [ -99.066794789848515, 19.383277310742269 ], [ -99.060886560980279, 19.3832793841115 ], [ -99.057934163551792, 19.388135955124486 ] ] ] } },
{ "type": "Feature", "properties": { "alcaldia": "IZP", "clave": "IZP-117", "n": "117" }, "geometry": { "type": "Polygon", "coordinates": [ [ [ -99.049073010736379, 19.392994166587872 ], [ -99.052028844167765, 19.397848946914412 ], [ -99.057937599659823, 19.397847159923046 ], [ -99.060890171219981, 19.392990593569422 ], [ -99.057934163551792, 19.388135955124486 ], [ -99.05202575849016, 19.38813774115162 ], [ -99.049073010736379, 19.392994166587872 ] ] ] } },
{ "type": "Feature", "properties": { "alcaldia": "IZP", "clave": "IZP-118", "n": "118" }, "geometry": { "type": "Polygon", "coordinates": [ [ [ -99.040208946585523, 19.388140737401713 ], [ -99.043164429586241, 19.392995665117319 ], [ -99.049073010736379, 19.392994166587872 ], [ -99.05202575849016, 19.38813774115162 ], [ -99.049070101147279, 19.383282955201597 ], [ -99.043161870322692, 19.383284452922283 ], [ -99.040208946585523, 19.388140737401713 ] ] ] } },
{ "type": "Feature", "properties": { "alcaldia": "IZP", "clave": "IZP-119", "n": "119" }, "geometry": { "type": "Polygon", "coordinates": [ [ [ -99.031347265819761, 19.392998086216259 ], [ -99.034302574268011, 19.397853155658282 ], [ -99.04021133140175, 19.397851944782111 ], [ -99.043164429586241, 19.392995665117319 ], [ -99.040208946585523, 19.388140737401713 ], [ -99.034300539882665, 19.388141947624511 ], [ -99.031347265819761, 19.392998086216259 ] ] ] } },
{ "type": "Feature", "properties": { "alcaldia": "IZP", "clave": "IZP-120", "n": "120" }, "geometry": { "type": "Polygon", "coordinates": [ [ [ -99.02248372532641, 19.388143792265332 ], [ -99.025438683343637, 19.392999008785633 ], [ -99.031347265819761, 19.392998086216259 ], [ -99.034300539882665, 19.388141947624511 ], [ -99.031345407207723, 19.38328687271456 ], [ -99.02543717505749, 19.383287794786028 ], [ -99.02248372532641, 19.388143792265332 ] ] ] } },
{ "type": "Feature", "properties": { "alcaldia": "CUJ", "clave": "CUJ-084", "n": "084" }, "geometry": { "type": "Polygon", "coordinates": [ [ [ -99.252925725724538, 19.397680456815667 ], [ -99.255887663564252, 19.402531875149823 ], [ -99.261796530112107, 19.402523460689029 ], [ -99.264743108231983, 19.397663632433641 ], [ -99.261780999739784, 19.392812357797432 ], [ -99.25587248371005, 19.392820767718895 ], [ -99.252925725724538, 19.397680456815667 ] ] ] } },
{ "type": "Feature", "properties": { "alcaldia": "MIH", "clave": "MIH-003", "n": "003" }, "geometry": { "type": "Polygon", "coordinates": [ [ [ -99.244069921429485, 19.402548127826925 ], [ -99.247031688406395, 19.407399689820505 ], [ -99.252940734821095, 19.40739156128976 ], [ -99.255887663564252, 19.402531875149823 ], [ -99.252925725724538, 19.397680456815667 ], [ -99.247017029934355, 19.397688580962249 ], [ -99.244069921429485, 19.402548127826925 ] ] ] } },
{ "type": "Feature", "properties": { "alcaldia": "MIH", "clave": "MIH-004", "n": "004" }, "geometry": { "type": "Polygon", "coordinates": [ [ [ -99.235199629631566, 19.397704253164509 ], [ -99.238161045982764, 19.402555966042403 ], [ -99.244069921429485, 19.402548127826925 ], [ -99.247017029934355, 19.397688580962249 ], [ -99.244055442613984, 19.392837011628185 ], [ -99.238146917687814, 19.392844845615187 ], [ -99.235199629631566, 19.397704253164509 ] ] ] } },
{ "type": "Feature", "properties": { "alcaldia": "MIH", "clave": "MIH-005", "n": "005" }, "geometry": { "type": "Polygon", "coordinates": [ [ [ -99.226343286681228, 19.402571066225214 ], [ -99.229304531852947, 19.407422922608337 ], [ -99.235213586852183, 19.407415370480191 ], [ -99.238161045982764, 19.402555966042403 ], [ -99.235199629631566, 19.397704253164509 ], [ -99.229290925259178, 19.397711801219387 ], [ -99.226343286681228, 19.402571066225214 ] ] ] } },
{ "type": "Feature", "properties": { "alcaldia": "MIH", "clave": "MIH-006", "n": "006" }, "geometry": { "type": "Polygon", "coordinates": [ [ [ -99.217473508422913, 19.397726321234714 ], [ -99.22043440296666, 19.402578328191783 ], [ -99.226343286681228, 19.402571066225214 ], [ -99.229290925259178, 19.397711801219387 ], [ -99.226329859429669, 19.39285993765192 ], [ -99.220421326237883, 19.392867195700891 ], [ -99.217473508422913, 19.397726321234714 ] ] ] } },
{ "type": "Feature", "properties": { "alcaldia": "MIH", "clave": "MIH-007", "n": "007" }, "geometry": { "type": "Polygon", "coordinates": [ [ [ -99.208616627760435, 19.402592275873399 ], [ -99.211577350808099, 19.407444426181428 ], [ -99.217486413760767, 19.407437450459327 ], [ -99.22043440296666, 19.402578328191783 ], [ -99.217473508422913, 19.397726321234714 ], [ -99.211564796099267, 19.397733293194428 ], [ -99.208616627760435, 19.402592275873399 ] ] ] } },
{ "type": "Feature", "properties": { "alcaldia": "AOB", "clave": "AOB-092", "n": "092" }, "geometry": { "type": "Polygon", "coordinates": [ [ [ -99.199747363991392, 19.397746661016182 ], [ -99.202707736409025, 19.402598961587739 ], [ -99.208616627760435, 19.402592275873399 ], [ -99.211564796099267, 19.397733293194428 ], [ -99.208604252079368, 19.392881135858165 ], [ -99.202695711252829, 19.392887817965768 ], [ -99.199747363991392, 19.397746661016182 ] ] ] } },
{ "type": "Feature", "properties": { "alcaldia": "AOB", "clave": "AOB-093", "n": "093" }, "geometry": { "type": "Polygon", "coordinates": [ [ [ -99.190889946560162, 19.402611756761772 ], [ -99.193850147165179, 19.407464200529919 ], [ -99.19975921744016, 19.407457801217063 ], [ -99.202707736409025, 19.402598961587739 ], [ -99.199747363991392, 19.397746661016182 ], [ -99.193838644347437, 19.397753056877541 ], [ -99.190889946560162, 19.402611756761772 ] ] ] } },
{ "type": "Feature", "properties": { "alcaldia": "MIH", "clave": "MIH-008", "n": "008" }, "geometry": { "type": "Polygon", "coordinates": [ [ [ -99.182021198229876, 19.397765272499608 ], [ -99.184981048202943, 19.402617866220826 ], [ -99.190889946560162, 19.402611756761772 ], [ -99.193838644347437, 19.397753056877541 ], [ -99.190878622455656, 19.392900606237212 ], [ -99.184970074625227, 19.392906712400393 ], [ -99.182021198229876, 19.397765272499608 ] ] ] } },
{ "type": "Feature", "properties": { "alcaldia": "MIH", "clave": "MIH-009", "n": "009" }, "geometry": { "type": "Polygon", "coordinates": [ [ [ -99.173163244973537, 19.402629508881443 ], [ -99.176122922817569, 19.40748224564479 ], [ -99.182031999783746, 19.407476422744097 ], [ -99.184981048202943, 19.402617866220826 ], [ -99.182021198229876, 19.397765272499608 ], [ -99.176112471896545, 19.397771092259692 ], [ -99.173163244973537, 19.402629508881443 ] ] ] } },
{ "type": "Feature", "properties": { "alcaldia": "BJU", "clave": "BJU-023", "n": "023" }, "geometry": { "type": "Polygon", "coordinates": [ [ [ -99.164295013031193, 19.397782155676488 ], [ -99.16725434024157, 19.402635042082412 ], [ -99.173163244973537, 19.402629508881443 ], [ -99.176112471896545, 19.397771092259692 ], [ -99.173152972451135, 19.39291834878015 ], [ -99.167244418247662, 19.392923878996129 ], [ -99.164295013031193, 19.397782155676488 ] ] ] } },
{ "type": "Feature", "properties": { "alcaldia": "BJU", "clave": "BJU-024", "n": "024" }, "geometry": { "type": "Polygon", "coordinates": [ [ [ -99.155436524893659, 19.402645532224273 ], [ -99.158395679658639, 19.40749856151777 ], [ -99.164304762684878, 19.407493315031903 ], [ -99.16725434024157, 19.402635042082412 ], [ -99.164295013031193, 19.397782155676488 ], [ -99.158386280639448, 19.397787399332632 ], [ -99.155436524893659, 19.402645532224273 ] ] ] } },
{ "type": "Feature", "properties": { "alcaldia": "BJU", "clave": "BJU-025", "n": "025" }, "geometry": { "type": "Polygon", "coordinates": [ [ [ -99.146568810288215, 19.39779731053909 ], [ -99.149527614417963, 19.402650489164625 ], [ -99.155436524893659, 19.402645532224273 ], [ -99.158386280639448, 19.397787399332632 ], [ -99.15542730395839, 19.392934363478886 ], [ -99.149518744012767, 19.392939317745121 ], [ -99.146568810288215, 19.39779731053909 ] ] ] } },
{ "type": "Feature", "properties": { "alcaldia": "BJU", "clave": "BJU-026", "n": "026" }, "geometry": { "type": "Polygon", "coordinates": [ [ [ -99.13770978821367, 19.402659826782937 ], [ -99.140668419581758, 19.407513148141394 ], [ -99.146577508036941, 19.407508478072767 ], [ -99.149527614417963, 19.402650489164625 ], [ -99.146568810288215, 19.39779731053909 ], [ -99.140660072469004, 19.3978019780889 ], [ -99.13770978821367, 19.402659826782937 ] ] ] } },
{ "type": "Feature", "properties": { "alcaldia": "BJU", "clave": "BJU-027", "n": "027" }, "geometry": { "type": "Polygon", "coordinates": [ [ [ -99.128842591893815, 19.397810737080484 ], [ -99.131800872625305, 19.402664207460411 ], [ -99.13770978821367, 19.402659826782937 ], [ -99.140660072469004, 19.3978019780889 ], [ -99.13770161887004, 19.392948650326069 ], [ -99.131793053813141, 19.392953028640314 ], [ -99.128842591893815, 19.397810737080484 ] ] ] } },
{ "type": "Feature", "properties": { "alcaldia": "IZC", "clave": "IZC-011", "n": "011" }, "geometry": { "type": "Polygon", "coordinates": [ [ [ -99.119983036826696, 19.402672392550897 ], [ -99.12294114448035, 19.407526005509002 ], [ -99.128850237733332, 19.407521911859739 ], [ -99.131800872625305, 19.402664207460411 ], [ -99.128842591893815, 19.397810737080484 ], [ -99.122933849278098, 19.397814828521817 ], [ -99.119983036826696, 19.402672392550897 ] ] ] } },
{ "type": "Feature", "properties": { "alcaldia": "IZC", "clave": "IZC-012", "n": "012" }, "geometry": { "type": "Polygon", "coordinates": [ [ [ -99.111116359740876, 19.397822435294536 ], [ -99.114074116756697, 19.402676196963494 ], [ -99.119983036826696, 19.402672392550897 ], [ -99.122933849278098, 19.397814828521817 ], [ -99.119975919078726, 19.392961209315189 ], [ -99.114067349541401, 19.392965011675415 ], [ -99.111116359740876, 19.397822435294536 ] ] ] } },
{ "type": "Feature", "properties": { "alcaldia": "IZC", "clave": "IZC-013", "n": "013" }, "geometry": { "type": "Polygon", "coordinates": [ [ [ -99.10225627262588, 19.40268322952241 ], [ -99.105213856247786, 19.407537133614706 ], [ -99.111122953667433, 19.407533616386679 ], [ -99.114074116756697, 19.402676196963494 ], [ -99.111116359740876, 19.397822435294536 ], [ -99.105207612959632, 19.397825950625528 ], [ -99.10225627262588, 19.40268322952241 ] ] ] } },
{ "type": "Feature", "properties": { "alcaldia": "IZC", "clave": "IZC-014", "n": "014" }, "geometry": { "type": "Polygon", "coordinates": [ [ [ -99.093390115722315, 19.397832405175887 ], [ -99.096347348705308, 19.402686457668374 ], [ -99.10225627262588, 19.40268322952241 ], [ -99.105207612959632, 19.397825950625528 ], [ -99.102250206477038, 19.392972040440483 ], [ -99.096341633090205, 19.392975266844967 ], [ -99.093390115722315, 19.397832405175887 ] ] ] } },
{ "type": "Feature", "properties": { "alcaldia": "IZC", "clave": "IZC-015", "n": "015" }, "geometry": { "type": "Polygon", "coordinates": [ [ [ -99.084529497504406, 19.402692337692514 ], [ -99.087486556777492, 19.40754653245342 ], [ -99.093395657732657, 19.407543591648238 ], [ -99.096347348705308, 19.402686457668374 ], [ -99.093390115722315, 19.397832405175887 ], [ -99.087481365406475, 19.397835344394927 ], [ -99.084529497504406, 19.402692337692514 ] ] ] } },
{ "type": "Feature", "properties": { "alcaldia": "IZC", "clave": "IZC-016", "n": "016" }, "geometry": { "type": "Polygon", "coordinates": [ [ [ -99.075663861730987, 19.397840646719981 ], [ -99.078620570364293, 19.402694989570378 ], [ -99.084529497504406, 19.402692337692514 ], [ -99.087481365406475, 19.397835344394927 ], [ -99.084524482957676, 19.392981143697007 ], [ -99.078615906352169, 19.392983794144268 ], [ -99.075663861730987, 19.397840646719981 ] ] ] } },
{ "type": "Feature", "properties": { "alcaldia": "IZC", "clave": "IZC-017", "n": "017" }, "geometry": { "type": "Polygon", "coordinates": [ [ [ -99.066802713355401, 19.402699717057047 ], [ -99.069759247962878, 19.407554202020833 ], [ -99.075668351822443, 19.407551837639854 ], [ -99.078620570364293, 19.402694989570378 ], [ -99.075663861730987, 19.397840646719981 ], [ -99.069755108511558, 19.397843009825728 ], [ -99.066802713355401, 19.402699717057047 ] ] ] } },
{ "type": "Feature", "properties": { "alcaldia": "IZC", "clave": "IZC-018", "n": "018" }, "geometry": { "type": "Polygon", "coordinates": [ [ [ -99.057937599659823, 19.397847159923046 ], [ -99.060893783626838, 19.402701792665603 ], [ -99.066802713355401, 19.402699717057047 ], [ -99.069755108511558, 19.397843009825728 ], [ -99.066798750413227, 19.392988519080596 ], [ -99.060890171219981, 19.392990593569422 ], [ -99.057937599659823, 19.397847159923046 ] ] ] } },
{ "type": "Feature", "properties": { "alcaldia": "IZC", "clave": "IZC-019", "n": "019" }, "geometry": { "type": "Polygon", "coordinates": [ [ [ -99.049075922072035, 19.402705367612626 ], [ -99.052031931697343, 19.407560142313454 ], [ -99.05794103783019, 19.407558354357747 ], [ -99.060893783626838, 19.402701792665603 ], [ -99.057937599659823, 19.397847159923046 ], [ -99.052028844167765, 19.397848946914412 ], [ -99.049075922072035, 19.402705367612626 ] ] ] } },
{ "type": "Feature", "properties": { "alcaldia": "IZP", "clave": "IZP-121", "n": "121" }, "geometry": { "type": "Polygon", "coordinates": [ [ [ -99.04021133140175, 19.397851944782111 ], [ -99.043166990386055, 19.402706866950915 ], [ -99.049075922072035, 19.402705367612626 ], [ -99.052028844167765, 19.397848946914412 ], [ -99.049073010736379, 19.392994166587872 ], [ -99.043164429586241, 19.392995665117319 ], [ -99.04021133140175, 19.397851944782111 ] ] ] } },
{ "type": "Feature", "properties": { "alcaldia": "MIH", "clave": "MIH-010", "n": "010" }, "geometry": { "type": "Polygon", "coordinates": [ [ [ -99.235213586852183, 19.407415370480191 ], [ -99.23817518275591, 19.412267076094473 ], [ -99.244084408933517, 19.412259233650044 ], [ -99.247031688406395, 19.407399689820505 ], [ -99.244069921429485, 19.402548127826925 ], [ -99.238161045982764, 19.402555966042403 ], [ -99.235213586852183, 19.407415370480191 ] ] ] } },
{ "type": "Feature", "properties": { "alcaldia": "MIH", "clave": "MIH-011", "n": "011" }, "geometry": { "type": "Polygon", "coordinates": [ [ [ -99.226356721990314, 19.412282184424292 ], [ -99.22931814661051, 19.41713403362067 ], [ -99.235227552446972, 19.417126477418787 ], [ -99.23817518275591, 19.412267076094473 ], [ -99.235213586852183, 19.407415370480191 ], [ -99.229304531852947, 19.407422922608337 ], [ -99.226356721990314, 19.412282184424292 ] ] ] } },
{ "type": "Feature", "properties": { "alcaldia": "MIH", "clave": "MIH-012", "n": "012" }, "geometry": { "type": "Polygon", "coordinates": [ [ [ -99.217486413760767, 19.407437450459327 ], [ -99.2204474875426, 19.412289450308919 ], [ -99.226356721990314, 19.412282184424292 ], [ -99.229304531852947, 19.407422922608337 ], [ -99.226343286681228, 19.402571066225214 ], [ -99.22043440296666, 19.402578328191783 ], [ -99.217486413760767, 19.407437450459327 ] ] ] } },
{ "type": "Feature", "properties": { "alcaldia": "MIH", "clave": "MIH-013", "n": "013" }, "geometry": { "type": "Polygon", "coordinates": [ [ [ -99.208629010867995, 19.412303405515733 ], [ -99.211589913049608, 19.417155548793133 ], [ -99.217499326841676, 19.417148569308218 ], [ -99.2204474875426, 19.412289450308919 ], [ -99.217486413760767, 19.407437450459327 ], [ -99.211577350808099, 19.407444426181428 ], [ -99.208629010867995, 19.412303405515733 ] ] ] } },
{ "type": "Feature", "properties": { "alcaldia": "MIH", "clave": "MIH-014", "n": "014" }, "geometry": { "type": "Polygon", "coordinates": [ [ [ -99.19975921744016, 19.407457801217063 ], [ -99.202719768781364, 19.412310094837224 ], [ -99.208629010867995, 19.412303405515733 ], [ -99.211577350808099, 19.407444426181428 ], [ -99.208616627760435, 19.402592275873399 ], [ -99.202707736409025, 19.402598961587739 ], [ -99.19975921744016, 19.407457801217063 ] ] ] } },
{ "type": "Feature", "properties": { "alcaldia": "MIH", "clave": "MIH-015", "n": "015" }, "geometry": { "type": "Polygon", "coordinates": [ [ [ -99.190901277460128, 19.412322896914656 ], [ -99.193861656884494, 19.417175333808235 ], [ -99.199771078000865, 19.417168931043481 ], [ -99.202719768781364, 19.412310094837224 ], [ -99.19975921744016, 19.407457801217063 ], [ -99.193850147165179, 19.407464200529919 ], [ -99.190901277460128, 19.412322896914656 ] ] ] } },
{ "type": "Feature", "properties": { "alcaldia": "MIH", "clave": "MIH-016", "n": "016" }, "geometry": { "type": "Polygon", "coordinates": [ [ [ -99.182031999783746, 19.407476422744097 ], [ -99.184992028365798, 19.412329009669946 ], [ -99.190901277460128, 19.412322896914656 ], [ -99.193850147165179, 19.407464200529919 ], [ -99.190889946560162, 19.402611756761772 ], [ -99.184981048202943, 19.402617866220826 ], [ -99.182031999783746, 19.407476422744097 ] ] ] } },
{ "type": "Feature", "properties": { "alcaldia": "CUH", "clave": "CUH-001", "n": "001" }, "geometry": { "type": "Polygon", "coordinates": [ [ [ -99.173173523660353, 19.412340658612141 ], [ -99.176133380009048, 19.417193388656933 ], [ -99.182042807818434, 19.417187562615272 ], [ -99.184992028365798, 19.412329009669946 ], [ -99.182031999783746, 19.407476422744097 ], [ -99.176122922817569, 19.40748224564479 ], [ -99.173173523660353, 19.412340658612141 ] ] ] } },
{ "type": "Feature", "properties": { "alcaldia": "CUH", "clave": "CUH-002", "n": "002" }, "geometry": { "type": "Polygon", "coordinates": [ [ [ -99.164304762684878, 19.407493315031903 ], [ -99.167264268189527, 19.412346194798442 ], [ -99.173173523660353, 19.412340658612141 ], [ -99.176122922817569, 19.40748224564479 ], [ -99.173163244973537, 19.402629508881443 ], [ -99.16725434024157, 19.402635042082412 ], [ -99.164304762684878, 19.407493315031903 ] ] ] } },
{ "type": "Feature", "properties": { "alcaldia": "CUH", "clave": "CUH-003", "n": "003" }, "geometry": { "type": "Polygon", "coordinates": [ [ [ -99.155445751362294, 19.412356690600056 ], [ -99.158405084317153, 19.417209713330966 ], [ -99.164314518188249, 19.417204464015061 ], [ -99.167264268189527, 19.412346194798442 ], [ -99.164304762684878, 19.407493315031903 ], [ -99.158395679658639, 19.40749856151777 ], [ -99.155445751362294, 19.412356690600056 ] ] ] } },
{ "type": "Feature", "properties": { "alcaldia": "CUH", "clave": "CUH-004", "n": "004" }, "geometry": { "type": "Polygon", "coordinates": [ [ [ -99.146577508036941, 19.407508478072767 ], [ -99.14953649014619, 19.412361650214841 ], [ -99.155445751362294, 19.412356690600056 ], [ -99.158395679658639, 19.40749856151777 ], [ -99.155436524893659, 19.402645532224273 ], [ -99.149527614417963, 19.402650489164625 ], [ -99.146577508036941, 19.407508478072767 ] ] ] } },
{ "type": "Feature", "properties": { "alcaldia": "CUH", "clave": "CUH-005", "n": "005" }, "geometry": { "type": "Polygon", "coordinates": [ [ [ -99.137717962459604, 19.412370992871086 ], [ -99.140676771702715, 19.417224307822856 ], [ -99.14658621100422, 19.417219635235114 ], [ -99.14953649014619, 19.412361650214841 ], [ -99.146577508036941, 19.407508478072767 ], [ -99.140668419581758, 19.407513148141394 ], [ -99.137717962459604, 19.412370992871086 ] ] ] } },
{ "type": "Feature", "properties": { "alcaldia": "CUH", "clave": "CUH-006", "n": "006" }, "geometry": { "type": "Polygon", "coordinates": [ [ [ -99.128850237733332, 19.407521911859739 ], [ -99.131808696129426, 19.412375375912074 ], [ -99.137717962459604, 19.412370992871086 ], [ -99.140668419581758, 19.407513148141394 ], [ -99.13770978821367, 19.402659826782937 ], [ -99.131800872625305, 19.402664207460411 ], [ -99.128850237733332, 19.407521911859739 ] ] ] } },
{ "type": "Feature", "properties": { "alcaldia": "VCA", "clave": "VCA-001", "n": "001" }, "geometry": { "type": "Polygon", "coordinates": [ [ [ -99.119990158845937, 19.412383565418672 ], [ -99.122948444059631, 19.417237172125944 ], [ -99.128857888160269, 19.417233076268495 ], [ -99.131808696129426, 19.412375375912074 ], [ -99.128850237733332, 19.407521911859739 ], [ -99.12294114448035, 19.407526005509002 ], [ -99.119990158845937, 19.412383565418672 ] ] ] } },
{ "type": "Feature", "properties": { "alcaldia": "VCA", "clave": "VCA-002", "n": "002" }, "geometry": { "type": "Polygon", "coordinates": [ [ [ -99.111122953667433, 19.407533616386679 ], [ -99.114080888032902, 19.412387371883863 ], [ -99.119990158845937, 19.412383565418672 ], [ -99.12294114448035, 19.407526005509002 ], [ -99.119983036826696, 19.402672392550897 ], [ -99.114074116756697, 19.402676196963494 ], [ -99.111122953667433, 19.407533616386679 ] ] ] } },
{ "type": "Feature", "properties": { "alcaldia": "VCA", "clave": "VCA-003", "n": "003" }, "geometry": { "type": "Polygon", "coordinates": [ [ [ -99.102262342414946, 19.41239440823707 ], [ -99.105220103281852, 19.417248306234335 ], [ -99.111129551550277, 19.417244787109059 ], [ -99.114080888032902, 19.412387371883863 ], [ -99.111122953667433, 19.407533616386679 ], [ -99.105213856247786, 19.407537133614706 ], [ -99.102262342414946, 19.41239440823707 ] ] ] } },
{ "type": "Feature", "properties": { "alcaldia": "IZC", "clave": "IZC-020", "n": "020" }, "geometry": { "type": "Polygon", "coordinates": [ [ [ -99.093395657732657, 19.407543591648238 ], [ -99.096353067750286, 19.41239763812472 ], [ -99.102262342414946, 19.41239440823707 ], [ -99.105213856247786, 19.407537133614706 ], [ -99.10225627262588, 19.40268322952241 ], [ -99.096347348705308, 19.402686457668374 ], [ -99.093395657732657, 19.407543591648238 ] ] ] } },
{ "type": "Feature", "properties": { "alcaldia": "VCA", "clave": "VCA-004", "n": "004" }, "geometry": { "type": "Polygon", "coordinates": [ [ [ -99.084534515060312, 19.412403521321316 ], [ -99.087491751263258, 19.417257710142941 ], [ -99.093401203068183, 19.417254767751441 ], [ -99.096353067750286, 19.41239763812472 ], [ -99.093395657732657, 19.407543591648238 ], [ -99.087486556777492, 19.40754653245342 ], [ -99.084534515060312, 19.412403521321316 ] ] ] } },
{ "type": "Feature", "properties": { "alcaldia": "IZC", "clave": "IZC-021", "n": "021" }, "geometry": { "type": "Polygon", "coordinates": [ [ [ -99.075668351822443, 19.407551837639854 ], [ -99.078625237175245, 19.412406174629957 ], [ -99.084534515060312, 19.412403521321316 ], [ -99.087486556777492, 19.40754653245342 ], [ -99.084529497504406, 19.402692337692514 ], [ -99.078620570364293, 19.402694989570378 ], [ -99.075668351822443, 19.407551837639854 ] ] ] } },
{ "type": "Feature", "properties": { "alcaldia": "IZC", "clave": "IZC-022", "n": "022" }, "geometry": { "type": "Polygon", "coordinates": [ [ [ -99.06680667867569, 19.412410904667247 ], [ -99.069763389897815, 19.41726538384745 ], [ -99.075672844607922, 19.417263018191079 ], [ -99.078625237175245, 19.412406174629957 ], [ -99.075668351822443, 19.407551837639854 ], [ -99.069759247962878, 19.407554202020833 ], [ -99.06680667867569, 19.412410904667247 ] ] ] } },
{ "type": "Feature", "properties": { "alcaldia": "IZC", "clave": "IZC-023", "n": "023" }, "geometry": { "type": "Polygon", "coordinates": [ [ [ -99.05794103783019, 19.407558354357747 ], [ -99.060897398201462, 19.412412981395654 ], [ -99.06680667867569, 19.412410904667247 ], [ -99.069759247962878, 19.407554202020833 ], [ -99.066802713355401, 19.402699717057047 ], [ -99.060893783626838, 19.402701792665603 ], [ -99.05794103783019, 19.407558354357747 ] ] ] } },
{ "type": "Feature", "properties": { "alcaldia": "IZC", "clave": "IZC-024", "n": "024" }, "geometry": { "type": "Polygon", "coordinates": [ [ [ -99.049078835154774, 19.412416558271484 ], [ -99.052035021079419, 19.417271327344363 ], [ -99.057944478063405, 19.417269538424197 ], [ -99.060897398201462, 19.412412981395654 ], [ -99.05794103783019, 19.407558354357747 ], [ -99.052031931697343, 19.407560142313454 ], [ -99.049078835154774, 19.412416558271484 ] ] ] } },
{ "type": "Feature", "properties": { "alcaldia": "MIH", "clave": "MIH-017", "n": "017" }, "geometry": { "type": "Polygon", "coordinates": [ [ [ -99.226370165359114, 19.421993292244839 ], [ -99.229331769534099, 19.426845134252016 ], [ -99.235241526418221, 19.426837573975924 ], [ -99.238189328009582, 19.42197817576707 ], [ -99.235227552446972, 19.417126477418787 ], [ -99.22931814661051, 19.41713403362067 ], [ -99.226370165359114, 19.421993292244839 ] ] ] } },
{ "type": "Feature", "properties": { "alcaldia": "MIH", "clave": "MIH-018", "n": "018" }, "geometry": { "type": "Polygon", "coordinates": [ [ [ -99.217499326841676, 19.417148569308218 ], [ -99.220460579967877, 19.422000562047966 ], [ -99.226370165359114, 19.421993292244839 ], [ -99.22931814661051, 19.41713403362067 ], [ -99.226356721990314, 19.412282184424292 ], [ -99.2204474875426, 19.412289450308919 ], [ -99.217499326841676, 19.417148569308218 ] ] ] } },
{ "type": "Feature", "properties": { "alcaldia": "MIH", "clave": "MIH-019", "n": "019" }, "geometry": { "type": "Polygon", "coordinates": [ [ [ -99.208641401404066, 19.422014524780852 ], [ -99.211602482825853, 19.42686666102518 ], [ -99.217512247667742, 19.426859677777014 ], [ -99.220460579967877, 19.422000562047966 ], [ -99.217499326841676, 19.417148569308218 ], [ -99.211589913049608, 19.417155548793133 ], [ -99.208641401404066, 19.422014524780852 ] ] ] } },
{ "type": "Feature", "properties": { "alcaldia": "MIH", "clave": "MIH-020", "n": "020" }, "geometry": { "type": "Polygon", "coordinates": [ [ [ -99.199771078000865, 19.417168931043481 ], [ -99.202731808371809, 19.422021217709901 ], [ -99.208641401404066, 19.422014524780852 ], [ -99.211589913049608, 19.417155548793133 ], [ -99.208629010867995, 19.412303405515733 ], [ -99.202719768781364, 19.412310094837224 ], [ -99.199771078000865, 19.417168931043481 ] ] ] } },
{ "type": "Feature", "properties": { "alcaldia": "MIH", "clave": "MIH-021", "n": "021" }, "geometry": { "type": "Polygon", "coordinates": [ [ [ -99.190912615157401, 19.422034026691513 ], [ -99.193873173507257, 19.426886456708115 ], [ -99.199782945675437, 19.426880050491071 ], [ -99.202731808371809, 19.422021217709901 ], [ -99.199771078000865, 19.417168931043481 ], [ -99.193861656884494, 19.417175333808235 ], [ -99.190912615157401, 19.422034026691513 ] ] ] } },
{ "type": "Feature", "properties": { "alcaldia": "MIH", "clave": "MIH-022", "n": "022" }, "geometry": { "type": "Polygon", "coordinates": [ [ [ -99.182042807818434, 19.417187562615272 ], [ -99.185003015115541, 19.42204014274343 ], [ -99.190912615157401, 19.422034026691513 ], [ -99.193861656884494, 19.417175333808235 ], [ -99.190901277460128, 19.412322896914656 ], [ -99.184992028365798, 19.412329009669946 ], [ -99.182042807818434, 19.417187562615272 ] ] ] } },
{ "type": "Feature", "properties": { "alcaldia": "MIH", "clave": "MIH-023", "n": "023" }, "geometry": { "type": "Polygon", "coordinates": [ [ [ -99.173183808513258, 19.422051797967921 ], [ -99.176143843472673, 19.426904521291757 ], [ -99.182053622335687, 19.426898692108765 ], [ -99.185003015115541, 19.42204014274343 ], [ -99.182042807818434, 19.417187562615272 ], [ -99.176133380009048, 19.417193388656933 ], [ -99.173183808513258, 19.422051797967921 ] ] ] } },
{ "type": "Feature", "properties": { "alcaldia": "CUH", "clave": "CUH-007", "n": "007" }, "geometry": { "type": "Polygon", "coordinates": [ [ [ -99.164314518188249, 19.417204464015061 ], [ -99.167274202093168, 19.422057337139893 ], [ -99.173183808513258, 19.422051797967921 ], [ -99.176133380009048, 19.417193388656933 ], [ -99.173173523660353, 19.412340658612141 ], [ -99.167264268189527, 19.412346194798442 ], [ -99.164314518188249, 19.417204464015061 ] ] ] } },
{ "type": "Feature", "properties": { "alcaldia": "CUH", "clave": "CUH-008", "n": "008" }, "geometry": { "type": "Polygon", "coordinates": [ [ [ -99.155454983365814, 19.422067838601919 ], [ -99.158414494616522, 19.426920854767847 ], [ -99.16432427954291, 19.42691560262158 ], [ -99.167274202093168, 19.422057337139893 ], [ -99.164314518188249, 19.417204464015061 ], [ -99.158405084317153, 19.417209713330966 ], [ -99.155454983365814, 19.422067838601919 ] ] ] } },
{ "type": "Feature", "properties": { "alcaldia": "CUH", "clave": "CUH-009", "n": "009" }, "geometry": { "type": "Polygon", "coordinates": [ [ [ -99.14658621100422, 19.417219635235114 ], [ -99.149545371198883, 19.422072800891431 ], [ -99.155454983365814, 19.422067838601919 ], [ -99.158405084317153, 19.417209713330966 ], [ -99.155445751362294, 19.412356690600056 ], [ -99.14953649014619, 19.412361650214841 ], [ -99.14658621100422, 19.417219635235114 ] ] ] } },
{ "type": "Feature", "properties": { "alcaldia": "CUH", "clave": "CUH-010", "n": "010" }, "geometry": { "type": "Polygon", "coordinates": [ [ [ -99.137726141609221, 19.422082148586192 ], [ -99.140685128833212, 19.426935457128913 ], [ -99.1465949191915, 19.426930782021767 ], [ -99.149545371198883, 19.422072800891431 ], [ -99.14658621100422, 19.417219635235114 ], [ -99.140676771702715, 19.417224307822856 ], [ -99.137726141609221, 19.422082148586192 ] ] ] } },
{ "type": "Feature", "properties": { "alcaldia": "CUH", "clave": "CUH-011", "n": "011" }, "geometry": { "type": "Polygon", "coordinates": [ [ [ -99.128857888160269, 19.417233076268495 ], [ -99.131816524326808, 19.422086533990967 ], [ -99.137726141609221, 19.422082148586192 ], [ -99.140676771702715, 19.417224307822856 ], [ -99.137717962459604, 19.412370992871086 ], [ -99.131808696129426, 19.412375375912074 ], [ -99.128857888160269, 19.417233076268495 ] ] ] } },
{ "type": "Feature", "properties": { "alcaldia": "VCA", "clave": "VCA-005", "n": "005" }, "geometry": { "type": "Polygon", "coordinates": [ [ [ -99.119997285137629, 19.422094727914175 ], [ -99.122955748017176, 19.426948328368272 ], [ -99.128865543175877, 19.426944230302389 ], [ -99.131816524326808, 19.422086533990967 ], [ -99.128857888160269, 19.417233076268495 ], [ -99.122948444059631, 19.417237172125944 ], [ -99.119997285137629, 19.422094727914175 ] ] ] } },
{ "type": "Feature", "properties": { "alcaldia": "VCA", "clave": "VCA-006", "n": "006" }, "geometry": { "type": "Polygon", "coordinates": [ [ [ -99.111129551550277, 19.417244787109059 ], [ -99.114087663371166, 19.422098536432209 ], [ -99.119997285137629, 19.422094727914175 ], [ -99.122948444059631, 19.417237172125944 ], [ -99.119990158845937, 19.412383565418672 ], [ -99.114080888032902, 19.412387371883863 ], [ -99.111129551550277, 19.417244787109059 ] ] ] } },
{ "type": "Feature", "properties": { "alcaldia": "VCA", "clave": "VCA-007", "n": "007" }, "geometry": { "type": "Polygon", "coordinates": [ [ [ -99.102268415845231, 19.422105576580133 ], [ -99.105226354062836, 19.426959468480042 ], [ -99.111136153390476, 19.426955947457294 ], [ -99.114087663371166, 19.422098536432209 ], [ -99.111129551550277, 19.417244787109059 ], [ -99.105220103281852, 19.417248306234335 ], [ -99.102268415845231, 19.422105576580133 ] ] ] } },
{ "type": "Feature", "properties": { "alcaldia": "VCA", "clave": "VCA-008", "n": "008" }, "geometry": { "type": "Polygon", "coordinates": [ [ [ -99.093401203068183, 19.417254767751441 ], [ -99.096358790226077, 19.422108808209675 ], [ -99.102268415845231, 19.422105576580133 ], [ -99.105220103281852, 19.417248306234335 ], [ -99.102262342414946, 19.41239440823707 ], [ -99.096353067750286, 19.41239763812472 ], [ -99.093401203068183, 19.417254767751441 ] ] ] } },
{ "type": "Feature", "properties": { "alcaldia": "VCA", "clave": "VCA-009", "n": "009" }, "geometry": { "type": "Polygon", "coordinates": [ [ [ -99.084539535626206, 19.42211469457909 ], [ -99.087496948864654, 19.426968877459117 ], [ -99.093406751729745, 19.426965933481121 ], [ -99.096358790226077, 19.422108808209675 ], [ -99.093401203068183, 19.417254767751441 ], [ -99.087491751263258, 19.417257710142941 ], [ -99.084539535626206, 19.42211469457909 ] ] ] } },
{ "type": "Feature", "properties": { "alcaldia": "VCA", "clave": "VCA-010", "n": "010" }, "geometry": { "type": "Polygon", "coordinates": [ [ [ -99.075672844607922, 19.417263018191079 ], [ -99.078629906785778, 19.422117349318668 ], [ -99.084539535626206, 19.42211469457909 ], [ -99.087491751263258, 19.417257710142941 ], [ -99.084534515060312, 19.412403521321316 ], [ -99.078625237175245, 19.412406174629957 ], [ -99.075672844607922, 19.417263018191079 ] ] ] } },
{ "type": "Feature", "properties": { "alcaldia": "VCA", "clave": "VCA-011", "n": "011" }, "geometry": { "type": "Polygon", "coordinates": [ [ [ -99.066810646374748, 19.422122081906874 ], [ -99.069767534317052, 19.426976555301199 ], [ -99.07567734008812, 19.426974188369293 ], [ -99.078629906785778, 19.422117349318668 ], [ -99.075672844607922, 19.417263018191079 ], [ -99.069763389897815, 19.41726538384745 ], [ -99.066810646374748, 19.422122081906874 ] ] ] } },
{ "type": "Feature", "properties": { "alcaldia": "IZC", "clave": "IZC-025", "n": "025" }, "geometry": { "type": "Polygon", "coordinates": [ [ [ -99.057944478063405, 19.417269538424197 ], [ -99.060901014944434, 19.422124159755274 ], [ -99.066810646374748, 19.422122081906874 ], [ -99.069763389897815, 19.41726538384745 ], [ -99.06680667867569, 19.412410904667247 ], [ -99.060897398201462, 19.412412981395654 ], [ -99.057944478063405, 19.417269538424197 ] ] ] } },
{ "type": "Feature", "properties": { "alcaldia": "VCA", "clave": "VCA-012", "n": "012" }, "geometry": { "type": "Polygon", "coordinates": [ [ [ -99.049081749985035, 19.422127738560114 ], [ -99.052038112314492, 19.426982502002772 ], [ -99.057947920360064, 19.426980712118045 ], [ -99.060901014944434, 19.422124159755274 ], [ -99.057944478063405, 19.417269538424197 ], [ -99.052035021079419, 19.417271327344363 ], [ -99.049081749985035, 19.422127738560114 ] ] ] } },
{ "type": "Feature", "properties": { "alcaldia": "MIH", "clave": "MIH-024", "n": "024" }, "geometry": { "type": "Polygon", "coordinates": [ [ [ -99.217512247667742, 19.426859677777014 ], [ -99.220473680244595, 19.431711663404485 ], [ -99.226383616789832, 19.431704389682409 ], [ -99.229331769534099, 19.426845134252016 ], [ -99.226370165359114, 19.421993292244839 ], [ -99.220460579967877, 19.422000562047966 ], [ -99.217512247667742, 19.426859677777014 ] ] ] } },
{ "type": "Feature", "properties": { "alcaldia": "MIH", "clave": "MIH-025", "n": "025" }, "geometry": { "type": "Polygon", "coordinates": [ [ [ -99.208653799370651, 19.4317256336643 ], [ -99.211615060138897, 19.436577762873242 ], [ -99.217525176241097, 19.436570775861394 ], [ -99.220473680244595, 19.431711663404485 ], [ -99.217512247667742, 19.426859677777014 ], [ -99.211602482825853, 19.42686666102518 ], [ -99.208653799370651, 19.4317256336643 ] ] ] } },
{ "type": "Feature", "properties": { "alcaldia": "MIH", "clave": "MIH-026", "n": "026" }, "geometry": { "type": "Polygon", "coordinates": [ [ [ -99.199782945675437, 19.426880050491071 ], [ -99.202743855182348, 19.431732330201328 ], [ -99.208653799370651, 19.4317256336643 ], [ -99.211602482825853, 19.42686666102518 ], [ -99.208641401404066, 19.422014524780852 ], [ -99.202731808371809, 19.422021217709901 ], [ -99.199782945675437, 19.426880050491071 ] ] ] } },
{ "type": "Feature", "properties": { "alcaldia": "MIH", "clave": "MIH-027", "n": "027" }, "geometry": { "type": "Polygon", "coordinates": [ [ [ -99.190923959653816, 19.43174514608792 ], [ -99.19388469703533, 19.436597569225231 ], [ -99.199794820465826, 19.436591159555498 ], [ -99.202743855182348, 19.431732330201328 ], [ -99.199782945675437, 19.426880050491071 ], [ -99.193873173507257, 19.426886456708115 ], [ -99.190923959653816, 19.43174514608792 ] ] ] } },
{ "type": "Feature", "properties": { "alcaldia": "MIH", "clave": "MIH-028", "n": "028" }, "geometry": { "type": "Polygon", "coordinates": [ [ [ -99.182053622335687, 19.426898692108765 ], [ -99.185014008453976, 19.431751265436834 ], [ -99.190923959653816, 19.43174514608792 ], [ -99.193873173507257, 19.426886456708115 ], [ -99.190912615157401, 19.422034026691513 ], [ -99.185003015115541, 19.42204014274343 ], [ -99.182053622335687, 19.426898692108765 ] ] ] } },
{ "type": "Feature", "properties": { "alcaldia": "MIH", "clave": "MIH-029", "n": "029" }, "geometry": { "type": "Polygon", "coordinates": [ [ [ -99.173194099533958, 19.431762926944334 ], [ -99.176154313210162, 19.436615643544936 ], [ -99.182064443337296, 19.436609811220258 ], [ -99.185014008453976, 19.431751265436834 ], [ -99.182053622335687, 19.426898692108765 ], [ -99.176143843472673, 19.426904521291757 ], [ -99.173194099533958, 19.431762926944334 ] ] ] } },
{ "type": "Feature", "properties": { "alcaldia": "CUH", "clave": "CUH-012", "n": "012" }, "geometry": { "type": "Polygon", "coordinates": [ [ [ -99.16432427954291, 19.42691560262158 ], [ -99.167284141954141, 19.431768469102337 ], [ -99.173194099533958, 19.431762926944334 ], [ -99.176143843472673, 19.426904521291757 ], [ -99.173183808513258, 19.422051797967921 ], [ -99.167274202093168, 19.422057337139893 ], [ -99.16432427954291, 19.42691560262158 ] ] ] } },
{ "type": "Feature", "properties": { "alcaldia": "CUH", "clave": "CUH-013", "n": "013" }, "geometry": { "type": "Polygon", "coordinates": [ [ [ -99.155464220905728, 19.431778976225413 ], [ -99.15842391055827, 19.436631985824103 ], [ -99.16433404675044, 19.436626730847141 ], [ -99.167284141954141, 19.431768469102337 ], [ -99.16432427954291, 19.42691560262158 ], [ -99.158414494616522, 19.426920854767847 ], [ -99.155464220905728, 19.431778976225413 ] ] ] } },
{ "type": "Feature", "properties": { "alcaldia": "CUH", "clave": "CUH-014", "n": "014" }, "geometry": { "type": "Polygon", "coordinates": [ [ [ -99.1465949191915, 19.426930782021767 ], [ -99.149554257577492, 19.431783941189963 ], [ -99.155464220905728, 19.431778976225413 ], [ -99.158414494616522, 19.426920854767847 ], [ -99.155454983365814, 19.422067838601919 ], [ -99.149545371198883, 19.422072800891431 ], [ -99.1465949191915, 19.426930782021767 ] ] ] } },
{ "type": "Feature", "properties": { "alcaldia": "CUH", "clave": "CUH-015", "n": "015" }, "geometry": { "type": "Polygon", "coordinates": [ [ [ -99.137734325663828, 19.431793293923818 ], [ -99.140693490974613, 19.43664659605524 ], [ -99.146603632600161, 19.4366419184284 ], [ -99.149554257577492, 19.431783941189963 ], [ -99.1465949191915, 19.426930782021767 ], [ -99.140685128833212, 19.426935457128913 ], [ -99.137734325663828, 19.431793293923818 ] ] ] } },
{ "type": "Feature", "properties": { "alcaldia": "CUH", "clave": "CUH-016", "n": "016" }, "geometry": { "type": "Polygon", "coordinates": [ [ [ -99.128865543175877, 19.426944230302389 ], [ -99.131824357218733, 19.431797681692647 ], [ -99.137734325663828, 19.431793293923818 ], [ -99.140685128833212, 19.426935457128913 ], [ -99.137726141609221, 19.422082148586192 ], [ -99.131816524326808, 19.422086533990967 ], [ -99.128865543175877, 19.426944230302389 ] ] ] } },
{ "type": "Feature", "properties": { "alcaldia": "CUH", "clave": "CUH-017", "n": "017" }, "geometry": { "type": "Polygon", "coordinates": [ [ [ -99.120004415702923, 19.431805880032989 ], [ -99.122963056354138, 19.436659474231671 ], [ -99.128873202781406, 19.436655373957098 ], [ -99.131824357218733, 19.431797681692647 ], [ -99.128865543175877, 19.426944230302389 ], [ -99.122955748017176, 19.426948328368272 ], [ -99.120004415702923, 19.431805880032989 ] ] ] } },
{ "type": "Feature", "properties": { "alcaldia": "VCA", "clave": "VCA-013", "n": "013" }, "geometry": { "type": "Polygon", "coordinates": [ [ [ -99.111136153390476, 19.426955947457294 ], [ -99.11409444277254, 19.431809690604087 ], [ -99.120004415702923, 19.431805880032989 ], [ -99.122955748017176, 19.426948328368272 ], [ -99.119997285137629, 19.422094727914175 ], [ -99.114087663371166, 19.422098536432209 ], [ -99.111136153390476, 19.426955947457294 ] ] ] } },
{ "type": "Feature", "properties": { "alcaldia": "VCA", "clave": "VCA-014", "n": "014" }, "geometry": { "type": "Polygon", "coordinates": [ [ [ -99.102274492917715, 19.431816734547169 ], [ -99.105232608591791, 19.436670620347503 ], [ -99.111142759189136, 19.436667097427073 ], [ -99.11409444277254, 19.431809690604087 ], [ -99.111136153390476, 19.426955947457294 ], [ -99.105226354062836, 19.426959468480042 ], [ -99.102274492917715, 19.431816734547169 ] ] ] } },
{ "type": "Feature", "properties": { "alcaldia": "VCA", "clave": "VCA-015", "n": "015" }, "geometry": { "type": "Polygon", "coordinates": [ [ [ -99.093406751729745, 19.426965933481121 ], [ -99.096364516133619, 19.431819967918795 ], [ -99.102274492917715, 19.431816734547169 ], [ -99.105226354062836, 19.426959468480042 ], [ -99.102268415845231, 19.422105576580133 ], [ -99.096358790226077, 19.422108808209675 ], [ -99.093406751729745, 19.426965933481121 ] ] ] } },
{ "type": "Feature", "properties": { "alcaldia": "VCA", "clave": "VCA-016", "n": "016" }, "geometry": { "type": "Polygon", "coordinates": [ [ [ -99.084544559202911, 19.431825857461398 ], [ -99.087502149582519, 19.436680034397636 ], [ -99.093412303718281, 19.436677088832955 ], [ -99.096364516133619, 19.431819967918795 ], [ -99.093406751729745, 19.426965933481121 ], [ -99.087496948864654, 19.426968877459117 ], [ -99.084544559202911, 19.431825857461398 ] ] ] } },
{ "type": "Feature", "properties": { "alcaldia": "VCA", "clave": "VCA-017", "n": "017" }, "geometry": { "type": "Polygon", "coordinates": [ [ [ -99.07567734008812, 19.426974188369293 ], [ -99.07863457919666, 19.43182851363207 ], [ -99.084544559202911, 19.431825857461398 ], [ -99.087496948864654, 19.426968877459117 ], [ -99.084539535626206, 19.42211469457909 ], [ -99.078629906785778, 19.422117349318668 ], [ -99.07567734008812, 19.426974188369293 ] ] ] } },
{ "type": "Feature", "properties": { "alcaldia": "VCA", "clave": "VCA-018", "n": "018" }, "geometry": { "type": "Polygon", "coordinates": [ [ [ -99.0668146164532, 19.431833248771497 ], [ -99.069771681221283, 19.436687716377758 ], [ -99.075681838263819, 19.436685348170172 ], [ -99.07863457919666, 19.43182851363207 ], [ -99.07567734008812, 19.426974188369293 ], [ -99.069767534317052, 19.426976555301199 ], [ -99.0668146164532, 19.431833248771497 ] ] ] } },
{ "type": "Feature", "properties": { "alcaldia": "VCA", "clave": "VCA-019", "n": "019" }, "geometry": { "type": "Polygon", "coordinates": [ [ [ -99.057947920360064, 19.426980712118045 ], [ -99.060904633856367, 19.431835327740007 ], [ -99.0668146164532, 19.431833248771497 ], [ -99.069767534317052, 19.426976555301199 ], [ -99.066810646374748, 19.422122081906874 ], [ -99.060901014944434, 19.422124159755274 ], [ -99.057947920360064, 19.426980712118045 ] ] ] } },
{ "type": "Feature", "properties": { "alcaldia": "VCA", "clave": "VCA-020", "n": "020" }, "geometry": { "type": "Polygon", "coordinates": [ [ [ -99.049084666563317, 19.431838908474088 ], [ -99.052041205403057, 19.436693666284366 ], [ -99.057951364720722, 19.43669187543496 ], [ -99.060904633856367, 19.431835327740007 ], [ -99.057947920360064, 19.426980712118045 ], [ -99.052038112314492, 19.426982502002772 ], [ -99.049084666563317, 19.431838908474088 ] ] ] } },
{ "type": "Feature", "properties": { "alcaldia": "MIH", "clave": "MIH-030", "n": "030" }, "geometry": { "type": "Polygon", "coordinates": [ [ [ -99.217525176241097, 19.436570775861394 ], [ -99.220486788374885, 19.441422754374187 ], [ -99.226397076284655, 19.441415476732708 ], [ -99.229345400625931, 19.436556224498041 ], [ -99.226383616789832, 19.431704389682409 ], [ -99.220473680244595, 19.431711663404485 ], [ -99.217525176241097, 19.436570775861394 ] ] ] } },
{ "type": "Feature", "properties": { "alcaldia": "MIH", "clave": "MIH-031", "n": "031" }, "geometry": { "type": "Polygon", "coordinates": [ [ [ -99.208666204769827, 19.441436732161794 ], [ -99.21162764499077, 19.446288854332977 ], [ -99.21753811256383, 19.446281863557015 ], [ -99.220486788374885, 19.441422754374187 ], [ -99.217525176241097, 19.436570775861394 ], [ -99.211615060138897, 19.436577762873242 ], [ -99.208666204769827, 19.441436732161794 ] ] ] } },
{ "type": "Feature", "properties": { "alcaldia": "MIH", "clave": "MIH-032", "n": "032" }, "geometry": { "type": "Polygon", "coordinates": [ [ [ -99.199794820465826, 19.436591159555498 ], [ -99.2027559092149, 19.441443432307221 ], [ -99.208666204769827, 19.441436732161794 ], [ -99.211615060138897, 19.436577762873242 ], [ -99.208653799370651, 19.4317256336643 ], [ -99.202743855182348, 19.431732330201328 ], [ -99.199794820465826, 19.436591159555498 ] ] ] } },
{ "type": "Feature", "properties": { "alcaldia": "MIH", "clave": "MIH-033", "n": "033" }, "geometry": { "type": "Polygon", "coordinates": [ [ [ -99.190935310951247, 19.441456255099581 ], [ -99.193896227470617, 19.44630867135524 ], [ -99.199806702373962, 19.446302258232432 ], [ -99.2027559092149, 19.441443432307221 ], [ -99.199794820465826, 19.436591159555498 ], [ -99.19388469703533, 19.436597569225231 ], [ -99.190935310951247, 19.441456255099581 ] ] ] } },
{ "type": "Feature", "properties": { "alcaldia": "MIH", "clave": "MIH-034", "n": "034" }, "geometry": { "type": "Polygon", "coordinates": [ [ [ -99.182064443337296, 19.436609811220258 ], [ -99.185025008382894, 19.441462377745871 ], [ -99.190935310951247, 19.441456255099581 ], [ -99.19388469703533, 19.436597569225231 ], [ -99.190923959653816, 19.43174514608792 ], [ -99.185014008453976, 19.431751265436834 ], [ -99.182064443337296, 19.436609811220258 ] ] ] } },
{ "type": "Feature", "properties": { "alcaldia": "MIH", "clave": "MIH-035", "n": "035" }, "geometry": { "type": "Polygon", "coordinates": [ [ [ -99.173204396724088, 19.441474045537117 ], [ -99.176164789223208, 19.446326755412134 ], [ -99.182075270825024, 19.446320919945411 ], [ -99.185025008382894, 19.441462377745871 ], [ -99.182064443337296, 19.436609811220258 ], [ -99.176154313210162, 19.436615643544936 ], [ -99.173204396724088, 19.441474045537117 ] ] ] } },
{ "type": "Feature", "properties": { "alcaldia": "MIH", "clave": "MIH-036", "n": "036" }, "geometry": { "type": "Polygon", "coordinates": [ [ [ -99.16433404675044, 19.436626730847141 ], [ -99.167294087774025, 19.441479590681475 ], [ -99.173204396724088, 19.441474045537117 ], [ -99.176154313210162, 19.436615643544936 ], [ -99.173194099533958, 19.431762926944334 ], [ -99.167284141954141, 19.431768469102337 ], [ -99.16433404675044, 19.436626730847141 ] ] ] } },
{ "type": "Feature", "properties": { "alcaldia": "CUH", "clave": "CUH-018", "n": "018" }, "geometry": { "type": "Polygon", "coordinates": [ [ [ -99.155473463983526, 19.441490103466261 ], [ -99.158433332143943, 19.446343106495384 ], [ -99.164343819812444, 19.446337848687403 ], [ -99.167294087774025, 19.441479590681475 ], [ -99.16433404675044, 19.436626730847141 ], [ -99.15842391055827, 19.436631985824103 ], [ -99.155473463983526, 19.441490103466261 ] ] ] } },
{ "type": "Feature", "properties": { "alcaldia": "CUH", "clave": "CUH-019", "n": "019" }, "geometry": { "type": "Polygon", "coordinates": [ [ [ -99.146603632600161, 19.4366419184284 ], [ -99.14956314928348, 19.441495071106154 ], [ -99.155473463983526, 19.441490103466261 ], [ -99.15842391055827, 19.436631985824103 ], [ -99.155464220905728, 19.431778976225413 ], [ -99.149554257577492, 19.431783941189963 ], [ -99.146603632600161, 19.4366419184284 ] ] ] } },
{ "type": "Feature", "properties": { "alcaldia": "CUH", "clave": "CUH-020", "n": "020" }, "geometry": { "type": "Polygon", "coordinates": [ [ [ -99.137742514624762, 19.441504428879682 ], [ -99.140701858128295, 19.446357724597505 ], [ -99.146612351231653, 19.446353044450685 ], [ -99.14956314928348, 19.441495071106154 ], [ -99.146603632600161, 19.4366419184284 ], [ -99.140693490974613, 19.43664659605524 ], [ -99.137742514624762, 19.441504428879682 ] ] ] } },
{ "type": "Feature", "properties": { "alcaldia": "CUH", "clave": "CUH-021", "n": "021" }, "geometry": { "type": "Polygon", "coordinates": [ [ [ -99.128873202781406, 19.436655373957098 ], [ -99.131832194806464, 19.441508819012835 ], [ -99.137742514624762, 19.441504428879682 ], [ -99.140693490974613, 19.43664659605524 ], [ -99.137734325663828, 19.431793293923818 ], [ -99.131824357218733, 19.431797681692647 ], [ -99.128873202781406, 19.436655373957098 ] ] ] } },
{ "type": "Feature", "properties": { "alcaldia": "CUH", "clave": "CUH-022", "n": "022" }, "geometry": { "type": "Polygon", "coordinates": [ [ [ -99.120011550542984, 19.44151702177081 ], [ -99.122970369071737, 19.446370609711799 ], [ -99.128880866978122, 19.446366507228284 ], [ -99.131832194806464, 19.441508819012835 ], [ -99.128873202781406, 19.436655373957098 ], [ -99.122963056354138, 19.436659474231671 ], [ -99.120011550542984, 19.44151702177081 ] ] ] } },
{ "type": "Feature", "properties": { "alcaldia": "VCA", "clave": "VCA-021", "n": "021" }, "geometry": { "type": "Polygon", "coordinates": [ [ [ -99.111142759189136, 19.436667097427073 ], [ -99.114101226238176, 19.441520834395217 ], [ -99.120011550542984, 19.44151702177081 ], [ -99.122963056354138, 19.436659474231671 ], [ -99.120004415702923, 19.431805880032989 ], [ -99.11409444277254, 19.431809690604087 ], [ -99.111142759189136, 19.436667097427073 ] ] ] } },
{ "type": "Feature", "properties": { "alcaldia": "VCA", "clave": "VCA-022", "n": "022" }, "geometry": { "type": "Polygon", "coordinates": [ [ [ -99.102280573633408, 19.441527882133894 ], [ -99.105238866869712, 19.446381761832388 ], [ -99.111149368947295, 19.446378237014049 ], [ -99.114101226238176, 19.441520834395217 ], [ -99.111142759189136, 19.436667097427073 ], [ -99.105232608591791, 19.436670620347503 ], [ -99.102280573633408, 19.441527882133894 ] ] ] } },
{ "type": "Feature", "properties": { "alcaldia": "VCA", "clave": "VCA-023", "n": "023" }, "geometry": { "type": "Polygon", "coordinates": [ [ [ -99.093412303718281, 19.436677088832955 ], [ -99.096370245473821, 19.441531117247806 ], [ -99.102280573633408, 19.441527882133894 ], [ -99.105232608591791, 19.436670620347503 ], [ -99.102274492917715, 19.431816734547169 ], [ -99.096364516133619, 19.431819967918795 ], [ -99.093412303718281, 19.436677088832955 ] ] ] } },
{ "type": "Feature", "properties": { "alcaldia": "VCA", "clave": "VCA-024", "n": "024" }, "geometry": { "type": "Polygon", "coordinates": [ [ [ -99.084549585791251, 19.441537009963959 ], [ -99.087507353417692, 19.446391180954159 ], [ -99.093417859034687, 19.446388233802612 ], [ -99.096370245473821, 19.441531117247806 ], [ -99.093412303718281, 19.436677088832955 ], [ -99.087502149582519, 19.436680034397636 ], [ -99.084549585791251, 19.441537009963959 ] ] ] } },
{ "type": "Feature", "properties": { "alcaldia": "VCA", "clave": "VCA-025", "n": "025" }, "geometry": { "type": "Polygon", "coordinates": [ [ [ -99.075681838263819, 19.436685348170172 ], [ -99.078639254408628, 19.441539667565895 ], [ -99.084549585791251, 19.441537009963959 ], [ -99.087502149582519, 19.436680034397636 ], [ -99.084544559202911, 19.431825857461398 ], [ -99.07863457919666, 19.43182851363207 ], [ -99.075681838263819, 19.436685348170172 ] ] ] } },
{ "type": "Feature", "properties": { "alcaldia": "VCA", "clave": "VCA-026", "n": "026" }, "geometry": { "type": "Polygon", "coordinates": [ [ [ -99.06681858891173, 19.441544405256828 ], [ -99.069775830611178, 19.446398867072805 ], [ -99.075686339135729, 19.44639649758939 ], [ -99.078639254408628, 19.441539667565895 ], [ -99.075681838263819, 19.436685348170172 ], [ -99.069771681221283, 19.436687716377758 ], [ -99.06681858891173, 19.441544405256828 ] ] ] } },
{ "type": "Feature", "properties": { "alcaldia": "VCA", "clave": "VCA-027", "n": "027" }, "geometry": { "type": "Polygon", "coordinates": [ [ [ -99.057951364720722, 19.43669187543496 ], [ -99.060908254937829, 19.441546485345572 ], [ -99.06681858891173, 19.441544405256828 ], [ -99.069771681221283, 19.436687716377758 ], [ -99.0668146164532, 19.431833248771497 ], [ -99.060904633856367, 19.431835327740007 ], [ -99.057951364720722, 19.43669187543496 ] ] ] } },
{ "type": "Feature", "properties": { "alcaldia": "VCA", "clave": "VCA-028", "n": "028" }, "geometry": { "type": "Polygon", "coordinates": [ [ [ -99.049087584890088, 19.441550068009118 ], [ -99.052044300345628, 19.446404820184803 ], [ -99.057954811145919, 19.446403028370614 ], [ -99.060908254937829, 19.441546485345572 ], [ -99.057951364720722, 19.43669187543496 ], [ -99.052041205403057, 19.436693666284366 ], [ -99.049087584890088, 19.441550068009118 ] ] ] } },
{ "type": "Feature", "properties": { "alcaldia": "VCA", "clave": "VCA-029", "n": "029" }, "geometry": { "type": "Polygon", "coordinates": [ [ [ -99.040220884983952, 19.436696670624325 ], [ -99.043177248956638, 19.441551570583734 ], [ -99.049087584890088, 19.441550068009118 ], [ -99.052041205403057, 19.436693666284366 ], [ -99.049084666563317, 19.431838908474088 ], [ -99.043174682007461, 19.431840410239477 ], [ -99.040220884983952, 19.436696670624325 ] ] ] } },
{ "type": "Feature", "properties": { "alcaldia": "MIH", "clave": "MIH-037", "n": "037" }, "geometry": { "type": "Polygon", "coordinates": [ [ [ -99.21753811256383, 19.446281863557015 ], [ -99.220499904360921, 19.451133834952682 ], [ -99.226410543845773, 19.451126553391344 ], [ -99.229359039888237, 19.4462673043544 ], [ -99.226397076284655, 19.441415476732708 ], [ -99.220486788374885, 19.441422754374187 ], [ -99.21753811256383, 19.446281863557015 ] ] ] } },
{ "type": "Feature", "properties": { "alcaldia": "MIH", "clave": "MIH-038", "n": "038" }, "geometry": { "type": "Polygon", "coordinates": [ [ [ -99.208678617603567, 19.451147820268957 ], [ -99.211640237383563, 19.455999935399944 ], [ -99.217551056638072, 19.455992940859439 ], [ -99.220499904360921, 19.451133834952682 ], [ -99.21753811256383, 19.446281863557015 ], [ -99.21162764499077, 19.446288854332977 ], [ -99.208678617603567, 19.451147820268957 ] ] ] } },
{ "type": "Feature", "properties": { "alcaldia": "MIH", "clave": "MIH-039", "n": "039" }, "geometry": { "type": "Polygon", "coordinates": [ [ [ -99.199806702373962, 19.446302258232432 ], [ -99.202767970471484, 19.451154524023178 ], [ -99.208678617603567, 19.451147820268957 ], [ -99.21162764499077, 19.446288854332977 ], [ -99.208666204769827, 19.441436732161794 ], [ -99.2027559092149, 19.441443432307221 ], [ -99.199806702373962, 19.446302258232432 ] ] ] } },
{ "type": "Feature", "properties": { "alcaldia": "MIH", "clave": "MIH-040", "n": "040" }, "geometry": { "type": "Polygon", "coordinates": [ [ [ -99.190946669051542, 19.451167353722099 ], [ -99.193907764815009, 19.456019763093718 ], [ -99.199818591401794, 19.456013346517427 ], [ -99.202767970471484, 19.451154524023178 ], [ -99.199806702373962, 19.446302258232432 ], [ -99.193896227470617, 19.44630867135524 ], [ -99.190946669051542, 19.451167353722099 ] ] ] } },
{ "type": "Feature", "properties": { "alcaldia": "MIH", "clave": "MIH-041", "n": "041" }, "geometry": { "type": "Polygon", "coordinates": [ [ [ -99.182075270825024, 19.446320919945411 ], [ -99.185036014904114, 19.451173479666149 ], [ -99.190946669051542, 19.451167353722099 ], [ -99.193896227470617, 19.44630867135524 ], [ -99.190935310951247, 19.441456255099581 ], [ -99.185025008382894, 19.441462377745871 ], [ -99.182075270825024, 19.446320919945411 ] ] ] } },
{ "type": "Feature", "properties": { "alcaldia": "MIH", "clave": "MIH-042", "n": "042" }, "geometry": { "type": "Polygon", "coordinates": [ [ [ -99.173214700085367, 19.451185153741854 ], [ -99.176175271513529, 19.456037856888916 ], [ -99.182086104800632, 19.456032018279775 ], [ -99.185036014904114, 19.451173479666149 ], [ -99.182075270825024, 19.446320919945411 ], [ -99.176164789223208, 19.446326755412134 ], [ -99.173214700085367, 19.451185153741854 ] ] ] } },
{ "type": "Feature", "properties": { "alcaldia": "MIH", "clave": "MIH-043", "n": "043" }, "geometry": { "type": "Polygon", "coordinates": [ [ [ -99.164343819812444, 19.446337848687403 ], [ -99.16730403955448, 19.451190701872918 ], [ -99.173214700085367, 19.451185153741854 ], [ -99.176164789223208, 19.446326755412134 ], [ -99.173204396724088, 19.441474045537117 ], [ -99.167294087774025, 19.441479590681475 ], [ -99.164343819812444, 19.446337848687403 ] ] ] } },
{ "type": "Feature", "properties": { "alcaldia": "CUH", "clave": "CUH-023", "n": "023" }, "geometry": { "type": "Polygon", "coordinates": [ [ [ -99.15548271260073, 19.451201220320069 ], [ -99.158442759375077, 19.456054216777257 ], [ -99.164353598730514, 19.456048956137938 ], [ -99.16730403955448, 19.451190701872918 ], [ -99.164343819812444, 19.446337848687403 ], [ -99.158433332143943, 19.446343106495384 ], [ -99.15548271260073, 19.451201220320069 ] ] ] } },
{ "type": "Feature", "properties": { "alcaldia": "CUH", "clave": "CUH-024", "n": "024" }, "geometry": { "type": "Polygon", "coordinates": [ [ [ -99.146612351231653, 19.446353044450685 ], [ -99.149572046318312, 19.45120619063562 ], [ -99.15548271260073, 19.451201220320069 ], [ -99.158433332143943, 19.446343106495384 ], [ -99.155473463983526, 19.441490103466261 ], [ -99.14956314928348, 19.441495071106154 ], [ -99.146612351231653, 19.446353044450685 ] ] ] } },
{ "type": "Feature", "properties": { "alcaldia": "CUH", "clave": "CUH-025", "n": "025" }, "geometry": { "type": "Polygon", "coordinates": [ [ [ -99.137750708493357, 19.451215553449387 ], [ -99.140710230295625, 19.456068842751264 ], [ -99.146621075087396, 19.456064160084171 ], [ -99.149572046318312, 19.45120619063562 ], [ -99.146612351231653, 19.446353044450685 ], [ -99.140701858128295, 19.446357724597505 ], [ -99.137750708493357, 19.451215553449387 ] ] ] } },
{ "type": "Feature", "properties": { "alcaldia": "CUH", "clave": "CUH-026", "n": "026" }, "geometry": { "type": "Polygon", "coordinates": [ [ [ -99.128880866978122, 19.446366507228284 ], [ -99.131840037091294, 19.451219945947138 ], [ -99.137750708493357, 19.451215553449387 ], [ -99.140701858128295, 19.446357724597505 ], [ -99.137742514624762, 19.441504428879682 ], [ -99.131832194806464, 19.441508819012835 ], [ -99.128880866978122, 19.446366507228284 ] ] ] } },
{ "type": "Feature", "properties": { "alcaldia": "CUH", "clave": "CUH-027", "n": "027" }, "geometry": { "type": "Polygon", "coordinates": [ [ [ -99.120018689658977, 19.451228153123257 ], [ -99.12297768617114, 19.456081734804222 ], [ -99.12888853576726, 19.456077630111508 ], [ -99.131840037091294, 19.451219945947138 ], [ -99.128880866978122, 19.446366507228284 ], [ -99.122970369071737, 19.446370609711799 ], [ -99.120018689658977, 19.451228153123257 ] ] ] } },
{ "type": "Feature", "properties": { "alcaldia": "VCA", "clave": "VCA-030", "n": "030" }, "geometry": { "type": "Polygon", "coordinates": [ [ [ -99.111149368947295, 19.446378237014049 ], [ -99.114108013769155, 19.451231967801203 ], [ -99.120018689658977, 19.451228153123257 ], [ -99.122970369071737, 19.446370609711799 ], [ -99.120011550542984, 19.44151702177081 ], [ -99.114101226238176, 19.441520834395217 ], [ -99.111149368947295, 19.446378237014049 ] ] ] } },
{ "type": "Feature", "properties": { "alcaldia": "VCA", "clave": "VCA-031", "n": "031" }, "geometry": { "type": "Polygon", "coordinates": [ [ [ -99.102286657993275, 19.451239019335912 ], [ -99.105245128897621, 19.456092892930258 ], [ -99.111155982666091, 19.456089366213789 ], [ -99.114108013769155, 19.451231967801203 ], [ -99.111149368947295, 19.446378237014049 ], [ -99.105238866869712, 19.446381761832388 ], [ -99.102286657993275, 19.451239019335912 ] ] ] } },
{ "type": "Feature", "properties": { "alcaldia": "VCA", "clave": "VCA-032", "n": "032" }, "geometry": { "type": "Polygon", "coordinates": [ [ [ -99.093417859034687, 19.446388233802612 ], [ -99.09637597824765, 19.451242256192312 ], [ -99.102286657993275, 19.451239019335912 ], [ -99.105238866869712, 19.446381761832388 ], [ -99.102280573633408, 19.441527882133894 ], [ -99.096370245473821, 19.441531117247806 ], [ -99.093417859034687, 19.446388233802612 ] ] ] } },
{ "type": "Feature", "properties": { "alcaldia": "GAM", "clave": "GAM-001", "n": "001" }, "geometry": { "type": "Polygon", "coordinates": [ [ [ -99.084554615392022, 19.451248152082382 ], [ -99.087512560371039, 19.456102317124252 ], [ -99.093423417679858, 19.456099368385651 ], [ -99.09637597824765, 19.451242256192312 ], [ -99.093417859034687, 19.446388233802612 ], [ -99.087507353417692, 19.446391180954159 ], [ -99.084554615392022, 19.451248152082382 ] ] ] } },
{ "type": "Feature", "properties": { "alcaldia": "VCA", "clave": "VCA-033", "n": "033" }, "geometry": { "type": "Polygon", "coordinates": [ [ [ -99.075686339135729, 19.44639649758939 ], [ -99.078643932422494, 19.451250811115745 ], [ -99.084554615392022, 19.451248152082382 ], [ -99.087507353417692, 19.446391180954159 ], [ -99.084549585791251, 19.441537009963959 ], [ -99.078639254408628, 19.441539667565895 ], [ -99.075686339135729, 19.44639649758939 ] ] ] } },
{ "type": "Feature", "properties": { "alcaldia": "GAM", "clave": "GAM-002", "n": "002" }, "geometry": { "type": "Polygon", "coordinates": [ [ [ -99.066822563750961, 19.451255551358475 ], [ -99.069779982487418, 19.456110007381888 ], [ -99.075690842704574, 19.456107636622505 ], [ -99.078643932422494, 19.451250811115745 ], [ -99.075686339135729, 19.44639649758939 ], [ -99.069775830611178, 19.446398867072805 ], [ -99.066822563750961, 19.451255551358475 ] ] ] } },
{ "type": "Feature", "properties": { "alcaldia": "GAM", "clave": "GAM-003", "n": "003" }, "geometry": { "type": "Polygon", "coordinates": [ [ [ -99.057954811145919, 19.446403028370614 ], [ -99.060911878189415, 19.451257632567597 ], [ -99.066822563750961, 19.451255551358475 ], [ -99.069775830611178, 19.446398867072805 ], [ -99.06681858891173, 19.441544405256828 ], [ -99.060908254937829, 19.441546485345572 ], [ -99.057954811145919, 19.446403028370614 ] ] ] } },
{ "type": "Feature", "properties": { "alcaldia": "GAM", "clave": "GAM-004", "n": "004" }, "geometry": { "type": "Polygon", "coordinates": [ [ [ -99.049090504965818, 19.45126121716082 ], [ -99.052047397142701, 19.456115963699659 ], [ -99.057958259636237, 19.456114170920575 ], [ -99.060911878189415, 19.451257632567597 ], [ -99.057954811145919, 19.446403028370614 ], [ -99.052044300345628, 19.446404820184803 ], [ -99.049090504965818, 19.45126121716082 ] ] ] } },
{ "type": "Feature", "properties": { "alcaldia": "VCA", "clave": "VCA-034", "n": "034" }, "geometry": { "type": "Polygon", "coordinates": [ [ [ -99.040223276960774, 19.446407826143293 ], [ -99.043179817444184, 19.451262720544744 ], [ -99.049090504965818, 19.45126121716082 ], [ -99.052044300345628, 19.446404820184803 ], [ -99.049087584890088, 19.441550068009118 ], [ -99.043177248956638, 19.441551570583734 ], [ -99.040223276960774, 19.446407826143293 ] ] ] } },
{ "type": "Feature", "properties": { "alcaldia": "MIH", "clave": "MIH-044", "n": "044" }, "geometry": { "type": "Polygon", "coordinates": [ [ [ -99.208691037873919, 19.460858897981446 ], [ -99.211652837319292, 19.465711006069856 ], [ -99.217564008465928, 19.465704007764376 ], [ -99.22051302820482, 19.460844905135648 ], [ -99.217551056638072, 19.455992940859439 ], [ -99.211640237383563, 19.455999935399944 ], [ -99.208691037873919, 19.460858897981446 ] ] ] } },
{ "type": "Feature", "properties": { "alcaldia": "MIH", "clave": "MIH-045", "n": "045" }, "geometry": { "type": "Polygon", "coordinates": [ [ [ -99.199818591401794, 19.456013346517427 ], [ -99.202780038954032, 19.460865605344889 ], [ -99.208691037873919, 19.460858897981446 ], [ -99.211640237383563, 19.455999935399944 ], [ -99.208678617603567, 19.451147820268957 ], [ -99.202767970471484, 19.451154524023178 ], [ -99.199818591401794, 19.456013346517427 ] ] ] } },
{ "type": "Feature", "properties": { "alcaldia": "MIH", "clave": "MIH-046", "n": "046" }, "geometry": { "type": "Polygon", "coordinates": [ [ [ -99.190958033956534, 19.46087844195117 ], [ -99.193919309070367, 19.465730844436369 ], [ -99.199830487551267, 19.465724424406197 ], [ -99.202780038954032, 19.460865605344889 ], [ -99.199818591401794, 19.456013346517427 ], [ -99.193907764815009, 19.456019763093718 ], [ -99.190958033956534, 19.46087844195117 ] ] ] } },
{ "type": "Feature", "properties": { "alcaldia": "MIH", "clave": "MIH-047", "n": "047" }, "geometry": { "type": "Polygon", "coordinates": [ [ [ -99.182086104800632, 19.456032018279775 ], [ -99.185047028019397, 19.46088457119335 ], [ -99.190958033956534, 19.46087844195117 ], [ -99.193907764815009, 19.456019763093718 ], [ -99.190946669051542, 19.451167353722099 ], [ -99.185036014904114, 19.451173479666149 ], [ -99.182086104800632, 19.456032018279775 ] ] ] } },
{ "type": "Feature", "properties": { "alcaldia": "AZC", "clave": "AZC-001", "n": "001" }, "geometry": { "type": "Polygon", "coordinates": [ [ [ -99.173225009619458, 19.460896251554239 ], [ -99.176185760082845, 19.46574894797099 ], [ -99.182096945265897, 19.465743106219076 ], [ -99.185047028019397, 19.46088457119335 ], [ -99.182086104800632, 19.456032018279775 ], [ -99.176175271513529, 19.456037856888916 ], [ -99.173225009619458, 19.460896251554239 ] ] ] } },
{ "type": "Feature", "properties": { "alcaldia": "MIH", "clave": "MIH-048", "n": "048" }, "geometry": { "type": "Polygon", "coordinates": [ [ [ -99.164353598730514, 19.456048956137938 ], [ -99.167313997297114, 19.460901802672357 ], [ -99.173225009619458, 19.460896251554239 ], [ -99.176175271513529, 19.456037856888916 ], [ -99.173214700085367, 19.451185153741854 ], [ -99.16730403955448, 19.451190701872918 ], [ -99.164353598730514, 19.456048956137938 ] ] ] } },
{ "type": "Feature", "properties": { "alcaldia": "AZC", "clave": "AZC-002", "n": "002" }, "geometry": { "type": "Polygon", "coordinates": [ [ [ -99.155491966758859, 19.460912326782516 ], [ -99.158452192253222, 19.465765316665443 ], [ -99.164363383506242, 19.465760053194455 ], [ -99.167313997297114, 19.460901802672357 ], [ -99.164353598730514, 19.456048956137938 ], [ -99.158442759375077, 19.456054216777257 ], [ -99.155491966758859, 19.460912326782516 ] ] ] } },
{ "type": "Feature", "properties": { "alcaldia": "CUH", "clave": "CUH-028", "n": "028" }, "geometry": { "type": "Polygon", "coordinates": [ [ [ -99.146621075087396, 19.456064160084171 ], [ -99.149580948683408, 19.460917299774021 ], [ -99.155491966758859, 19.460912326782516 ], [ -99.158442759375077, 19.456054216777257 ], [ -99.15548271260073, 19.451201220320069 ], [ -99.149572046318312, 19.45120619063562 ], [ -99.146621075087396, 19.456064160084171 ] ] ] } },
{ "type": "Feature", "properties": { "alcaldia": "CUH", "clave": "CUH-029", "n": "029" }, "geometry": { "type": "Polygon", "coordinates": [ [ [ -99.137758907270978, 19.460926667628627 ], [ -99.140718607477964, 19.465779950512228 ], [ -99.146629804168825, 19.465775265324581 ], [ -99.149580948683408, 19.460917299774021 ], [ -99.146621075087396, 19.456064160084171 ], [ -99.140710230295625, 19.456068842751264 ], [ -99.137758907270978, 19.460926667628627 ] ] ] } },
{ "type": "Feature", "properties": { "alcaldia": "CUH", "clave": "CUH-030", "n": "030" }, "geometry": { "type": "Polygon", "coordinates": [ [ [ -99.12888853576726, 19.456077630111508 ], [ -99.131847884074489, 19.460931062491248 ], [ -99.137758907270978, 19.460926667628627 ], [ -99.140710230295625, 19.456068842751264 ], [ -99.137750708493357, 19.451215553449387 ], [ -99.131840037091294, 19.451219945947138 ], [ -99.12888853576726, 19.456077630111508 ] ] ] } },
{ "type": "Feature", "properties": { "alcaldia": "CUH", "clave": "CUH-031", "n": "031" }, "geometry": { "type": "Polygon", "coordinates": [ [ [ -99.120025833052068, 19.460939274086016 ], [ -99.122985007653568, 19.465792849504663 ], [ -99.128896209150085, 19.465788742602495 ], [ -99.131847884074489, 19.460931062491248 ], [ -99.12888853576726, 19.456077630111508 ], [ -99.12297768617114, 19.456081734804222 ], [ -99.120025833052068, 19.460939274086016 ] ] ] } },
{ "type": "Feature", "properties": { "alcaldia": "VCA", "clave": "VCA-035", "n": "035" }, "geometry": { "type": "Polygon", "coordinates": [ [ [ -99.111155982666091, 19.456089366213789 ], [ -99.114114805366611, 19.460943090817743 ], [ -99.120025833052068, 19.460939274086016 ], [ -99.12297768617114, 19.456081734804222 ], [ -99.120018689658977, 19.451228153123257 ], [ -99.114108013769155, 19.451231967801203 ], [ -99.111155982666091, 19.456089366213789 ] ] ] } },
{ "type": "Feature", "properties": { "alcaldia": "GAM", "clave": "GAM-005", "n": "005" }, "geometry": { "type": "Polygon", "coordinates": [ [ [ -99.102292745998355, 19.460950146148917 ], [ -99.105251394676557, 19.465804013636827 ], [ -99.111162600346546, 19.465800485022022 ], [ -99.114114805366611, 19.460943090817743 ], [ -99.111155982666091, 19.456089366213789 ], [ -99.105245128897621, 19.456092892930258 ], [ -99.102292745998355, 19.460950146148917 ] ] ] } },
{ "type": "Feature", "properties": { "alcaldia": "GAM", "clave": "GAM-006", "n": "006" }, "geometry": { "type": "Polygon", "coordinates": [ [ [ -99.093423417679858, 19.456099368385651 ], [ -99.096381714456015, 19.460953384747995 ], [ -99.102292745998355, 19.460950146148917 ], [ -99.105245128897621, 19.456092892930258 ], [ -99.102286657993275, 19.451239019335912 ], [ -99.09637597824765, 19.451242256192312 ], [ -99.093423417679858, 19.456099368385651 ] ] ] } },
{ "type": "Feature", "properties": { "alcaldia": "GAM", "clave": "GAM-007", "n": "007" }, "geometry": { "type": "Polygon", "coordinates": [ [ [ -99.084559648006106, 19.460959283812347 ], [ -99.087517770443398, 19.465813442903627 ], [ -99.093428979654718, 19.465810492577795 ], [ -99.096381714456015, 19.460953384747995 ], [ -99.093423417679858, 19.456099368385651 ], [ -99.087512560371039, 19.456102317124252 ], [ -99.084559648006106, 19.460959283812347 ] ] ] } },
{ "type": "Feature", "properties": { "alcaldia": "GAM", "clave": "GAM-008", "n": "008" }, "geometry": { "type": "Polygon", "coordinates": [ [ [ -99.075690842704574, 19.456107636622505 ], [ -99.078648613238968, 19.460961944277308 ], [ -99.084559648006106, 19.460959283812347 ], [ -99.087512560371039, 19.456102317124252 ], [ -99.084554615392022, 19.451248152082382 ], [ -99.078643932422494, 19.451250811115745 ], [ -99.075690842704574, 19.456107636622505 ] ] ] } },
{ "type": "Feature", "properties": { "alcaldia": "GAM", "clave": "GAM-009", "n": "009" }, "geometry": { "type": "Polygon", "coordinates": [ [ [ -99.066826540971547, 19.460966687072133 ], [ -99.069784136850643, 19.465821137300743 ], [ -99.075695348971109, 19.465818765265233 ], [ -99.078648613238968, 19.460961944277308 ], [ -99.075690842704574, 19.456107636622505 ], [ -99.069779982487418, 19.456110007381888 ], [ -99.066826540971547, 19.460966687072133 ] ] ] } },
{ "type": "Feature", "properties": { "alcaldia": "GAM", "clave": "GAM-010", "n": "010" }, "geometry": { "type": "Polygon", "coordinates": [ [ [ -99.057958259636237, 19.456114170920575 ], [ -99.060915503611724, 19.460968769401749 ], [ -99.066826540971547, 19.460966687072133 ], [ -99.069779982487418, 19.456110007381888 ], [ -99.066822563750961, 19.451255551358475 ], [ -99.060911878189415, 19.451257632567597 ], [ -99.057958259636237, 19.456114170920575 ] ] ] } },
{ "type": "Feature", "properties": { "alcaldia": "GAM", "clave": "GAM-011", "n": "011" }, "geometry": { "type": "Polygon", "coordinates": [ [ [ -99.049093426790989, 19.460972355924881 ], [ -99.052050495794802, 19.46582709682464 ], [ -99.057961710192245, 19.46582530308055 ], [ -99.060915503611724, 19.460968769401749 ], [ -99.057958259636237, 19.456114170920575 ], [ -99.052047397142701, 19.456115963699659 ], [ -99.049093426790989, 19.460972355924881 ] ] ] } },
{ "type": "Feature", "properties": { "alcaldia": "AZC", "clave": "AZC-003", "n": "003" }, "geometry": { "type": "Polygon", "coordinates": [ [ [ -99.208703465582914, 19.470569965294896 ], [ -99.211665444800047, 19.475422066338357 ], [ -99.217576968049499, 19.475415064267459 ], [ -99.220526159908744, 19.470555964918713 ], [ -99.217564008465928, 19.465704007764376 ], [ -99.211652837319292, 19.465711006069856 ], [ -99.208703465582914, 19.470569965294896 ] ] ] } },
{ "type": "Feature", "properties": { "alcaldia": "MIH", "clave": "MIH-049", "n": "049" }, "geometry": { "type": "Polygon", "coordinates": [ [ [ -99.199830487551267, 19.465724424406197 ], [ -99.202792114664547, 19.470576676267985 ], [ -99.208703465582914, 19.470569965294896 ], [ -99.211652837319292, 19.465711006069856 ], [ -99.208691037873919, 19.460858897981446 ], [ -99.202780038954032, 19.460865605344889 ], [ -99.199830487551267, 19.465724424406197 ] ] ] } },
{ "type": "Feature", "properties": { "alcaldia": "MIH", "clave": "MIH-050", "n": "050" }, "geometry": { "type": "Polygon", "coordinates": [ [ [ -99.190969405668127, 19.470589519782418 ], [ -99.193930860238581, 19.475441915378831 ], [ -99.199842390824315, 19.47543549189438 ], [ -99.202792114664547, 19.470576676267985 ], [ -99.199830487551267, 19.465724424406197 ], [ -99.193919309070367, 19.465730844436369 ], [ -99.190969405668127, 19.470589519782418 ] ] ] } },
{ "type": "Feature", "properties": { "alcaldia": "AZC", "clave": "AZC-004", "n": "004" }, "geometry": { "type": "Polygon", "coordinates": [ [ [ -99.182096945265897, 19.465743106219076 ], [ -99.185058047730578, 19.470595652323112 ], [ -99.190969405668127, 19.470589519782418 ], [ -99.193919309070367, 19.465730844436369 ], [ -99.190958033956534, 19.46087844195117 ], [ -99.185047028019397, 19.46088457119335 ], [ -99.182096945265897, 19.465743106219076 ] ] ] } },
{ "type": "Feature", "properties": { "alcaldia": "AZC", "clave": "AZC-005", "n": "005" }, "geometry": { "type": "Polygon", "coordinates": [ [ [ -99.173235325328037, 19.470607338969916 ], [ -99.176196254932862, 19.475460028653995 ], [ -99.182107792222567, 19.475454183758945 ], [ -99.185058047730578, 19.470595652323112 ], [ -99.182096945265897, 19.465743106219076 ], [ -99.176185760082845, 19.46574894797099 ], [ -99.173235325328037, 19.470607338969916 ] ] ] } },
{ "type": "Feature", "properties": { "alcaldia": "AZC", "clave": "AZC-006", "n": "006" }, "geometry": { "type": "Polygon", "coordinates": [ [ [ -99.164363383506242, 19.465760053194455 ], [ -99.167323961003561, 19.470612893075419 ], [ -99.173235325328037, 19.470607338969916 ], [ -99.176185760082845, 19.46574894797099 ], [ -99.173225009619458, 19.460896251554239 ], [ -99.167313997297114, 19.460901802672357 ], [ -99.164363383506242, 19.465760053194455 ] ] ] } },
{ "type": "Feature", "properties": { "alcaldia": "AZC", "clave": "AZC-007", "n": "007" }, "geometry": { "type": "Polygon", "coordinates": [ [ [ -99.155501226459393, 19.47062342284924 ], [ -99.158461630779897, 19.475476406155568 ], [ -99.164373174141247, 19.475471139852591 ], [ -99.167323961003561, 19.470612893075419 ], [ -99.164363383506242, 19.465760053194455 ], [ -99.158452192253222, 19.465765316665443 ], [ -99.155501226459393, 19.47062342284924 ] ] ] } },
{ "type": "Feature", "properties": { "alcaldia": "AZC", "clave": "AZC-008", "n": "008" }, "geometry": { "type": "Polygon", "coordinates": [ [ [ -99.146629804168825, 19.465775265324581 ], [ -99.149589856380231, 19.470628398517011 ], [ -99.155501226459393, 19.47062342284924 ], [ -99.158452192253222, 19.465765316665443 ], [ -99.155491966758859, 19.460912326782516 ], [ -99.149580948683408, 19.460917299774021 ], [ -99.146629804168825, 19.465775265324581 ] ] ] } },
{ "type": "Feature", "properties": { "alcaldia": "GAM", "clave": "GAM-012", "n": "012" }, "geometry": { "type": "Polygon", "coordinates": [ [ [ -99.137767110958947, 19.470637771413028 ], [ -99.140726989676679, 19.475491047876055 ], [ -99.146638538477333, 19.475486360167555 ], [ -99.149589856380231, 19.470628398517011 ], [ -99.146629804168825, 19.465775265324581 ], [ -99.140718607477964, 19.465779950512228 ], [ -99.137767110958947, 19.470637771413028 ] ] ] } },
{ "type": "Feature", "properties": { "alcaldia": "GAM", "clave": "GAM-013", "n": "013" }, "geometry": { "type": "Polygon", "coordinates": [ [ [ -99.128896209150085, 19.465788742602495 ], [ -99.131855735757341, 19.47064216864079 ], [ -99.137767110958947, 19.470637771413028 ], [ -99.140718607477964, 19.465779950512228 ], [ -99.137758907270978, 19.460926667628627 ], [ -99.131847884074489, 19.460931062491248 ], [ -99.128896209150085, 19.465788742602495 ] ] ] } },
{ "type": "Feature", "properties": { "alcaldia": "GAM", "clave": "GAM-014", "n": "014" }, "geometry": { "type": "Polygon", "coordinates": [ [ [ -99.120032980723423, 19.470650384654718 ], [ -99.122992333520216, 19.475503953808747 ], [ -99.128903887127834, 19.47549984469687 ], [ -99.131855735757341, 19.47064216864079 ], [ -99.128896209150085, 19.465788742602495 ], [ -99.122985007653568, 19.465792849504663 ], [ -99.120032980723423, 19.470650384654718 ] ] ] } },
{ "type": "Feature", "properties": { "alcaldia": "GAM", "clave": "GAM-015", "n": "015" }, "geometry": { "type": "Polygon", "coordinates": [ [ [ -99.111162600346546, 19.465800485022022 ], [ -99.114121601031641, 19.470654203440461 ], [ -99.120032980723423, 19.470650384654718 ], [ -99.122985007653568, 19.465792849504663 ], [ -99.120025833052068, 19.460939274086016 ], [ -99.114114805366611, 19.460943090817743 ], [ -99.111162600346546, 19.465800485022022 ] ] ] } },
{ "type": "Feature", "properties": { "alcaldia": "GAM", "clave": "GAM-016", "n": "016" }, "geometry": { "type": "Polygon", "coordinates": [ [ [ -99.102298837649599, 19.470661262568534 ], [ -99.105257664207528, 19.475515123947741 ], [ -99.111169221989769, 19.475511593434373 ], [ -99.114121601031641, 19.470654203440461 ], [ -99.111162600346546, 19.465800485022022 ], [ -99.105251394676557, 19.465804013636827 ], [ -99.102298837649599, 19.470661262568534 ] ] ] } },
{ "type": "Feature", "properties": { "alcaldia": "GAM", "clave": "GAM-017", "n": "017" }, "geometry": { "type": "Polygon", "coordinates": [ [ [ -99.093428979654718, 19.465810492577795 ], [ -99.096387454099883, 19.470664502910509 ], [ -99.102298837649599, 19.470661262568534 ], [ -99.105251394676557, 19.465804013636827 ], [ -99.102292745998355, 19.460950146148917 ], [ -99.096381714456015, 19.460953384747995 ], [ -99.093428979654718, 19.465810492577795 ] ] ] } },
{ "type": "Feature", "properties": { "alcaldia": "GAM", "clave": "GAM-018", "n": "018" }, "geometry": { "type": "Polygon", "coordinates": [ [ [ -99.084564683634255, 19.470670405149495 ], [ -99.087522983635651, 19.475524558287926 ], [ -99.093434544960175, 19.475521606374684 ], [ -99.096387454099883, 19.470664502910509 ], [ -99.093428979654718, 19.465810492577795 ], [ -99.087517770443398, 19.465813442903627 ], [ -99.084564683634255, 19.470670405149495 ] ] ] } },
{ "type": "Feature", "properties": { "alcaldia": "GAM", "clave": "GAM-019", "n": "019" }, "geometry": { "type": "Polygon", "coordinates": [ [ [ -99.075695348971109, 19.465818765265233 ], [ -99.07865329685886, 19.470673067046217 ], [ -99.084564683634255, 19.470670405149495 ], [ -99.087517770443398, 19.465813442903627 ], [ -99.084559648006106, 19.460959283812347 ], [ -99.078648613238968, 19.460961944277308 ], [ -99.075695348971109, 19.465818765265233 ] ] ] } },
{ "type": "Feature", "properties": { "alcaldia": "GAM", "clave": "GAM-020", "n": "020" }, "geometry": { "type": "Polygon", "coordinates": [ [ [ -99.066830520574143, 19.470677812393429 ], [ -99.069788293701606, 19.475532256824984 ], [ -99.075699857936073, 19.475529883513214 ], [ -99.07865329685886, 19.470673067046217 ], [ -99.075695348971109, 19.465818765265233 ], [ -99.069784136850643, 19.465821137300743 ], [ -99.066830520574143, 19.470677812393429 ] ] ] } },
{ "type": "Feature", "properties": { "alcaldia": "GAM", "clave": "GAM-021", "n": "021" }, "geometry": { "type": "Polygon", "coordinates": [ [ [ -99.057961710192245, 19.46582530308055 ], [ -99.060919131205338, 19.470679895843674 ], [ -99.066830520574143, 19.470677812393429 ], [ -99.069784136850643, 19.465821137300743 ], [ -99.066826540971547, 19.460966687072133 ], [ -99.060915503611724, 19.460968769401749 ], [ -99.057961710192245, 19.46582530308055 ] ] ] } },
{ "type": "Feature", "properties": { "alcaldia": "AZC", "clave": "AZC-009", "n": "009" }, "geometry": { "type": "Polygon", "coordinates": [ [ [ -99.217576968049499, 19.475415064267459 ], [ -99.220539299474822, 19.48026701429756 ], [ -99.22645099494892, 19.480259720973955 ], [ -99.229400006720297, 19.475400481541662 ], [ -99.226437503175703, 19.470548675516312 ], [ -99.220526159908744, 19.470555964918713 ], [ -99.217576968049499, 19.475415064267459 ] ] ] } },
{ "type": "Feature", "properties": { "alcaldia": "AZC", "clave": "AZC-010", "n": "010" }, "geometry": { "type": "Polygon", "coordinates": [ [ [ -99.208715900732585, 19.480281022205009 ], [ -99.211678059827861, 19.485133116201066 ], [ -99.217589935390919, 19.485126110364316 ], [ -99.220539299474822, 19.48026701429756 ], [ -99.217576968049499, 19.475415064267459 ], [ -99.211665444800047, 19.475422066338357 ], [ -99.208715900732585, 19.480281022205009 ] ] ] } },
{ "type": "Feature", "properties": { "alcaldia": "AZC", "clave": "AZC-011", "n": "011" }, "geometry": { "type": "Polygon", "coordinates": [ [ [ -99.199842390824315, 19.47543549189438 ], [ -99.202804197604976, 19.480287736788142 ], [ -99.208715900732585, 19.480281022205009 ], [ -99.211665444800047, 19.475422066338357 ], [ -99.208703465582914, 19.470569965294896 ], [ -99.202792114664547, 19.470576676267985 ], [ -99.199842390824315, 19.47543549189438 ] ] ] } },
{ "type": "Feature", "properties": { "alcaldia": "AZC", "clave": "AZC-012", "n": "012" }, "geometry": { "type": "Polygon", "coordinates": [ [ [ -99.190980784188127, 19.480300587211524 ], [ -99.193942418321541, 19.48515297591673 ], [ -99.199854301222885, 19.48514654897761 ], [ -99.202804197604976, 19.480287736788142 ], [ -99.199842390824315, 19.47543549189438 ], [ -99.193930860238581, 19.475441915378831 ], [ -99.190980784188127, 19.480300587211524 ] ] ] } },
{ "type": "Feature", "properties": { "alcaldia": "AZC", "clave": "AZC-013", "n": "013" }, "geometry": { "type": "Polygon", "coordinates": [ [ [ -99.182107792222567, 19.475454183758945 ], [ -99.185069074039433, 19.480306723051118 ], [ -99.190980784188127, 19.480300587211524 ], [ -99.193930860238581, 19.475441915378831 ], [ -99.190969405668127, 19.470589519782418 ], [ -99.185058047730578, 19.470595652323112 ], [ -99.182107792222567, 19.475454183758945 ] ] ] } },
{ "type": "Feature", "properties": { "alcaldia": "AZC", "clave": "AZC-014", "n": "014" }, "geometry": { "type": "Polygon", "coordinates": [ [ [ -99.173245647212823, 19.480318415984545 ], [ -99.176206756065298, 19.485171098933563 ], [ -99.182118645672446, 19.485165250895015 ], [ -99.185069074039433, 19.480306723051118 ], [ -99.182107792222567, 19.475454183758945 ], [ -99.176196254932862, 19.475460028653995 ], [ -99.173245647212823, 19.480318415984545 ] ] ] } },
{ "type": "Feature", "properties": { "alcaldia": "AZC", "clave": "AZC-015", "n": "015" }, "geometry": { "type": "Polygon", "coordinates": [ [ [ -99.164373174141247, 19.475471139852591 ], [ -99.16733393067544, 19.480323973077795 ], [ -99.173245647212823, 19.480318415984545 ], [ -99.176196254932862, 19.475460028653995 ], [ -99.173235325328037, 19.470607338969916 ], [ -99.167323961003561, 19.470612893075419 ], [ -99.164373174141247, 19.475471139852591 ] ] ] } },
{ "type": "Feature", "properties": { "alcaldia": "AZC", "clave": "AZC-016", "n": "016" }, "geometry": { "type": "Polygon", "coordinates": [ [ [ -99.155510491703893, 19.48033450851592 ], [ -99.158471074956665, 19.485187485243273 ], [ -99.164382970637106, 19.485182216107972 ], [ -99.16733393067544, 19.480323973077795 ], [ -99.164373174141247, 19.475471139852591 ], [ -99.158461630779897, 19.475476406155568 ], [ -99.155510491703893, 19.48033450851592 ] ] ] } },
{ "type": "Feature", "properties": { "alcaldia": "AZC", "clave": "AZC-017", "n": "017" }, "geometry": { "type": "Polygon", "coordinates": [ [ [ -99.146638538477333, 19.475486360167555 ], [ -99.149598769410247, 19.480339486860267 ], [ -99.155510491703893, 19.48033450851592 ], [ -99.158461630779897, 19.475476406155568 ], [ -99.155501226459393, 19.47062342284924 ], [ -99.149589856380231, 19.470628398517011 ], [ -99.146638538477333, 19.475486360167555 ] ] ] } },
{ "type": "Feature", "properties": { "alcaldia": "GAM", "clave": "GAM-022", "n": "022" }, "geometry": { "type": "Polygon", "coordinates": [ [ [ -99.1377753195586, 19.480348864798277 ], [ -99.140735376893147, 19.485202134838357 ], [ -99.146647278014385, 19.485197444608716 ], [ -99.149598769410247, 19.480339486860267 ], [ -99.146638538477333, 19.475486360167555 ], [ -99.140726989676679, 19.475491047876055 ], [ -99.1377753195586, 19.480348864798277 ] ] ] } },
{ "type": "Feature", "properties": { "alcaldia": "GAM", "clave": "GAM-023", "n": "023" }, "geometry": { "type": "Polygon", "coordinates": [ [ [ -99.128903887127834, 19.47549984469687 ], [ -99.131863592141116, 19.480353264391457 ], [ -99.1377753195586, 19.480348864798277 ], [ -99.140726989676679, 19.475491047876055 ], [ -99.137767110958947, 19.470637771413028 ], [ -99.131855735757341, 19.47064216864079 ], [ -99.128903887127834, 19.47549984469687 ] ] ] } },
{ "type": "Feature", "properties": { "alcaldia": "GAM", "clave": "GAM-024", "n": "024" }, "geometry": { "type": "Polygon", "coordinates": [ [ [ -99.12004013267422, 19.480361484825046 ], [ -99.122999663772262, 19.485215047712114 ], [ -99.128911569701785, 19.485210936390278 ], [ -99.131863592141116, 19.480353264391457 ], [ -99.128903887127834, 19.47549984469687 ], [ -99.122992333520216, 19.475503953808747 ], [ -99.12004013267422, 19.480361484825046 ] ] ] } },
{ "type": "Feature", "properties": { "alcaldia": "GAM", "clave": "GAM-025", "n": "025" }, "geometry": { "type": "Polygon", "coordinates": [ [ [ -99.111169221989769, 19.475511593434373 ], [ -99.114128400765338, 19.480365305665043 ], [ -99.12004013267422, 19.480361484825046 ], [ -99.122992333520216, 19.475503953808747 ], [ -99.120032980723423, 19.470650384654718 ], [ -99.114121601031641, 19.470654203440461 ], [ -99.111169221989769, 19.475511593434373 ] ] ] } },
{ "type": "Feature", "properties": { "alcaldia": "GAM", "clave": "GAM-026", "n": "026" }, "geometry": { "type": "Polygon", "coordinates": [ [ [ -99.102304932948044, 19.480372368590455 ], [ -99.105263937491571, 19.485226223858628 ], [ -99.111175847596854, 19.485222691446474 ], [ -99.114128400765338, 19.480365305665043 ], [ -99.111169221989769, 19.475511593434373 ], [ -99.105257664207528, 19.475515123947741 ], [ -99.102304932948044, 19.480372368590455 ] ] ] } },
{ "type": "Feature", "properties": { "alcaldia": "GAM", "clave": "GAM-027", "n": "027" }, "geometry": { "type": "Polygon", "coordinates": [ [ [ -99.093434544960175, 19.475521606374684 ], [ -99.096393197180177, 19.480375610675512 ], [ -99.102304932948044, 19.480372368590455 ], [ -99.105257664207528, 19.475515123947741 ], [ -99.102298837649599, 19.470661262568534 ], [ -99.096387454099883, 19.470664502910509 ], [ -99.093434544960175, 19.475521606374684 ] ] ] } },
{ "type": "Feature", "properties": { "alcaldia": "GAM", "clave": "GAM-028", "n": "028" }, "geometry": { "type": "Polygon", "coordinates": [ [ [ -99.084569722277337, 19.480381516089519 ], [ -99.087528199948608, 19.485235663272785 ], [ -99.09344011359714, 19.485232709771946 ], [ -99.096393197180177, 19.480375610675512 ], [ -99.093434544960175, 19.475521606374684 ], [ -99.087522983635651, 19.475524558287926 ], [ -99.084569722277337, 19.480381516089519 ] ] ] } },
{ "type": "Feature", "properties": { "alcaldia": "GAM", "clave": "GAM-029", "n": "029" }, "geometry": { "type": "Polygon", "coordinates": [ [ [ -99.075699857936073, 19.475529883513214 ], [ -99.078657983282923, 19.480384179418163 ], [ -99.084569722277337, 19.480381516089519 ], [ -99.087522983635651, 19.475524558287926 ], [ -99.084564683634255, 19.470670405149495 ], [ -99.07865329685886, 19.470673067046217 ], [ -99.075699857936073, 19.475529883513214 ] ] ] } },
{ "type": "Feature", "properties": { "alcaldia": "GAM", "clave": "GAM-030", "n": "030" }, "geometry": { "type": "Polygon", "coordinates": [ [ [ -99.066834502559402, 19.480388927318053 ], [ -99.069792453040918, 19.485243365950272 ], [ -99.075704369600189, 19.485240991362087 ], [ -99.078657983282923, 19.480384179418163 ], [ -99.075699857936073, 19.475529883513214 ], [ -99.069788293701606, 19.475532256824984 ], [ -99.066834502559402, 19.480388927318053 ] ] ] } },
{ "type": "Feature", "properties": { "alcaldia": "GAM", "clave": "GAM-031", "n": "031" }, "geometry": { "type": "Polygon", "coordinates": [ [ [ -99.057965162814497, 19.475536424846183 ], [ -99.060922760970868, 19.480391011889065 ], [ -99.066834502559402, 19.480388927318053 ], [ -99.069788293701606, 19.475532256824984 ], [ -99.066830520574143, 19.470677812393429 ], [ -99.060919131205338, 19.470679895843674 ], [ -99.057965162814497, 19.475536424846183 ] ] ] } },
{ "type": "Feature", "properties": { "alcaldia": "AZC", "clave": "AZC-018", "n": "018" }, "geometry": { "type": "Polygon", "coordinates": [ [ [ -99.20872834332495, 19.489992068707334 ], [ -99.211690682404821, 19.49484415565367 ], [ -99.217602910492317, 19.494837146050642 ], [ -99.220552446905216, 19.489978053267755 ], [ -99.217589935390919, 19.485126110364316 ], [ -99.211678059827861, 19.485133116201066 ], [ -99.20872834332495, 19.489992068707334 ] ] ] } },
{ "type": "Feature", "properties": { "alcaldia": "AZC", "clave": "AZC-019", "n": "019" }, "geometry": { "type": "Polygon", "coordinates": [ [ [ -99.199854301222885, 19.48514654897761 ], [ -99.20281628777731, 19.48999878690093 ], [ -99.20872834332495, 19.489992068707334 ], [ -99.211678059827861, 19.485133116201066 ], [ -99.208715900732585, 19.480281022205009 ], [ -99.202804197604976, 19.480287736788142 ], [ -99.199854301222885, 19.48514654897761 ] ] ] } },
{ "type": "Feature", "properties": { "alcaldia": "AZC", "clave": "AZC-020", "n": "020" }, "geometry": { "type": "Polygon", "coordinates": [ [ [ -99.190992169518424, 19.490011644234055 ], [ -99.193953983321151, 19.494864026045754 ], [ -99.199866218748923, 19.494857595651567 ], [ -99.20281628777731, 19.48999878690093 ], [ -99.199854301222885, 19.48514654897761 ], [ -99.193942418321541, 19.48515297591673 ], [ -99.190992169518424, 19.490011644234055 ] ] ] } },
{ "type": "Feature", "properties": { "alcaldia": "AZC", "clave": "AZC-021", "n": "021" }, "geometry": { "type": "Polygon", "coordinates": [ [ [ -99.182118645672446, 19.485165250895015 ], [ -99.18508010694778, 19.490017783372924 ], [ -99.190992169518424, 19.490011644234055 ], [ -99.193942418321541, 19.48515297591673 ], [ -99.190980784188127, 19.480300587211524 ], [ -99.185069074039433, 19.480306723051118 ], [ -99.182118645672446, 19.485165250895015 ] ] ] } },
{ "type": "Feature", "properties": { "alcaldia": "AZC", "clave": "AZC-022", "n": "022" }, "geometry": { "type": "Polygon", "coordinates": [ [ [ -99.173255975275481, 19.490029482593712 ], [ -99.176217263481874, 19.494882158805375 ], [ -99.182129505617297, 19.494876307622974 ], [ -99.18508010694778, 19.490017783372924 ], [ -99.182118645672446, 19.485165250895015 ], [ -99.176206756065298, 19.485171098933563 ], [ -99.173255975275481, 19.490029482593712 ] ] ] } },
{ "type": "Feature", "properties": { "alcaldia": "AZC", "clave": "AZC-023", "n": "023" }, "geometry": { "type": "Polygon", "coordinates": [ [ [ -99.164382970637106, 19.485182216107972 ], [ -99.167343906314386, 19.490035042675032 ], [ -99.173255975275481, 19.490029482593712 ], [ -99.176206756065298, 19.485171098933563 ], [ -99.173245647212823, 19.480318415984545 ], [ -99.16733393067544, 19.480323973077795 ], [ -99.164382970637106, 19.485182216107972 ] ] ] } },
{ "type": "Feature", "properties": { "alcaldia": "AZC", "clave": "AZC-024", "n": "024" }, "geometry": { "type": "Polygon", "coordinates": [ [ [ -99.155519762493824, 19.490045583778127 ], [ -99.158480524785062, 19.494898553924237 ], [ -99.164392772995441, 19.494893281956294 ], [ -99.167343906314386, 19.490035042675032 ], [ -99.164382970637106, 19.485182216107972 ], [ -99.158471074956665, 19.485187485243273 ], [ -99.155519762493824, 19.490045583778127 ] ] ] } },
{ "type": "Feature", "properties": { "alcaldia": "AZC", "clave": "AZC-025", "n": "025" }, "geometry": { "type": "Polygon", "coordinates": [ [ [ -99.146647278014385, 19.485197444608716 ], [ -99.149607687774918, 19.490050564799361 ], [ -99.155519762493824, 19.490045583778127 ], [ -99.158471074956665, 19.485187485243273 ], [ -99.155510491703893, 19.48033450851592 ], [ -99.149598769410247, 19.480339486860267 ], [ -99.146647278014385, 19.485197444608716 ] ] ] } },
{ "type": "Feature", "properties": { "alcaldia": "GAM", "clave": "GAM-032", "n": "032" }, "geometry": { "type": "Polygon", "coordinates": [ [ [ -99.137783533071271, 19.490059947779944 ], [ -99.140743769128719, 19.494913211394827 ], [ -99.146656022781386, 19.494908518643758 ], [ -99.149607687774918, 19.490050564799361 ], [ -99.146647278014385, 19.485197444608716 ], [ -99.140735376893147, 19.485202134838357 ], [ -99.137783533071271, 19.490059947779944 ] ] ] } },
{ "type": "Feature", "properties": { "alcaldia": "GAM", "clave": "GAM-033", "n": "033" }, "geometry": { "type": "Polygon", "coordinates": [ [ [ -99.128911569701785, 19.485210936390278 ], [ -99.131871453227134, 19.490064349738805 ], [ -99.137783533071271, 19.490059947779944 ], [ -99.140735376893147, 19.485202134838357 ], [ -99.1377753195586, 19.480348864798277 ], [ -99.131863592141116, 19.480353264391457 ], [ -99.128911569701785, 19.485210936390278 ] ] ] } },
{ "type": "Feature", "properties": { "alcaldia": "GAM", "clave": "GAM-034", "n": "034" }, "geometry": { "type": "Polygon", "coordinates": [ [ [ -99.120047288905624, 19.490072574592574 ], [ -99.123006998410915, 19.494926131210448 ], [ -99.128919256873175, 19.494922017678402 ], [ -99.131871453227134, 19.490064349738805 ], [ -99.128911569701785, 19.485210936390278 ], [ -99.122999663772262, 19.485215047712114 ], [ -99.120047288905624, 19.490072574592574 ] ] ] } },
{ "type": "Feature", "properties": { "alcaldia": "GAM", "clave": "GAM-035", "n": "035" }, "geometry": { "type": "Polygon", "coordinates": [ [ [ -99.111175847596854, 19.485222691446474 ], [ -99.114135204568825, 19.490076397487059 ], [ -99.120047288905624, 19.490072574592574 ], [ -99.122999663772262, 19.485215047712114 ], [ -99.12004013267422, 19.480361484825046 ], [ -99.114128400765338, 19.480365305665043 ], [ -99.111175847596854, 19.485222691446474 ] ] ] } },
{ "type": "Feature", "properties": { "alcaldia": "GAM", "clave": "GAM-036", "n": "036" }, "geometry": { "type": "Polygon", "coordinates": [ [ [ -99.102311031894644, 19.490083464210251 ], [ -99.105270214529696, 19.494937313365174 ], [ -99.111182477168853, 19.49493377905403 ], [ -99.114135204568825, 19.490076397487059 ], [ -99.111175847596854, 19.485222691446474 ], [ -99.105263937491571, 19.485226223858628 ], [ -99.102311031894644, 19.490083464210251 ] ] ] } },
{ "type": "Feature", "properties": { "alcaldia": "GAM", "clave": "GAM-037", "n": "037" }, "geometry": { "type": "Polygon", "coordinates": [ [ [ -99.09344011359714, 19.485232709771946 ], [ -99.096398943697821, 19.490086708038596 ], [ -99.102311031894644, 19.490083464210251 ], [ -99.105263937491571, 19.485226223858628 ], [ -99.102304932948044, 19.480372368590455 ], [ -99.096393197180177, 19.480375610675512 ], [ -99.09344011359714, 19.485232709771946 ] ] ] } },
{ "type": "Feature", "properties": { "alcaldia": "GAM", "clave": "GAM-038", "n": "038" }, "geometry": { "type": "Polygon", "coordinates": [ [ [ -99.08457476393616, 19.49009261662798 ], [ -99.087533419383135, 19.494946757853892 ], [ -99.093445685566522, 19.494943802765263 ], [ -99.096398943697821, 19.490086708038596 ], [ -99.09344011359714, 19.485232709771946 ], [ -99.087528199948608, 19.485235663272785 ], [ -99.08457476393616, 19.49009261662798 ] ] ] } },
{ "type": "Feature", "properties": { "alcaldia": "GAM", "clave": "GAM-039", "n": "039" }, "geometry": { "type": "Polygon", "coordinates": [ [ [ -99.075704369600189, 19.485240991362087 ], [ -99.078662672511896, 19.490095281388712 ], [ -99.08457476393616, 19.49009261662798 ], [ -99.087528199948608, 19.485235663272785 ], [ -99.084569722277337, 19.480381516089519 ], [ -99.078657983282923, 19.480384179418163 ], [ -99.075704369600189, 19.485240991362087 ] ] ] } },
{ "type": "Feature", "properties": { "alcaldia": "GAM", "clave": "GAM-040", "n": "040" }, "geometry": { "type": "Polygon", "coordinates": [ [ [ -99.066838486927978, 19.490100031841571 ], [ -99.06979661486929, 19.494954464672279 ], [ -99.075708883964197, 19.49495208880753 ], [ -99.078662672511896, 19.490095281388712 ], [ -99.075704369600189, 19.485240991362087 ], [ -99.069792453040918, 19.485243365950272 ], [ -99.066838486927978, 19.490100031841571 ] ] ] } },
{ "type": "Feature", "properties": { "alcaldia": "GAM", "clave": "GAM-041", "n": "041" }, "geometry": { "type": "Polygon", "coordinates": [ [ [ -99.057968617503548, 19.485247536213105 ], [ -99.060926392908883, 19.490102117533468 ], [ -99.066838486927978, 19.490100031841571 ], [ -99.069792453040918, 19.485243365950272 ], [ -99.066834502559402, 19.480388927318053 ], [ -99.060922760970868, 19.480391011889065 ], [ -99.057968617503548, 19.485247536213105 ] ] ] } },
{ "type": "Feature", "properties": { "alcaldia": "AZC", "clave": "AZC-026", "n": "026" }, "geometry": { "type": "Polygon", "coordinates": [ [ [ -99.208740793362054, 19.499703104797586 ], [ -99.21170331253299, 19.504555184691782 ], [ -99.217615893355799, 19.504548171322043 ], [ -99.220565602202058, 19.499689081825021 ], [ -99.217602910492317, 19.494837146050642 ], [ -99.211690682404821, 19.49484415565367 ], [ -99.208740793362054, 19.499703104797586 ] ] ] } },
{ "type": "Feature", "properties": { "alcaldia": "AZC", "clave": "AZC-027", "n": "027" }, "geometry": { "type": "Polygon", "coordinates": [ [ [ -99.199866218748923, 19.494857595651567 ], [ -99.202828385183523, 19.499709826602079 ], [ -99.208740793362054, 19.499703104797586 ], [ -99.211690682404821, 19.49484415565367 ], [ -99.20872834332495, 19.489992068707334 ], [ -99.20281628777731, 19.48999878690093 ], [ -99.199866218748923, 19.494857595651567 ] ] ] } },
{ "type": "Feature", "properties": { "alcaldia": "AZC", "clave": "AZC-028", "n": "028" }, "geometry": { "type": "Polygon", "coordinates": [ [ [ -99.191003561660878, 19.499722690845736 ], [ -99.193965555239274, 19.504575065761522 ], [ -99.199878143404391, 19.504568631911869 ], [ -99.202828385183523, 19.499709826602079 ], [ -99.199866218748923, 19.494857595651567 ], [ -99.193953983321151, 19.494864026045754 ], [ -99.191003561660878, 19.499722690845736 ] ] ] } },
{ "type": "Feature", "properties": { "alcaldia": "AZC", "clave": "AZC-029", "n": "029" }, "geometry": { "type": "Polygon", "coordinates": [ [ [ -99.182129505617297, 19.494876307622974 ], [ -99.18509114645741, 19.499728833284259 ], [ -99.191003561660878, 19.499722690845736 ], [ -99.193953983321151, 19.494864026045754 ], [ -99.190992169518424, 19.490011644234055 ], [ -99.18508010694778, 19.490017783372924 ], [ -99.182129505617297, 19.494876307622974 ] ] ] } },
{ "type": "Feature", "properties": { "alcaldia": "AZC", "clave": "AZC-030", "n": "030" }, "geometry": { "type": "Polygon", "coordinates": [ [ [ -99.173266309517672, 19.499740538793123 ], [ -99.176227777184309, 19.504593208265053 ], [ -99.182140372058882, 19.50458735393843 ], [ -99.18509114645741, 19.499728833284259 ], [ -99.182129505617297, 19.494876307622974 ], [ -99.176217263481874, 19.494882158805375 ], [ -99.173266309517672, 19.499740538793123 ] ] ] } },
{ "type": "Feature", "properties": { "alcaldia": "AZC", "clave": "AZC-031", "n": "031" }, "geometry": { "type": "Polygon", "coordinates": [ [ [ -99.164392772995441, 19.494893281956294 ], [ -99.167353887922047, 19.499746101862875 ], [ -99.173266309517672, 19.499740538793123 ], [ -99.176217263481874, 19.494882158805375 ], [ -99.173255975275481, 19.490029482593712 ], [ -99.167343906314386, 19.490035042675032 ], [ -99.164392772995441, 19.494893281956294 ] ] ] } },
{ "type": "Feature", "properties": { "alcaldia": "AZC", "clave": "AZC-032", "n": "032" }, "geometry": { "type": "Polygon", "coordinates": [ [ [ -99.155529038830721, 19.499756648631589 ], [ -99.158489980266623, 19.504609612194081 ], [ -99.164402581217843, 19.504604337393168 ], [ -99.167353887922047, 19.499746101862875 ], [ -99.164392772995441, 19.494893281956294 ], [ -99.158480524785062, 19.494898553924237 ], [ -99.155529038830721, 19.499756648631589 ] ] ] } },
{ "type": "Feature", "properties": { "alcaldia": "GAM", "clave": "GAM-042", "n": "042" }, "geometry": { "type": "Polygon", "coordinates": [ [ [ -99.146656022781386, 19.494908518643758 ], [ -99.149616611475679, 19.499761632330017 ], [ -99.155529038830721, 19.499756648631589 ], [ -99.158480524785062, 19.494898553924237 ], [ -99.155519762493824, 19.490045583778127 ], [ -99.149607687774918, 19.490050564799361 ], [ -99.146656022781386, 19.494908518643758 ] ] ] } },
{ "type": "Feature", "properties": { "alcaldia": "GAM", "clave": "GAM-043", "n": "043" }, "geometry": { "type": "Polygon", "coordinates": [ [ [ -99.137791751498327, 19.499771020353748 ], [ -99.140752166384786, 19.504624277541094 ], [ -99.146664772779772, 19.504619582268301 ], [ -99.149616611475679, 19.499761632330017 ], [ -99.146656022781386, 19.494908518643758 ], [ -99.140743769128719, 19.494913211394827 ], [ -99.137791751498327, 19.499771020353748 ] ] ] } },
{ "type": "Feature", "properties": { "alcaldia": "GAM", "clave": "GAM-044", "n": "044" }, "geometry": { "type": "Polygon", "coordinates": [ [ [ -99.128919256873175, 19.494922017678402 ], [ -99.131879319016647, 19.499775424678575 ], [ -99.137791751498327, 19.499771020353748 ], [ -99.140743769128719, 19.494913211394827 ], [ -99.137783533071271, 19.490059947779944 ], [ -99.131871453227134, 19.490064349738805 ], [ -99.128919256873175, 19.494922017678402 ] ] ] } },
{ "type": "Feature", "properties": { "alcaldia": "GAM", "clave": "GAM-045", "n": "045" }, "geometry": { "type": "Polygon", "coordinates": [ [ [ -99.120054449418788, 19.499783653953031 ], [ -99.123014337437382, 19.504637204299371 ], [ -99.128926948643269, 19.504633088556854 ], [ -99.131879319016647, 19.499775424678575 ], [ -99.128919256873175, 19.494922017678402 ], [ -99.123006998410915, 19.494926131210448 ], [ -99.120054449418788, 19.499783653953031 ] ] ] } },
{ "type": "Feature", "properties": { "alcaldia": "GAM", "clave": "GAM-046", "n": "046" }, "geometry": { "type": "Polygon", "coordinates": [ [ [ -99.111182477168853, 19.49493377905403 ], [ -99.114142012443224, 19.499787478902231 ], [ -99.120054449418788, 19.499783653953031 ], [ -99.123006998410915, 19.494926131210448 ], [ -99.120047288905624, 19.490072574592574 ], [ -99.114135204568825, 19.490076397487059 ], [ -99.111182477168853, 19.49493377905403 ] ] ] } },
{ "type": "Feature", "properties": { "alcaldia": "GAM", "clave": "GAM-047", "n": "047" }, "geometry": { "type": "Polygon", "coordinates": [ [ [ -99.102317134490406, 19.499794549423637 ], [ -99.105276495322954, 19.504648392463004 ], [ -99.111189110706874, 19.504644856252636 ], [ -99.114142012443224, 19.499787478902231 ], [ -99.111182477168853, 19.49493377905403 ], [ -99.105270214529696, 19.494937313365174 ], [ -99.102317134490406, 19.499794549423637 ] ] ] } },
{ "type": "Feature", "properties": { "alcaldia": "GAM", "clave": "GAM-048", "n": "048" }, "geometry": { "type": "Polygon", "coordinates": [ [ [ -99.093445685566522, 19.494943802765263 ], [ -99.096404693653767, 19.499797794995473 ], [ -99.102317134490406, 19.499794549423637 ], [ -99.105270214529696, 19.494937313365174 ], [ -99.102311031894644, 19.490083464210251 ], [ -99.096398943697821, 19.490086708038596 ], [ -99.093445685566522, 19.494943802765263 ] ] ] } },
{ "type": "Feature", "properties": { "alcaldia": "GAM", "clave": "GAM-049", "n": "049" }, "geometry": { "type": "Polygon", "coordinates": [ [ [ -99.084579808611551, 19.499803706760598 ], [ -99.087538641940085, 19.504657842026862 ], [ -99.093451260869216, 19.504654885350273 ], [ -99.096404693653767, 19.499797794995473 ], [ -99.093445685566522, 19.494943802765263 ], [ -99.087533419383135, 19.494946757853892 ], [ -99.084579808611551, 19.499803706760598 ] ] ] } },
{ "type": "Feature", "properties": { "alcaldia": "GAM", "clave": "GAM-050", "n": "050" }, "geometry": { "type": "Polygon", "coordinates": [ [ [ -99.075708883964197, 19.49495208880753 ], [ -99.078667364546575, 19.499806372953579 ], [ -99.084579808611551, 19.499803706760598 ], [ -99.087533419383135, 19.494946757853892 ], [ -99.08457476393616, 19.49009261662798 ], [ -99.078662672511896, 19.490095281388712 ], [ -99.075708883964197, 19.49495208880753 ] ] ] } },
{ "type": "Feature", "properties": { "alcaldia": "GAM", "clave": "GAM-051", "n": "051" }, "geometry": { "type": "Polygon", "coordinates": [ [ [ -99.066842473680509, 19.499811125959717 ], [ -99.069800779187389, 19.504665552986626 ], [ -99.075713401028835, 19.504663175845174 ], [ -99.078667364546575, 19.499806372953579 ], [ -99.075708883964197, 19.49495208880753 ], [ -99.06979661486929, 19.494954464672279 ], [ -99.066842473680509, 19.499811125959717 ] ] ] } },
{ "type": "Feature", "properties": { "alcaldia": "GAM", "clave": "GAM-052", "n": "052" }, "geometry": { "type": "Polygon", "coordinates": [ [ [ -99.057972074259993, 19.494958637177017 ], [ -99.060930027020007, 19.499813212772626 ], [ -99.066842473680509, 19.499811125959717 ], [ -99.06979661486929, 19.494954464672279 ], [ -99.066838486927978, 19.490100031841571 ], [ -99.060926392908883, 19.490102117533468 ], [ -99.057972074259993, 19.494958637177017 ] ] ] } },
{ "type": "Feature", "properties": { "alcaldia": "AZC", "clave": "AZC-033", "n": "033" }, "geometry": { "type": "Polygon", "coordinates": [ [ [ -99.20875325084593, 19.509414130471399 ], [ -99.211715950214398, 19.514266203311131 ], [ -99.217628883983494, 19.514259186174243 ], [ -99.22057876536752, 19.509400099964964 ], [ -99.217615893355799, 19.504548171322043 ], [ -99.21170331253299, 19.504555184691782 ], [ -99.20875325084593, 19.509414130471399 ] ] ] } },
{ "type": "Feature", "properties": { "alcaldia": "AZC", "clave": "AZC-034", "n": "034" }, "geometry": { "type": "Polygon", "coordinates": [ [ [ -99.199878143404391, 19.504568631911869 ], [ -99.202840489825562, 19.509420855887178 ], [ -99.20875325084593, 19.509414130471399 ], [ -99.21170331253299, 19.504555184691782 ], [ -99.208740793362054, 19.499703104797586 ], [ -99.202828385183523, 19.499709826602079 ], [ -99.199878143404391, 19.504568631911869 ] ] ] } },
{ "type": "Feature", "properties": { "alcaldia": "AZC", "clave": "AZC-035", "n": "035" }, "geometry": { "type": "Polygon", "coordinates": [ [ [ -99.191014960617352, 19.509433727042179 ], [ -99.193977134077812, 19.514286095059752 ], [ -99.199890075191206, 19.51427965775423 ], [ -99.202840489825562, 19.509420855887178 ], [ -99.199878143404391, 19.504568631911869 ], [ -99.193965555239274, 19.504575065761522 ], [ -99.191014960617352, 19.509433727042179 ] ] ] } },
{ "type": "Feature", "properties": { "alcaldia": "AZC", "clave": "AZC-036", "n": "036" }, "geometry": { "type": "Polygon", "coordinates": [ [ [ -99.182140372058882, 19.50458735393843 ], [ -99.185102192570142, 19.509439872780739 ], [ -99.191014960617352, 19.509433727042179 ], [ -99.193965555239274, 19.504575065761522 ], [ -99.191003561660878, 19.499722690845736 ], [ -99.18509114645741, 19.499728833284259 ], [ -99.182140372058882, 19.50458735393843 ] ] ] } },
{ "type": "Feature", "properties": { "alcaldia": "AZC", "clave": "AZC-037", "n": "037" }, "geometry": { "type": "Polygon", "coordinates": [ [ [ -99.17327664994113, 19.509451584578414 ], [ -99.176238297174294, 19.514304247308328 ], [ -99.182151244999005, 19.514298389837116 ], [ -99.185102192570142, 19.509439872780739 ], [ -99.182140372058882, 19.50458735393843 ], [ -99.176227777184309, 19.504593208265053 ], [ -99.17327664994113, 19.509451584578414 ] ] ] } },
{ "type": "Feature", "properties": { "alcaldia": "AZC", "clave": "AZC-038", "n": "038" }, "geometry": { "type": "Polygon", "coordinates": [ [ [ -99.164402581217843, 19.504604337393168 ], [ -99.167363875500016, 19.50945715063693 ], [ -99.17327664994113, 19.509451584578414 ], [ -99.176227777184309, 19.504593208265053 ], [ -99.173266309517672, 19.499740538793123 ], [ -99.167353887922047, 19.499746101862875 ], [ -99.164402581217843, 19.504604337393168 ] ] ] } },
{ "type": "Feature", "properties": { "alcaldia": "GAM", "clave": "GAM-053", "n": "053" }, "geometry": { "type": "Polygon", "coordinates": [ [ [ -99.155538320716119, 19.509467703071913 ], [ -99.15849944140291, 19.51432066004854 ], [ -99.164412395305888, 19.514315382414321 ], [ -99.167363875500016, 19.50945715063693 ], [ -99.164402581217843, 19.504604337393168 ], [ -99.158489980266623, 19.504609612194081 ], [ -99.155538320716119, 19.509467703071913 ] ] ] } },
{ "type": "Feature", "properties": { "alcaldia": "GAM", "clave": "GAM-054", "n": "054" }, "geometry": { "type": "Polygon", "coordinates": [ [ [ -99.146664772779772, 19.504619582268301 ], [ -99.149625540514023, 19.509472689447851 ], [ -99.155538320716119, 19.509467703071913 ], [ -99.158489980266623, 19.504609612194081 ], [ -99.155529038830721, 19.499756648631589 ], [ -99.149616611475679, 19.499761632330017 ], [ -99.146664772779772, 19.504619582268301 ] ] ] } },
{ "type": "Feature", "properties": { "alcaldia": "GAM", "clave": "GAM-055", "n": "055" }, "geometry": { "type": "Polygon", "coordinates": [ [ [ -99.137799974841087, 19.509482082515309 ], [ -99.140760568662728, 19.514335333272868 ], [ -99.146673528010979, 19.514330635478061 ], [ -99.149625540514023, 19.509472689447851 ], [ -99.146664772779772, 19.504619582268301 ], [ -99.140752166384786, 19.504624277541094 ], [ -99.137799974841087, 19.509482082515309 ] ] ] } },
{ "type": "Feature", "properties": { "alcaldia": "GAM", "clave": "GAM-056", "n": "056" }, "geometry": { "type": "Polygon", "coordinates": [ [ [ -99.128926948643269, 19.504633088556854 ], [ -99.131887189510948, 19.509486489206367 ], [ -99.137799974841087, 19.509482082515309 ], [ -99.140752166384786, 19.504624277541094 ], [ -99.137791751498327, 19.499771020353748 ], [ -99.131879319016647, 19.499775424678575 ], [ -99.128926948643269, 19.504633088556854 ] ] ] } },
{ "type": "Feature", "properties": { "alcaldia": "GAM", "clave": "GAM-057", "n": "057" }, "geometry": { "type": "Polygon", "coordinates": [ [ [ -99.12006161421489, 19.509494722902009 ], [ -99.12302168085283, 19.514348266974608 ], [ -99.128934645013302, 19.514344149021365 ], [ -99.131887189510948, 19.509486489206367 ], [ -99.128926948643269, 19.504633088556854 ], [ -99.123014337437382, 19.504637204299371 ], [ -99.12006161421489, 19.509494722902009 ] ] ] } },
{ "type": "Feature", "properties": { "alcaldia": "GAM", "clave": "GAM-058", "n": "058" }, "geometry": { "type": "Polygon", "coordinates": [ [ [ -99.111189110706874, 19.504644856252636 ], [ -99.114148824389659, 19.509498549906183 ], [ -99.12006161421489, 19.509494722902009 ], [ -99.123014337437382, 19.504637204299371 ], [ -99.120054449418788, 19.499783653953031 ], [ -99.114142012443224, 19.499787478902231 ], [ -99.111189110706874, 19.504644856252636 ] ] ] } },
{ "type": "Feature", "properties": { "alcaldia": "GAM", "clave": "GAM-059", "n": "059" }, "geometry": { "type": "Polygon", "coordinates": [ [ [ -99.102323240736354, 19.509505624226239 ], [ -99.10528277987234, 19.514359461147841 ], [ -99.111195748211998, 19.514355923038039 ], [ -99.114148824389659, 19.509498549906183 ], [ -99.111189110706874, 19.504644856252636 ], [ -99.105276495322954, 19.504648392463004 ], [ -99.102323240736354, 19.509505624226239 ] ] ] } },
{ "type": "Feature", "properties": { "alcaldia": "GAM", "clave": "GAM-060", "n": "060" }, "geometry": { "type": "Polygon", "coordinates": [ [ [ -99.093451260869216, 19.504654885350273 ], [ -99.096410447048967, 19.509508871541769 ], [ -99.102323240736354, 19.509505624226239 ], [ -99.105276495322954, 19.504648392463004 ], [ -99.102317134490406, 19.499794549423637 ], [ -99.096404693653767, 19.499797794995473 ], [ -99.093451260869216, 19.504654885350273 ] ] ] } },
{ "type": "Feature", "properties": { "alcaldia": "GAM", "clave": "GAM-061", "n": "061" }, "geometry": { "type": "Polygon", "coordinates": [ [ [ -99.084584856304318, 19.509514786483003 ], [ -99.087543867620326, 19.514368915787422 ], [ -99.093456839506146, 19.514365957522696 ], [ -99.096410447048967, 19.509508871541769 ], [ -99.093451260869216, 19.504654885350273 ], [ -99.087538641940085, 19.504657842026862 ], [ -99.084584856304318, 19.509514786483003 ] ] ] } },
{ "type": "Feature", "properties": { "alcaldia": "GAM", "clave": "GAM-062", "n": "062" }, "geometry": { "type": "Polygon", "coordinates": [ [ [ -99.075713401028835, 19.504663175845174 ], [ -99.078672059387728, 19.509517454108405 ], [ -99.084584856304318, 19.509514786483003 ], [ -99.087538641940085, 19.504657842026862 ], [ -99.084579808611551, 19.499803706760598 ], [ -99.078667364546575, 19.499806372953579 ], [ -99.075713401028835, 19.504663175845174 ] ] ] } },
{ "type": "Feature", "properties": { "alcaldia": "AZC", "clave": "AZC-039", "n": "039" }, "geometry": { "type": "Polygon", "coordinates": [ [ [ -99.199890075191206, 19.51427965775423 ], [ -99.202852601705459, 19.519131874751945 ], [ -99.208765715778597, 19.519125145724441 ], [ -99.211715950214398, 19.514266203311131 ], [ -99.20875325084593, 19.509414130471399 ], [ -99.202840489825562, 19.509420855887178 ], [ -99.199890075191206, 19.51427965775423 ] ] ] } },
{ "type": "Feature", "properties": { "alcaldia": "AZC", "clave": "AZC-040", "n": "040" }, "geometry": { "type": "Polygon", "coordinates": [ [ [ -99.182151244999005, 19.514298389837116 ], [ -99.185113245287766, 19.519150901858055 ], [ -99.191026366389679, 19.519144752819081 ], [ -99.193977134077812, 19.514286095059752 ], [ -99.191014960617352, 19.509433727042179 ], [ -99.185102192570142, 19.509439872780739 ], [ -99.182151244999005, 19.514298389837116 ] ] ] } },
{ "type": "Feature", "properties": { "alcaldia": "GAM", "clave": "GAM-063", "n": "063" }, "geometry": { "type": "Polygon", "coordinates": [ [ [ -99.155547608151508, 19.519178747094799 ], [ -99.158508908195444, 19.524031697483164 ], [ -99.164422215261226, 19.524026417015325 ], [ -99.167373869049953, 19.519168188992889 ], [ -99.164412395305888, 19.514315382414321 ], [ -99.15849944140291, 19.51432066004854 ], [ -99.155547608151508, 19.519178747094799 ] ] ] } },
{ "type": "Feature", "properties": { "alcaldia": "GAM", "clave": "GAM-064", "n": "064" }, "geometry": { "type": "Polygon", "coordinates": [ [ [ -99.146673528010979, 19.514330635478061 ], [ -99.149634474891357, 19.519183736148541 ], [ -99.155547608151508, 19.519178747094799 ], [ -99.15849944140291, 19.51432066004854 ], [ -99.155538320716119, 19.509467703071913 ], [ -99.149625540514023, 19.509472689447851 ], [ -99.146673528010979, 19.514330635478061 ] ] ] } },
{ "type": "Feature", "properties": { "alcaldia": "GAM", "clave": "GAM-065", "n": "065" }, "geometry": { "type": "Polygon", "coordinates": [ [ [ -99.137808203100917, 19.51919313426032 ], [ -99.140768975963908, 19.52404637858573 ], [ -99.146682288476413, 19.524041678268624 ], [ -99.149634474891357, 19.519183736148541 ], [ -99.146673528010979, 19.514330635478061 ], [ -99.140760568662728, 19.514335333272868 ], [ -99.137808203100917, 19.51919313426032 ] ] ] } },
{ "type": "Feature", "properties": { "alcaldia": "GAM", "clave": "GAM-066", "n": "066" }, "geometry": { "type": "Polygon", "coordinates": [ [ [ -99.128934645013302, 19.514344149021365 ], [ -99.13189506471133, 19.51919754331788 ], [ -99.137808203100917, 19.51919313426032 ], [ -99.140760568662728, 19.514335333272868 ], [ -99.137799974841087, 19.509482082515309 ], [ -99.131887189510948, 19.509486489206367 ], [ -99.128934645013302, 19.514344149021365 ] ] ] } },
{ "type": "Feature", "properties": { "alcaldia": "GAM", "clave": "GAM-067", "n": "067" }, "geometry": { "type": "Polygon", "coordinates": [ [ [ -99.120068783295125, 19.519205781435236 ], [ -99.123029028658507, 19.524059319231736 ], [ -99.128942345984569, 19.524055199067515 ], [ -99.13189506471133, 19.51919754331788 ], [ -99.128934645013302, 19.514344149021365 ], [ -99.12302168085283, 19.514348266974608 ], [ -99.120068783295125, 19.519205781435236 ] ] ] } },
{ "type": "Feature", "properties": { "alcaldia": "GAM", "clave": "GAM-068", "n": "068" }, "geometry": { "type": "Polygon", "coordinates": [ [ [ -99.111195748211998, 19.514355923038039 ], [ -99.114155640409194, 19.519209610494606 ], [ -99.120068783295125, 19.519205781435236 ], [ -99.12302168085283, 19.514348266974608 ], [ -99.12006161421489, 19.509494722902009 ], [ -99.114148824389659, 19.509498549906183 ], [ -99.111195748211998, 19.514355923038039 ] ] ] } },
{ "type": "Feature", "properties": { "alcaldia": "GAM", "clave": "GAM-069", "n": "069" }, "geometry": { "type": "Polygon", "coordinates": [ [ [ -99.093456839506146, 19.514365957522696 ], [ -99.096416203884331, 19.519219937673178 ], [ -99.102329350633468, 19.519216688613756 ], [ -99.10528277987234, 19.514359461147841 ], [ -99.102323240736354, 19.509505624226239 ], [ -99.096410447048967, 19.509508871541769 ], [ -99.093456839506146, 19.514365957522696 ] ] ] } },
{ "type": "Feature", "properties": { "alcaldia": "GAM", "clave": "GAM-070", "n": "070" }, "geometry": { "type": "Polygon", "coordinates": [ [ [ -99.164422215261226, 19.524026417015325 ], [ -99.167383868573481, 19.528879216926388 ], [ -99.173297349338569, 19.528873644889298 ], [ -99.176248823453577, 19.524015275930754 ], [ -99.173286996547546, 19.519162619945256 ], [ -99.167373869049953, 19.519168188992889 ], [ -99.164422215261226, 19.524026417015325 ] ] ] } },
{ "type": "Feature", "properties": { "alcaldia": "GAM", "clave": "GAM-071", "n": "071" }, "geometry": { "type": "Polygon", "coordinates": [ [ [ -99.155556901138411, 19.528889780695877 ], [ -99.158518380645816, 19.533742724493649 ], [ -99.164432041085448, 19.533737441191853 ], [ -99.167383868573481, 19.528879216926388 ], [ -99.164422215261226, 19.524026417015325 ], [ -99.158508908195444, 19.524031697483164 ], [ -99.155556901138411, 19.528889780695877 ] ] ] } },
{ "type": "Feature", "properties": { "alcaldia": "GAM", "clave": "GAM-072", "n": "072" }, "geometry": { "type": "Polygon", "coordinates": [ [ [ -99.146682288476413, 19.524041678268624 ], [ -99.149643414609201, 19.528894772427737 ], [ -99.155556901138411, 19.528889780695877 ], [ -99.158508908195444, 19.524031697483164 ], [ -99.155547608151508, 19.519178747094799 ], [ -99.149634474891357, 19.519183736148541 ], [ -99.146682288476413, 19.524041678268624 ] ] ] } },
{ "type": "Feature", "properties": { "alcaldia": "GAM", "clave": "GAM-073", "n": "073" }, "geometry": { "type": "Polygon", "coordinates": [ [ [ -99.137816436279152, 19.528904175584419 ], [ -99.140777388289678, 19.53375741347536 ], [ -99.146691054177538, 19.53375271063566 ], [ -99.149643414609201, 19.528894772427737 ], [ -99.146682288476413, 19.524041678268624 ], [ -99.140768975963908, 19.52404637858573 ], [ -99.137816436279152, 19.528904175584419 ] ] ] } },
{ "type": "Feature", "properties": { "alcaldia": "GAM", "clave": "GAM-074", "n": "074" }, "geometry": { "type": "Polygon", "coordinates": [ [ [ -99.128942345984569, 19.524055199067515 ], [ -99.131902944619071, 19.528908587008758 ], [ -99.137816436279152, 19.528904175584419 ], [ -99.140768975963908, 19.52404637858573 ], [ -99.137808203100917, 19.51919313426032 ], [ -99.13189506471133, 19.51919754331788 ], [ -99.128942345984569, 19.524055199067515 ] ] ] } },
{ "type": "Feature", "properties": { "alcaldia": "GAM", "clave": "GAM-075", "n": "075" }, "geometry": { "type": "Polygon", "coordinates": [ [ [ -99.120075956660628, 19.528916829548329 ], [ -99.123036380855581, 19.533770361066434 ], [ -99.128950051558306, 19.53376623869098 ], [ -99.131902944619071, 19.528908587008758 ], [ -99.128942345984569, 19.524055199067515 ], [ -99.123029028658507, 19.524059319231736 ], [ -99.120075956660628, 19.528916829548329 ] ] ] } },
{ "type": "Feature", "properties": { "alcaldia": "GAM", "clave": "GAM-076", "n": "076" }, "geometry": { "type": "Polygon", "coordinates": [ [ [ -99.164432041085448, 19.533737441191853 ], [ -99.167393874072232, 19.538590234433123 ], [ -99.173307708315946, 19.538584659406222 ], [ -99.176259356023863, 19.533726294128027 ], [ -99.173297349338569, 19.528873644889298 ], [ -99.167383868573481, 19.528879216926388 ], [ -99.164432041085448, 19.533737441191853 ] ] ] } },
{ "type": "Feature", "properties": { "alcaldia": "GAM", "clave": "GAM-077", "n": "077" }, "geometry": { "type": "Polygon", "coordinates": [ [ [ -99.146691054177538, 19.53375271063566 ], [ -99.149652359668963, 19.538605798281136 ], [ -99.155566199678361, 19.538600803870846 ], [ -99.158518380645816, 19.533742724493649 ], [ -99.155556901138411, 19.528889780695877 ], [ -99.149643414609201, 19.528894772427737 ], [ -99.146691054177538, 19.53375271063566 ] ] ] } },
{ "type": "Feature", "properties": { "alcaldia": "GAM", "clave": "GAM-078", "n": "078" }, "geometry": { "type": "Polygon", "coordinates": [ [ [ -99.137824674377129, 19.538615206483296 ], [ -99.140785805641457, 19.543468437937417 ], [ -99.146699825115789, 19.543463732574828 ], [ -99.149652359668963, 19.538605798281136 ], [ -99.146691054177538, 19.53375271063566 ], [ -99.140777388289678, 19.53375741347536 ], [ -99.137824674377129, 19.538615206483296 ] ] ] } },
{ "type": "Feature", "properties": { "alcaldia": "GAM", "clave": "GAM-079", "n": "079" }, "geometry": { "type": "Polygon", "coordinates": [ [ [ -99.128950051558306, 19.53376623869098 ], [ -99.13191082923548, 19.538619620274691 ], [ -99.137824674377129, 19.538615206483296 ], [ -99.140777388289678, 19.53375741347536 ], [ -99.137816436279152, 19.528904175584419 ], [ -99.131902944619071, 19.528908587008758 ], [ -99.128950051558306, 19.53376623869098 ] ] ] } },
{ "type": "Feature", "properties": { "alcaldia": "GAM", "clave": "GAM-080", "n": "080" }, "geometry": { "type": "Polygon", "coordinates": [ [ [ -99.120083134312594, 19.538627867236983 ], [ -99.123043737445272, 19.543481392474359 ], [ -99.128957761735776, 19.543477267887408 ], [ -99.13191082923548, 19.538619620274691 ], [ -99.128950051558306, 19.53376623869098 ], [ -99.123036380855581, 19.533770361066434 ], [ -99.120083134312594, 19.538627867236983 ] ] ] } },
{ "type": "Feature", "properties": { "alcaldia": "GAM", "clave": "GAM-081", "n": "081" }, "geometry": { "type": "Polygon", "coordinates": [ [ [ -99.15557550377288, 19.548311816615275 ], [ -99.158537342526174, 19.553164747224855 ], [ -99.164451710346938, 19.553159458254171 ], [ -99.16740388554787, 19.548301241508664 ], [ -99.164441872780131, 19.543448454939579 ], [ -99.158527858755548, 19.543453741075652 ], [ -99.15557550377288, 19.548311816615275 ] ] ] } },
{ "type": "Feature", "properties": { "alcaldia": "GAM", "clave": "GAM-082", "n": "082" }, "geometry": { "type": "Polygon", "coordinates": [ [ [ -99.146699825115789, 19.543463732574828 ], [ -99.149661310072148, 19.548316813704304 ], [ -99.15557550377288, 19.548311816615275 ], [ -99.158527858755548, 19.543453741075652 ], [ -99.155566199678361, 19.538600803870846 ], [ -99.149652359668963, 19.538605798281136 ], [ -99.146699825115789, 19.543463732574828 ] ] ] } },
{ "type": "Feature", "properties": { "alcaldia": "GAM", "clave": "GAM-083", "n": "083" }, "geometry": { "type": "Polygon", "coordinates": [ [ [ -99.13783291739621, 19.548326226952529 ], [ -99.140794228020582, 19.553179451967587 ], [ -99.146708601292559, 19.553174744081812 ], [ -99.149661310072148, 19.548316813704304 ], [ -99.146699825115789, 19.543463732574828 ], [ -99.140785805641457, 19.543468437937417 ], [ -99.13783291739621, 19.548326226952529 ] ] ] } },
{ "type": "Feature", "properties": { "alcaldia": "GAM", "clave": "GAM-084", "n": "084" }, "geometry": { "type": "Polygon", "coordinates": [ [ [ -99.128957761735776, 19.543477267887408 ], [ -99.13191871856182, 19.54833064311125 ], [ -99.13783291739621, 19.548326226952529 ], [ -99.140785805641457, 19.543468437937417 ], [ -99.137824674377129, 19.538615206483296 ], [ -99.13191082923548, 19.538619620274691 ], [ -99.128957761735776, 19.543477267887408 ] ] ] } },
{ "type": "Feature", "properties": { "alcaldia": "GAM", "clave": "GAM-085", "n": "085" }, "geometry": { "type": "Polygon", "coordinates": [ [ [ -99.120090316252202, 19.54833889449678 ], [ -99.12305109842876, 19.5531924134512 ], [ -99.128965476518246, 19.5531882866525 ], [ -99.13191871856182, 19.54833064311125 ], [ -99.128957761735776, 19.543477267887408 ], [ -99.123043737445272, 19.543481392474359 ], [ -99.120090316252202, 19.54833889449678 ] ] ] } },
{ "type": "Feature", "properties": { "alcaldia": "GAM", "clave": "GAM-086", "n": "086" }, "geometry": { "type": "Polygon", "coordinates": [ [ [ -99.146708601292559, 19.553174744081812 ], [ -99.149670265820191, 19.558027818692981 ], [ -99.155584813423474, 19.558022818924901 ], [ -99.158537342526174, 19.553164747224855 ], [ -99.15557550377288, 19.548311816615275 ], [ -99.149661310072148, 19.548316813704304 ], [ -99.146708601292559, 19.553174744081812 ] ] ] } },
{ "type": "Feature", "properties": { "alcaldia": "GAM", "clave": "GAM-087", "n": "087" }, "geometry": { "type": "Polygon", "coordinates": [ [ [ -99.137841165337733, 19.558037236987854 ], [ -99.140802655428445, 19.562890455561504 ], [ -99.146717382709326, 19.562885745152272 ], [ -99.149670265820191, 19.558027818692981 ], [ -99.146708601292559, 19.553174744081812 ], [ -99.140794228020582, 19.553179451967587 ], [ -99.137841165337733, 19.558037236987854 ] ] ] } },
{ "type": "Feature", "properties": { "alcaldia": "GAM", "clave": "GAM-088", "n": "088" }, "geometry": { "type": "Polygon", "coordinates": [ [ [ -99.128965476518246, 19.5531882866525 ], [ -99.131926612599386, 19.558041655514167 ], [ -99.137841165337733, 19.558037236987854 ], [ -99.140794228020582, 19.553179451967587 ], [ -99.13783291739621, 19.548326226952529 ], [ -99.13191871856182, 19.54833064311125 ], [ -99.128965476518246, 19.5531882866525 ] ] ] } },
{ "type": "Feature", "properties": { "alcaldia": "GAM", "clave": "GAM-089", "n": "089" }, "geometry": { "type": "Polygon", "coordinates": [ [ [ -99.120097502480604, 19.558049911323451 ], [ -99.123058463807268, 19.562903423992594 ], [ -99.128973195906966, 19.562899294981897 ], [ -99.131926612599386, 19.558041655514167 ], [ -99.128965476518246, 19.5531882866525 ], [ -99.12305109842876, 19.5531924134512 ], [ -99.120097502480604, 19.558049911323451 ] ] ] } },
{ "type": "Feature", "properties": { "alcaldia": "GAM", "clave": "GAM-090", "n": "090" }, "geometry": { "type": "Polygon", "coordinates": [ [ [ -99.111222337925156, 19.553200085960018 ], [ -99.114182945241012, 19.558053748605989 ], [ -99.120097502480604, 19.558049911323451 ], [ -99.12305109842876, 19.5531924134512 ], [ -99.120090316252202, 19.54833889449678 ], [ -99.114176112917789, 19.548342729723171 ], [ -99.111222337925156, 19.553200085960018 ] ] ] } },
{ "type": "Feature", "properties": { "alcaldia": "GAM", "clave": "GAM-091", "n": "091" }, "geometry": { "type": "Polygon", "coordinates": [ [ [ -99.146717382709326, 19.562885745152272 ], [ -99.149679226914586, 19.567738813242791 ], [ -99.155594128631662, 19.567733810795357 ], [ -99.158546831959271, 19.562875742936903 ], [ -99.155584813423474, 19.558022818924901 ], [ -99.149670265820191, 19.558027818692981 ], [ -99.146717382709326, 19.562885745152272 ] ] ] } },
{ "type": "Feature", "properties": { "alcaldia": "GAM", "clave": "GAM-092", "n": "092" }, "geometry": { "type": "Polygon", "coordinates": [ [ [ -99.137849418203047, 19.567748236584897 ], [ -99.140811087866439, 19.572601448714884 ], [ -99.146726169367511, 19.572596735781882 ], [ -99.149679226914586, 19.567738813242791 ], [ -99.146717382709326, 19.562885745152272 ], [ -99.140802655428445, 19.562890455561504 ], [ -99.137849418203047, 19.567748236584897 ] ] ] } },
{ "type": "Feature", "properties": { "alcaldia": "GAM", "clave": "GAM-093", "n": "093" }, "geometry": { "type": "Polygon", "coordinates": [ [ [ -99.128973195906966, 19.562899294981897 ], [ -99.131934511349485, 19.567752657479087 ], [ -99.137849418203047, 19.567748236584897 ], [ -99.140802655428445, 19.562890455561504 ], [ -99.137841165337733, 19.558037236987854 ], [ -99.131926612599386, 19.558041655514167 ], [ -99.128973195906966, 19.562899294981897 ] ] ] } },
{ "type": "Feature", "properties": { "alcaldia": "GAM", "clave": "GAM-094", "n": "094" }, "geometry": { "type": "Polygon", "coordinates": [ [ [ -99.120104692998993, 19.567760917712629 ], [ -99.12306583358199, 19.572614424094251 ], [ -99.128980919903213, 19.572610292871293 ], [ -99.131934511349485, 19.567752657479087 ], [ -99.128973195906966, 19.562899294981897 ], [ -99.123058463807268, 19.562903423992594 ], [ -99.120104692998993, 19.567760917712629 ] ] ] } },
{ "type": "Feature", "properties": { "alcaldia": "GAM", "clave": "GAM-095", "n": "095" }, "geometry": { "type": "Polygon", "coordinates": [ [ [ -99.111228995282048, 19.562911100613952 ], [ -99.114189781642949, 19.56776475705156 ], [ -99.120104692998993, 19.567760917712629 ], [ -99.123058463807268, 19.562903423992594 ], [ -99.120097502480604, 19.558049911323451 ], [ -99.114182945241012, 19.558053748605989 ], [ -99.111228995282048, 19.562911100613952 ] ] ] } },
{ "type": "Feature", "properties": { "alcaldia": "GAM", "clave": "GAM-096", "n": "096" }, "geometry": { "type": "Polygon", "coordinates": [ [ [ -99.102359954921468, 19.567771854172747 ], [ -99.105320566105291, 19.572625654339642 ], [ -99.111235656612564, 19.572622104828618 ], [ -99.114189781642949, 19.56776475705156 ], [ -99.111228995282048, 19.562911100613952 ], [ -99.105314258997424, 19.562914648224222 ], [ -99.102359954921468, 19.567771854172747 ] ] ] } },
{ "type": "Feature", "properties": { "alcaldia": "GAM", "clave": "GAM-097", "n": "097" }, "geometry": { "type": "Polygon", "coordinates": [ [ [ -99.128980919903213, 19.572610292871293 ], [ -99.131942414813409, 19.577463649001668 ], [ -99.137857675993502, 19.577459225739322 ], [ -99.140811087866439, 19.572601448714884 ], [ -99.137849418203047, 19.567748236584897 ], [ -99.131934511349485, 19.567752657479087 ], [ -99.128980919903213, 19.572610292871293 ] ] ] } },
{ "type": "Feature", "properties": { "alcaldia": "GAM", "clave": "GAM-098", "n": "098" }, "geometry": { "type": "Polygon", "coordinates": [ [ [ -99.120111887808548, 19.577471913659977 ], [ -99.12307320775416, 19.582325413751747 ], [ -99.128988648508241, 19.582321280316275 ], [ -99.131942414813409, 19.577463649001668 ], [ -99.128980919903213, 19.572610292871293 ], [ -99.12306583358199, 19.572614424094251 ], [ -99.120111887808548, 19.577471913659977 ] ] ] } },
{ "type": "Feature", "properties": { "alcaldia": "GAM", "clave": "GAM-099", "n": "099" }, "geometry": { "type": "Polygon", "coordinates": [ [ [ -99.111235656612564, 19.572622104828618 ], [ -99.114196622124723, 19.577475755055524 ], [ -99.120111887808548, 19.577471913659977 ], [ -99.12306583358199, 19.572614424094251 ], [ -99.120104692998993, 19.567760917712629 ], [ -99.114189781642949, 19.56776475705156 ], [ -99.111235656612564, 19.572622104828618 ] ] ] } },
{ "type": "Feature", "properties": { "alcaldia": "GAM", "clave": "GAM-100", "n": "100" }, "geometry": { "type": "Polygon", "coordinates": [ [ [ -99.128988648508241, 19.582321280316275 ], [ -99.131950322992438, 19.58717463007758 ], [ -99.137865938710476, 19.587170204446821 ], [ -99.140819525335928, 19.582312431423297 ], [ -99.137857675993502, 19.577459225739322 ], [ -99.131942414813409, 19.577463649001668 ], [ -99.128988648508241, 19.582321280316275 ] ] ] } },
{ "type": "Feature", "properties": { "alcaldia": "GAM", "clave": "GAM-101", "n": "101" }, "geometry": { "type": "Polygon", "coordinates": [ [ [ -99.120119086910435, 19.587182899161181 ], [ -99.123080586324946, 19.592036392960811 ], [ -99.128996381723326, 19.592032257312567 ], [ -99.131950322992438, 19.58717463007758 ], [ -99.128988648508241, 19.582321280316275 ], [ -99.12307320775416, 19.582325413751747 ], [ -99.120119086910435, 19.587182899161181 ] ] ] } },
{ "type": "Feature", "properties": { "alcaldia": "GAM", "clave": "GAM-102", "n": "102" }, "geometry": { "type": "Polygon", "coordinates": [ [ [ -99.111242321917786, 19.582333098599605 ], [ -99.114203466687428, 19.587186742613596 ], [ -99.120119086910435, 19.587182899161181 ], [ -99.12307320775416, 19.582325413751747 ], [ -99.120111887808548, 19.577471913659977 ], [ -99.114196622124723, 19.577475755055524 ], [ -99.111242321917786, 19.582333098599605 ] ] ] } },
{ "type": "Feature", "properties": { "alcaldia": "GAM", "clave": "GAM-103", "n": "103" }, "geometry": { "type": "Polygon", "coordinates": [ [ [ -99.111248991198821, 19.59204408192263 ], [ -99.114210315332215, 19.596897719721387 ], [ -99.120126290305819, 19.596893874211876 ], [ -99.123080586324946, 19.592036392960811 ], [ -99.120119086910435, 19.587182899161181 ], [ -99.114203466687428, 19.587186742613596 ], [ -99.111248991198821, 19.59204408192263 ] ] ] } },
{ "type": "Feature", "properties": { "alcaldia": "MLP", "clave": "MLP-319", "n": "319" }, "geometry": { "type": "Polygon", "coordinates": [ [ [ -99.102040176965616, 19.053073925122064 ], [ -99.104991449929926, 19.057928047111272 ], [ -99.110888056464333, 19.057924598040497 ], [ -99.113833046862496, 19.053067028869908 ], [ -99.110881604253592, 19.048213046547154 ], [ -99.104985340821713, 19.048216493728628 ], [ -99.102040176965616, 19.053073925122064 ] ] ] } },
{ "type": "Feature", "properties": { "alcaldia": "MLP", "clave": "MLP-320", "n": "320" }, "geometry": { "type": "Polygon", "coordinates": [ [ [ -99.075504006507302, 19.048230904919102 ], [ -99.078454423307193, 19.053085457233912 ], [ -99.084350863281287, 19.053082856755385 ], [ -99.08729654338633, 19.048225705386912 ], [ -99.084345956524359, 19.043371292468922 ], [ -99.078449859550005, 19.043373891522666 ], [ -99.075504006507302, 19.048230904919102 ] ] ] } },
{ "type": "Feature", "properties": { "alcaldia": "MLP", "clave": "MLP-321", "n": "321" }, "geometry": { "type": "Polygon", "coordinates": [ [ [ -98.978212322219719, 19.072523962876055 ], [ -98.98116033982906, 19.077380060777468 ], [ -98.987057644583359, 19.077380569051673 ], [ -98.990006588136495, 19.072524979146284 ], [ -98.987058398485146, 19.067669019981881 ], [ -98.981161437253178, 19.06766851198585 ], [ -98.978212322219719, 19.072523962876055 ] ] ] } },
{ "type": "Feature", "properties": { "alcaldia": "TLP", "clave": "TLP-333", "n": "333" }, "geometry": { "type": "Polygon", "coordinates": [ [ [ -99.163986103281545, 19.087019605880425 ], [ -99.166939780868347, 19.091872703505601 ], [ -99.172837572709739, 19.0918672656558 ], [ -99.175781343067456, 19.08700873315513 ], [ -99.172827496570108, 19.082155776003471 ], [ -99.166930048556097, 19.082161210879118 ], [ -99.163986103281545, 19.087019605880425 ] ] ] } },
{ "type": "Feature", "properties": { "alcaldia": "MLP", "clave": "MLP-322", "n": "322" }, "geometry": { "type": "Polygon", "coordinates": [ [ [ -98.94279612856046, 19.169631321374389 ], [ -98.94574482733168, 19.174487936754435 ], [ -98.951645576403166, 19.174489585761524 ], [ -98.954597281024931, 19.16963461848993 ], [ -98.951648408540734, 19.164778142300126 ], [ -98.945748005078045, 19.164776494191624 ], [ -98.94279612856046, 19.169631321374389 ] ] ] } },
{ "type": "Feature", "properties": { "alcaldia": "MLP", "clave": "MLP-323", "n": "323" }, "geometry": { "type": "Polygon", "coordinates": [ [ [ -98.951642742552778, 19.184201018959691 ], [ -98.95459195914195, 19.189057485706385 ], [ -98.960493227849199, 19.189058851341823 ], [ -98.963444933974941, 19.184203749486844 ], [ -98.96049554367238, 19.179347422122618 ], [ -98.954594620887704, 19.179346057230862 ], [ -98.951642742552778, 19.184201018959691 ] ] ] } },
{ "type": "Feature", "properties": { "alcaldia": "TLH", "clave": "TLH-100", "n": "100" }, "geometry": { "type": "Polygon", "coordinates": [ [ [ -98.933927831921352, 19.213329728909308 ], [ -98.936877044559296, 19.218186465156251 ], [ -98.94277935046955, 19.218188403393032 ], [ -98.945732097122502, 19.213333604328675 ], [ -98.942782710143192, 19.208477007537955 ], [ -98.936880750782493, 19.208475070355323 ], [ -98.933927831921352, 19.213329728909308 ] ] ] } },
{ "type": "Feature", "properties": { "alcaldia": "CUJ", "clave": "CUJ-091", "n": "091" }, "geometry": { "type": "Polygon", "coordinates": [ [ [ -99.341233120683469, 19.242157721738305 ], [ -99.344194772683849, 19.247007791270381 ], [ -99.350098002417539, 19.246996593060398 ], [ -99.353039232935089, 19.242135331401165 ], [ -99.350077413518861, 19.237285405106039 ], [ -99.344174530931113, 19.237296597233517 ], [ -99.341233120683469, 19.242157721738305 ] ] ] } },
{ "type": "Feature", "properties": { "alcaldia": "CUJ", "clave": "CUJ-090", "n": "090" }, "geometry": { "type": "Polygon", "coordinates": [ [ [ -99.341253194915623, 19.251868913620548 ], [ -99.344215026647746, 19.256718974991621 ], [ -99.350118603736789, 19.256707770698441 ], [ -99.353060001668538, 19.251846511117705 ], [ -99.350098002417539, 19.246996593060398 ], [ -99.344194772683849, 19.247007791270381 ], [ -99.341253194915623, 19.251868913620548 ] ] ] } },
{ "type": "Feature", "properties": { "alcaldia": "CUJ", "clave": "CUJ-089", "n": "089" }, "geometry": { "type": "Polygon", "coordinates": [ [ [ -99.359005668993987, 19.271257340157451 ], [ -99.361968376006473, 19.276107089903455 ], [ -99.36787263579447, 19.27609530126179 ], [ -99.370813840729156, 19.271233769269418 ], [ -99.367850966307643, 19.266384163144114 ], [ -99.361947054290596, 19.266395945390819 ], [ -99.359005668993987, 19.271257340157451 ] ] ] } },
{ "type": "Feature", "properties": { "alcaldia": "TLH", "clave": "TLH-101", "n": "101" }, "geometry": { "type": "Polygon", "coordinates": [ [ [ -98.960469992562039, 19.286172577980427 ], [ -98.963421284060885, 19.291028852413422 ], [ -98.969326198266259, 19.291029939513731 ], [ -98.972279472781707, 19.286174751591677 ], [ -98.969328006625247, 19.281318617421423 ], [ -98.963423440541035, 19.28131753091046 ], [ -98.960469992562039, 19.286172577980427 ] ] ] } },
{ "type": "Feature", "properties": { "alcaldia": "CUJ", "clave": "CUJ-088", "n": "088" }, "geometry": { "type": "Polygon", "coordinates": [ [ [ -99.350242472672818, 19.314974619637962 ], [ -99.353205733748155, 19.31982447995922 ], [ -99.359111567506417, 19.319812949319118 ], [ -99.362053791403085, 19.314951564601067 ], [ -99.359090362296584, 19.310101848169811 ], [ -99.353184877254591, 19.310113372566931 ], [ -99.350242472672818, 19.314974619637962 ] ] ] } },
{ "type": "Feature", "properties": { "alcaldia": "TLH", "clave": "TLH-102", "n": "102" }, "geometry": { "type": "Polygon", "coordinates": [ [ [ -98.951600028942096, 19.329871282369197 ], [ -98.954551839635158, 19.334727678019217 ], [ -98.960458322305044, 19.334729054820155 ], [ -98.963412645146775, 19.329874035226062 ], [ -98.960460659166031, 19.325017780105252 ], [ -98.954554525561207, 19.325016404049272 ], [ -98.951600028942096, 19.329871282369197 ] ] ] } },
{ "type": "Feature", "properties": { "alcaldia": "CUJ", "clave": "CUJ-087", "n": "087" }, "geometry": { "type": "Polygon", "coordinates": [ [ [ -99.323753070230921, 19.35872370997005 ], [ -99.326716367403947, 19.363573977641671 ], [ -99.332623791280611, 19.363563281367821 ], [ -99.335567568248251, 19.35870232320277 ], [ -99.332604102104284, 19.35385219953697 ], [ -99.326697027893587, 19.353862890030705 ], [ -99.323753070230921, 19.35872370997005 ] ] ] } },
{ "type": "Feature", "properties": { "alcaldia": "CUJ", "clave": "CUJ-086", "n": "086" }, "geometry": { "type": "Polygon", "coordinates": [ [ [ -99.288343640131757, 19.378205496212345 ], [ -99.291306259319796, 19.383056339523197 ], [ -99.297214405361544, 19.383046782905094 ], [ -99.300159582052927, 19.378186388136278 ], [ -99.297196793053416, 19.373335688677585 ], [ -99.291288997103948, 19.373345240135819 ], [ -99.288343640131757, 19.378205496212345 ] ] ] } },
{ "type": "Feature", "properties": { "alcaldia": "CUJ", "clave": "CUJ-085", "n": "085" }, "geometry": { "type": "Polygon", "coordinates": [ [ [ -99.261796530112107, 19.402523460689029 ], [ -99.264758818575103, 19.407374727828543 ], [ -99.270667855774164, 19.407366022898934 ], [ -99.273614253818081, 19.402506055525073 ], [ -99.270651794809027, 19.39765493219906 ], [ -99.264743108231983, 19.397663632433641 ], [ -99.261796530112107, 19.402523460689029 ] ] ] } },
{ "type": "Feature", "properties": { "alcaldia": "MIH", "clave": "MIH-053", "n": "053" }, "geometry": { "type": "Polygon", "coordinates": [ [ [ -99.252940734821095, 19.40739156128976 ], [ -99.255902852527697, 19.412242972204126 ], [ -99.261812069803995, 19.412234553203472 ], [ -99.264758818575103, 19.407374727828543 ], [ -99.261796530112107, 19.402523460689029 ], [ -99.255887663564252, 19.402531875149823 ], [ -99.252940734821095, 19.40739156128976 ] ] ] } },
{ "type": "Feature", "properties": { "alcaldia": "MIH", "clave": "MIH-052", "n": "052" }, "geometry": { "type": "Polygon", "coordinates": [ [ [ -99.244084408933517, 19.412259233650044 ], [ -99.247046355673334, 19.4171107883007 ], [ -99.252955752922929, 19.4171026553853 ], [ -99.255902852527697, 19.412242972204126 ], [ -99.252940734821095, 19.40739156128976 ], [ -99.247031688406395, 19.407399689820505 ], [ -99.244084408933517, 19.412259233650044 ] ] ] } },
{ "type": "Feature", "properties": { "alcaldia": "MIH", "clave": "MIH-055", "n": "055" }, "geometry": { "type": "Polygon", "coordinates": [ [ [ -99.226383616789832, 19.431704389682409 ], [ -99.229345400625931, 19.436556224498041 ], [ -99.235255508768191, 19.436548660147277 ], [ -99.238203481746069, 19.431689265055756 ], [ -99.235241526418221, 19.426837573975924 ], [ -99.229331769534099, 19.426845134252016 ], [ -99.226383616789832, 19.431704389682409 ] ] ] } },
{ "type": "Feature", "properties": { "alcaldia": "MIH", "clave": "MIH-054", "n": "054" }, "geometry": { "type": "Polygon", "coordinates": [ [ [ -99.226397076284655, 19.441415476732708 ], [ -99.229359039888237, 19.4462673043544 ], [ -99.235269499499182, 19.446259735928493 ], [ -99.238217643967673, 19.441400343956243 ], [ -99.235255508768191, 19.436548660147277 ], [ -99.229345400625931, 19.436556224498041 ], [ -99.226397076284655, 19.441415476732708 ] ] ] } },
{ "type": "Feature", "properties": { "alcaldia": "MIH", "clave": "MIH-051", "n": "051" }, "geometry": { "type": "Polygon", "coordinates": [ [ [ -99.217551056638072, 19.455992940859439 ], [ -99.22051302820482, 19.460844905135648 ], [ -99.226424019475388, 19.460837619654004 ], [ -99.229372687323263, 19.45597837381667 ], [ -99.226410543845773, 19.451126553391344 ], [ -99.220499904360921, 19.451133834952682 ], [ -99.217551056638072, 19.455992940859439 ] ] ] } },
{ "type": "Feature", "properties": { "alcaldia": "GAM", "clave": "GAM-114", "n": "114" }, "geometry": { "type": "Polygon", "coordinates": [ [ [ -99.049096350366071, 19.470683484296931 ], [ -99.052053596302414, 19.475538219555396 ], [ -99.057965162814497, 19.475536424846183 ], [ -99.060919131205338, 19.470679895843674 ], [ -99.057961710192245, 19.46582530308055 ], [ -99.052050495794802, 19.46582709682464 ], [ -99.049096350366071, 19.470683484296931 ] ] ] } },
{ "type": "Feature", "properties": { "alcaldia": "AZC", "clave": "AZC-041", "n": "041" }, "geometry": { "type": "Polygon", "coordinates": [ [ [ -99.217589935390919, 19.485126110364316 ], [ -99.220552446905216, 19.489978053267755 ], [ -99.226464494797256, 19.489970756022498 ], [ -99.229413678686797, 19.485111519795659 ], [ -99.22645099494892, 19.480259720973955 ], [ -99.220539299474822, 19.48026701429756 ], [ -99.217589935390919, 19.485126110364316 ] ] ] } },
{ "type": "Feature", "properties": { "alcaldia": "GAM", "clave": "GAM-113", "n": "113" }, "geometry": { "type": "Polygon", "coordinates": [ [ [ -99.057975533084345, 19.504669727733532 ], [ -99.060933663304795, 19.509524297602155 ], [ -99.066846462817637, 19.509522209668102 ], [ -99.069800779187389, 19.504665552986626 ], [ -99.066842473680509, 19.499811125959717 ], [ -99.060930027020007, 19.499813212772626 ], [ -99.057975533084345, 19.504669727733532 ] ] ] } },
{ "type": "Feature", "properties": { "alcaldia": "GAM", "clave": "GAM-105", "n": "105" }, "geometry": { "type": "Polygon", "coordinates": [ [ [ -99.173297349338569, 19.528873644889298 ], [ -99.176259356023863, 19.533726294128027 ], [ -99.182173010381888, 19.533720430366557 ], [ -99.185124304612089, 19.528861920511837 ], [ -99.182162124439401, 19.524009415314591 ], [ -99.176248823453577, 19.524015275930754 ], [ -99.173297349338569, 19.528873644889298 ] ] ] } },
{ "type": "Feature", "properties": { "alcaldia": "GAM", "clave": "GAM-104", "n": "104" }, "geometry": { "type": "Polygon", "coordinates": [ [ [ -99.155566199678361, 19.538600803870846 ], [ -99.158527858755548, 19.543453741075652 ], [ -99.164441872780131, 19.543448454939579 ], [ -99.167393874072232, 19.538590234433123 ], [ -99.164432041085448, 19.533737441191853 ], [ -99.158518380645816, 19.533742724493649 ], [ -99.155566199678361, 19.538600803870846 ] ] ] } },
{ "type": "Feature", "properties": { "alcaldia": "GAM", "clave": "GAM-112", "n": "112" }, "geometry": { "type": "Polygon", "coordinates": [ [ [ -99.111215684540781, 19.543489060871114 ], [ -99.114176112917789, 19.548342729723171 ], [ -99.120090316252202, 19.54833889449678 ], [ -99.123043737445272, 19.543481392474359 ], [ -99.120083134312594, 19.538627867236983 ], [ -99.114169284672158, 19.538631700407464 ], [ -99.111215684540781, 19.543489060871114 ] ] ] } },
{ "type": "Feature", "properties": { "alcaldia": "GAM", "clave": "GAM-106", "n": "106" }, "geometry": { "type": "Polygon", "coordinates": [ [ [ -99.155584813423474, 19.558022818924901 ], [ -99.158546831959271, 19.562875742936903 ], [ -99.164461553787433, 19.562870451131278 ], [ -99.167413903002, 19.558012238148745 ], [ -99.164451710346938, 19.553159458254171 ], [ -99.158537342526174, 19.553164747224855 ], [ -99.155584813423474, 19.558022818924901 ] ] ] } },
{ "type": "Feature", "properties": { "alcaldia": "GAM", "clave": "GAM-111", "n": "111" }, "geometry": { "type": "Polygon", "coordinates": [ [ [ -99.102353826753529, 19.558060841925894 ], [ -99.105314258997424, 19.562914648224222 ], [ -99.111228995282048, 19.562911100613952 ], [ -99.114182945241012, 19.558053748605989 ], [ -99.111222337925156, 19.553200085960018 ], [ -99.105307955651895, 19.553203631669753 ], [ -99.102353826753529, 19.558060841925894 ] ] ] } },
{ "type": "Feature", "properties": { "alcaldia": "GAM", "clave": "GAM-107", "n": "107" }, "geometry": { "type": "Polygon", "coordinates": [ [ [ -99.137857675993502, 19.577459225739322 ], [ -99.140819525335928, 19.582312431423297 ], [ -99.14673496126855, 19.582307715966241 ], [ -99.149688193356766, 19.577449797349406 ], [ -99.146726169367511, 19.572596735781882 ], [ -99.140811087866439, 19.572601448714884 ], [ -99.137857675993502, 19.577459225739322 ] ] ] } },
{ "type": "Feature", "properties": { "alcaldia": "GAM", "clave": "GAM-110", "n": "110" }, "geometry": { "type": "Polygon", "coordinates": [ [ [ -99.102366086746571, 19.577482855978449 ], [ -99.105326876976491, 19.582336650011598 ], [ -99.111242321917786, 19.582333098599605 ], [ -99.114196622124723, 19.577475755055524 ], [ -99.111235656612564, 19.572622104828618 ], [ -99.105320566105291, 19.572625654339642 ], [ -99.102366086746571, 19.577482855978449 ] ] ] } },
{ "type": "Feature", "properties": { "alcaldia": "GAM", "clave": "GAM-108", "n": "108" }, "geometry": { "type": "Polygon", "coordinates": [ [ [ -99.128996381723326, 19.592032257312567 ], [ -99.131958235887865, 19.596885600702478 ], [ -99.137874206355278, 19.596881172703025 ], [ -99.140827967838305, 19.592023403682472 ], [ -99.137865938710476, 19.587170204446821 ], [ -99.131950322992438, 19.58717463007758 ], [ -99.128996381723326, 19.592032257312567 ] ] ] } },
{ "type": "Feature", "properties": { "alcaldia": "GAM", "clave": "GAM-109", "n": "109" }, "geometry": { "type": "Polygon", "coordinates": [ [ [ -99.120126290305819, 19.596893874211876 ], [ -99.123087969295582, 19.601747361717077 ], [ -99.12900411954972, 19.601743223855806 ], [ -99.131958235887865, 19.596885600702478 ], [ -99.128996381723326, 19.592032257312567 ], [ -99.123080586324946, 19.592036392960811 ], [ -99.120126290305819, 19.596893874211876 ] ] ] } }
]
}
